=================================================
  HERMES — Lodge Event Stream Listener
  LODGE_STREAM_URL   : https://hearth-lodge.preview.emergentagent.com/api/stream/public
  SLACK_BOT_TOKEN    : [set]
  SLACK_CHANNEL      : C0AV3HHP8P3
  Reconnect backoff  : 3000ms → 60000ms (exponential + jitter)
  START_TIME         : 2026-06-07T07:18:57.806Z
  PID                : 24588
=================================================
[CONNECT] attempt=1 last_event_id=none next_backoff=3855ms
[OPEN] Stream connected. Listening for events... (pid=24588, last_event_id=none)
[READY] backfilled 30 events · live tail begins (ts: 2026-06-07T07:18:58.239851+00:00)
[SKIP-BACKFILL] fellows.joined from agent-063963a59e03 (ts: 2026-06-07T03:09:41.364746+00:00 < start: 2026-06-07T07:18:57.806Z)
[SKIP-BACKFILL] fellows.joined from agent-9f25b6ac75c4 (ts: 2026-06-07T03:12:08.610817+00:00 < start: 2026-06-07T07:18:57.806Z)
[SKIP-BACKFILL] fellows.joined from agent-c834d5e5b078 (ts: 2026-06-07T03:12:13.625417+00:00 < start: 2026-06-07T07:18:57.806Z)
[SKIP-BACKFILL] fellows.joined from agent-2bd812de1b14 (ts: 2026-06-07T03:12:20.666666+00:00 < start: 2026-06-07T07:18:57.806Z)
[SKIP-BACKFILL] fellows.joined from agent-1ce976aacc6a (ts: 2026-06-07T03:19:09.712986+00:00 < start: 2026-06-07T07:18:57.806Z)
[SKIP-BACKFILL] fellows.joined from agent-f12e9cfc1c74 (ts: 2026-06-07T03:20:43.449171+00:00 < start: 2026-06-07T07:18:57.806Z)
[SKIP-BACKFILL] fellows.joined from agent-5836101ce6a0 (ts: 2026-06-07T03:20:48.449908+00:00 < start: 2026-06-07T07:18:57.806Z)
[SKIP-BACKFILL] fellows.joined from agent-b265127eacef (ts: 2026-06-07T03:20:55.504373+00:00 < start: 2026-06-07T07:18:57.806Z)
[SKIP-BACKFILL] fellows.joined from agent-091ddc8fc217 (ts: 2026-06-07T03:28:26.508756+00:00 < start: 2026-06-07T07:18:57.806Z)
[SKIP-BACKFILL] fellows.joined from agent-38bdd62a0d80 (ts: 2026-06-07T03:30:08.785819+00:00 < start: 2026-06-07T07:18:57.806Z)
[SKIP-BACKFILL] fellows.joined from agent-96f3e5280484 (ts: 2026-06-07T03:30:13.714626+00:00 < start: 2026-06-07T07:18:57.806Z)
[SKIP-BACKFILL] fellows.joined from agent-551fb91395c9 (ts: 2026-06-07T03:30:20.892741+00:00 < start: 2026-06-07T07:18:57.806Z)
[SKIP-BACKFILL] fellows.joined from agent-0b9cdcac873f (ts: 2026-06-07T03:37:01.745042+00:00 < start: 2026-06-07T07:18:57.806Z)
[SKIP-BACKFILL] fellows.joined from agent-460f48b359fc (ts: 2026-06-07T03:37:01.993597+00:00 < start: 2026-06-07T07:18:57.806Z)
[SKIP-BACKFILL] fellows.joined from agent-7748d1432bf0 (ts: 2026-06-07T03:37:02.298331+00:00 < start: 2026-06-07T07:18:57.806Z)
[SKIP-BACKFILL] fellows.joined from agent-4f752e22c475 (ts: 2026-06-07T03:38:04.854735+00:00 < start: 2026-06-07T07:18:57.806Z)
[SKIP-BACKFILL] fellows.joined from agent-f69770251904 (ts: 2026-06-07T03:40:31.916639+00:00 < start: 2026-06-07T07:18:57.806Z)
[SKIP-BACKFILL] fellows.joined from agent-0bf8ef15d8be (ts: 2026-06-07T03:40:36.963530+00:00 < start: 2026-06-07T07:18:57.806Z)
[SKIP-BACKFILL] fellows.joined from agent-6f511416da3c (ts: 2026-06-07T03:40:44.005379+00:00 < start: 2026-06-07T07:18:57.806Z)
[SKIP-BACKFILL] fellows.joined from agent-29bbc3e464ca (ts: 2026-06-07T03:45:05.777989+00:00 < start: 2026-06-07T07:18:57.806Z)
[SKIP-BACKFILL] fellows.joined from agent-78d9c02b11ec (ts: 2026-06-07T03:45:47.815905+00:00 < start: 2026-06-07T07:18:57.806Z)
[SKIP-BACKFILL] fellows.joined from agent-cfcf5eb3dff9 (ts: 2026-06-07T03:45:52.853585+00:00 < start: 2026-06-07T07:18:57.806Z)
[SKIP-BACKFILL] fellows.joined from agent-0d3ae6786e9d (ts: 2026-06-07T03:46:00.058316+00:00 < start: 2026-06-07T07:18:57.806Z)
[SKIP-BACKFILL] fellows.joined from agent-5b4e579d93e0 (ts: 2026-06-07T04:07:18.257165+00:00 < start: 2026-06-07T07:18:57.806Z)
[SKIP-BACKFILL] fellows.joined from agent-a79a4d97e78c (ts: 2026-06-07T04:07:57.914185+00:00 < start: 2026-06-07T07:18:57.806Z)
[SKIP-BACKFILL] fellows.joined from agent-ca49e8a935ff (ts: 2026-06-07T04:08:02.924371+00:00 < start: 2026-06-07T07:18:57.806Z)
[SKIP-BACKFILL] fellows.joined from agent-21f4f5e4b290 (ts: 2026-06-07T04:08:09.932471+00:00 < start: 2026-06-07T07:18:57.806Z)
[SKIP-BACKFILL] fellows.joined from agent-a578ab1edc32 (ts: 2026-06-07T06:22:24.341249+00:00 < start: 2026-06-07T07:18:57.806Z)
[SKIP-BACKFILL] fellows.joined from agent-48d8326a335c (ts: 2026-06-07T06:22:28.453733+00:00 < start: 2026-06-07T07:18:57.806Z)
[SKIP-BACKFILL] fellows.joined from agent-3a26459081c0 (ts: 2026-06-07T06:22:35.531547+00:00 < start: 2026-06-07T07:18:57.806Z)
[ERROR] Stream error: unknown . Reconnecting in 3855ms (attempt 1)...
[CONNECT] attempt=2 last_event_id=tick-4716 next_backoff=6447ms
[OPEN] Stream connected. Listening for events... (pid=24588, last_event_id=tick-4716)
[READY] backfilled 30 events · live tail begins (ts: 2026-06-07T07:20:02.210014+00:00)
[SKIP-BACKFILL] fellows.joined from agent-063963a59e03 (ts: 2026-06-07T03:09:41.364746+00:00 < start: 2026-06-07T07:18:57.806Z)
[SKIP-BACKFILL] fellows.joined from agent-9f25b6ac75c4 (ts: 2026-06-07T03:12:08.610817+00:00 < start: 2026-06-07T07:18:57.806Z)
[SKIP-BACKFILL] fellows.joined from agent-c834d5e5b078 (ts: 2026-06-07T03:12:13.625417+00:00 < start: 2026-06-07T07:18:57.806Z)
[SKIP-BACKFILL] fellows.joined from agent-2bd812de1b14 (ts: 2026-06-07T03:12:20.666666+00:00 < start: 2026-06-07T07:18:57.806Z)
[SKIP-BACKFILL] fellows.joined from agent-1ce976aacc6a (ts: 2026-06-07T03:19:09.712986+00:00 < start: 2026-06-07T07:18:57.806Z)
[SKIP-BACKFILL] fellows.joined from agent-f12e9cfc1c74 (ts: 2026-06-07T03:20:43.449171+00:00 < start: 2026-06-07T07:18:57.806Z)
[SKIP-BACKFILL] fellows.joined from agent-5836101ce6a0 (ts: 2026-06-07T03:20:48.449908+00:00 < start: 2026-06-07T07:18:57.806Z)
[SKIP-BACKFILL] fellows.joined from agent-b265127eacef (ts: 2026-06-07T03:20:55.504373+00:00 < start: 2026-06-07T07:18:57.806Z)
[SKIP-BACKFILL] fellows.joined from agent-091ddc8fc217 (ts: 2026-06-07T03:28:26.508756+00:00 < start: 2026-06-07T07:18:57.806Z)
[SKIP-BACKFILL] fellows.joined from agent-38bdd62a0d80 (ts: 2026-06-07T03:30:08.785819+00:00 < start: 2026-06-07T07:18:57.806Z)
[SKIP-BACKFILL] fellows.joined from agent-96f3e5280484 (ts: 2026-06-07T03:30:13.714626+00:00 < start: 2026-06-07T07:18:57.806Z)
[SKIP-BACKFILL] fellows.joined from agent-551fb91395c9 (ts: 2026-06-07T03:30:20.892741+00:00 < start: 2026-06-07T07:18:57.806Z)
[SKIP-BACKFILL] fellows.joined from agent-0b9cdcac873f (ts: 2026-06-07T03:37:01.745042+00:00 < start: 2026-06-07T07:18:57.806Z)
[SKIP-BACKFILL] fellows.joined from agent-460f48b359fc (ts: 2026-06-07T03:37:01.993597+00:00 < start: 2026-06-07T07:18:57.806Z)
[SKIP-BACKFILL] fellows.joined from agent-7748d1432bf0 (ts: 2026-06-07T03:37:02.298331+00:00 < start: 2026-06-07T07:18:57.806Z)
[SKIP-BACKFILL] fellows.joined from agent-4f752e22c475 (ts: 2026-06-07T03:38:04.854735+00:00 < start: 2026-06-07T07:18:57.806Z)
[SKIP-BACKFILL] fellows.joined from agent-f69770251904 (ts: 2026-06-07T03:40:31.916639+00:00 < start: 2026-06-07T07:18:57.806Z)
[SKIP-BACKFILL] fellows.joined from agent-0bf8ef15d8be (ts: 2026-06-07T03:40:36.963530+00:00 < start: 2026-06-07T07:18:57.806Z)
[SKIP-BACKFILL] fellows.joined from agent-6f511416da3c (ts: 2026-06-07T03:40:44.005379+00:00 < start: 2026-06-07T07:18:57.806Z)
[SKIP-BACKFILL] fellows.joined from agent-29bbc3e464ca (ts: 2026-06-07T03:45:05.777989+00:00 < start: 2026-06-07T07:18:57.806Z)
[SKIP-BACKFILL] fellows.joined from agent-78d9c02b11ec (ts: 2026-06-07T03:45:47.815905+00:00 < start: 2026-06-07T07:18:57.806Z)
[SKIP-BACKFILL] fellows.joined from agent-cfcf5eb3dff9 (ts: 2026-06-07T03:45:52.853585+00:00 < start: 2026-06-07T07:18:57.806Z)
[SKIP-BACKFILL] fellows.joined from agent-0d3ae6786e9d (ts: 2026-06-07T03:46:00.058316+00:00 < start: 2026-06-07T07:18:57.806Z)
[SKIP-BACKFILL] fellows.joined from agent-5b4e579d93e0 (ts: 2026-06-07T04:07:18.257165+00:00 < start: 2026-06-07T07:18:57.806Z)
[SKIP-BACKFILL] fellows.joined from agent-a79a4d97e78c (ts: 2026-06-07T04:07:57.914185+00:00 < start: 2026-06-07T07:18:57.806Z)
[SKIP-BACKFILL] fellows.joined from agent-ca49e8a935ff (ts: 2026-06-07T04:08:02.924371+00:00 < start: 2026-06-07T07:18:57.806Z)
[SKIP-BACKFILL] fellows.joined from agent-21f4f5e4b290 (ts: 2026-06-07T04:08:09.932471+00:00 < start: 2026-06-07T07:18:57.806Z)
[SKIP-BACKFILL] fellows.joined from agent-a578ab1edc32 (ts: 2026-06-07T06:22:24.341249+00:00 < start: 2026-06-07T07:18:57.806Z)
[SKIP-BACKFILL] fellows.joined from agent-48d8326a335c (ts: 2026-06-07T06:22:28.453733+00:00 < start: 2026-06-07T07:18:57.806Z)
[SKIP-BACKFILL] fellows.joined from agent-3a26459081c0 (ts: 2026-06-07T06:22:35.531547+00:00 < start: 2026-06-07T07:18:57.806Z)
[ERROR] Stream error: unknown . Reconnecting in 6447ms (attempt 1)...
[CONNECT] attempt=2 last_event_id=tick-4718 next_backoff=6536ms
[OPEN] Stream connected. Listening for events... (pid=24588, last_event_id=tick-4718)
[READY] backfilled 30 events · live tail begins (ts: 2026-06-07T07:21:08.838892+00:00)
[SKIP-BACKFILL] fellows.joined from agent-063963a59e03 (ts: 2026-06-07T03:09:41.364746+00:00 < start: 2026-06-07T07:18:57.806Z)
[SKIP-BACKFILL] fellows.joined from agent-9f25b6ac75c4 (ts: 2026-06-07T03:12:08.610817+00:00 < start: 2026-06-07T07:18:57.806Z)
[SKIP-BACKFILL] fellows.joined from agent-c834d5e5b078 (ts: 2026-06-07T03:12:13.625417+00:00 < start: 2026-06-07T07:18:57.806Z)
[SKIP-BACKFILL] fellows.joined from agent-2bd812de1b14 (ts: 2026-06-07T03:12:20.666666+00:00 < start: 2026-06-07T07:18:57.806Z)
[SKIP-BACKFILL] fellows.joined from agent-1ce976aacc6a (ts: 2026-06-07T03:19:09.712986+00:00 < start: 2026-06-07T07:18:57.806Z)
[SKIP-BACKFILL] fellows.joined from agent-f12e9cfc1c74 (ts: 2026-06-07T03:20:43.449171+00:00 < start: 2026-06-07T07:18:57.806Z)
[SKIP-BACKFILL] fellows.joined from agent-5836101ce6a0 (ts: 2026-06-07T03:20:48.449908+00:00 < start: 2026-06-07T07:18:57.806Z)
[SKIP-BACKFILL] fellows.joined from agent-b265127eacef (ts: 2026-06-07T03:20:55.504373+00:00 < start: 2026-06-07T07:18:57.806Z)
[SKIP-BACKFILL] fellows.joined from agent-091ddc8fc217 (ts: 2026-06-07T03:28:26.508756+00:00 < start: 2026-06-07T07:18:57.806Z)
[SKIP-BACKFILL] fellows.joined from agent-38bdd62a0d80 (ts: 2026-06-07T03:30:08.785819+00:00 < start: 2026-06-07T07:18:57.806Z)
[SKIP-BACKFILL] fellows.joined from agent-96f3e5280484 (ts: 2026-06-07T03:30:13.714626+00:00 < start: 2026-06-07T07:18:57.806Z)
[SKIP-BACKFILL] fellows.joined from agent-551fb91395c9 (ts: 2026-06-07T03:30:20.892741+00:00 < start: 2026-06-07T07:18:57.806Z)
[SKIP-BACKFILL] fellows.joined from agent-0b9cdcac873f (ts: 2026-06-07T03:37:01.745042+00:00 < start: 2026-06-07T07:18:57.806Z)
[SKIP-BACKFILL] fellows.joined from agent-460f48b359fc (ts: 2026-06-07T03:37:01.993597+00:00 < start: 2026-06-07T07:18:57.806Z)
[SKIP-BACKFILL] fellows.joined from agent-7748d1432bf0 (ts: 2026-06-07T03:37:02.298331+00:00 < start: 2026-06-07T07:18:57.806Z)
[SKIP-BACKFILL] fellows.joined from agent-4f752e22c475 (ts: 2026-06-07T03:38:04.854735+00:00 < start: 2026-06-07T07:18:57.806Z)
[SKIP-BACKFILL] fellows.joined from agent-f69770251904 (ts: 2026-06-07T03:40:31.916639+00:00 < start: 2026-06-07T07:18:57.806Z)
[SKIP-BACKFILL] fellows.joined from agent-0bf8ef15d8be (ts: 2026-06-07T03:40:36.963530+00:00 < start: 2026-06-07T07:18:57.806Z)
[SKIP-BACKFILL] fellows.joined from agent-6f511416da3c (ts: 2026-06-07T03:40:44.005379+00:00 < start: 2026-06-07T07:18:57.806Z)
[SKIP-BACKFILL] fellows.joined from agent-29bbc3e464ca (ts: 2026-06-07T03:45:05.777989+00:00 < start: 2026-06-07T07:18:57.806Z)
[SKIP-BACKFILL] fellows.joined from agent-78d9c02b11ec (ts: 2026-06-07T03:45:47.815905+00:00 < start: 2026-06-07T07:18:57.806Z)
[SKIP-BACKFILL] fellows.joined from agent-cfcf5eb3dff9 (ts: 2026-06-07T03:45:52.853585+00:00 < start: 2026-06-07T07:18:57.806Z)
[SKIP-BACKFILL] fellows.joined from agent-0d3ae6786e9d (ts: 2026-06-07T03:46:00.058316+00:00 < start: 2026-06-07T07:18:57.806Z)
[SKIP-BACKFILL] fellows.joined from agent-5b4e579d93e0 (ts: 2026-06-07T04:07:18.257165+00:00 < start: 2026-06-07T07:18:57.806Z)
[SKIP-BACKFILL] fellows.joined from agent-a79a4d97e78c (ts: 2026-06-07T04:07:57.914185+00:00 < start: 2026-06-07T07:18:57.806Z)
[SKIP-BACKFILL] fellows.joined from agent-ca49e8a935ff (ts: 2026-06-07T04:08:02.924371+00:00 < start: 2026-06-07T07:18:57.806Z)
[SKIP-BACKFILL] fellows.joined from agent-21f4f5e4b290 (ts: 2026-06-07T04:08:09.932471+00:00 < start: 2026-06-07T07:18:57.806Z)
[SKIP-BACKFILL] fellows.joined from agent-a578ab1edc32 (ts: 2026-06-07T06:22:24.341249+00:00 < start: 2026-06-07T07:18:57.806Z)
[SKIP-BACKFILL] fellows.joined from agent-48d8326a335c (ts: 2026-06-07T06:22:28.453733+00:00 < start: 2026-06-07T07:18:57.806Z)
[SKIP-BACKFILL] fellows.joined from agent-3a26459081c0 (ts: 2026-06-07T06:22:35.531547+00:00 < start: 2026-06-07T07:18:57.806Z)
[ERROR] Stream error: unknown . Reconnecting in 6536ms (attempt 1)...
[CONNECT] attempt=2 last_event_id=tick-4720 next_backoff=6267ms
[OPEN] Stream connected. Listening for events... (pid=24588, last_event_id=tick-4720)
[READY] backfilled 30 events · live tail begins (ts: 2026-06-07T07:22:15.556126+00:00)
[SKIP-BACKFILL] fellows.joined from agent-063963a59e03 (ts: 2026-06-07T03:09:41.364746+00:00 < start: 2026-06-07T07:18:57.806Z)
[SKIP-BACKFILL] fellows.joined from agent-9f25b6ac75c4 (ts: 2026-06-07T03:12:08.610817+00:00 < start: 2026-06-07T07:18:57.806Z)
[SKIP-BACKFILL] fellows.joined from agent-c834d5e5b078 (ts: 2026-06-07T03:12:13.625417+00:00 < start: 2026-06-07T07:18:57.806Z)
[SKIP-BACKFILL] fellows.joined from agent-2bd812de1b14 (ts: 2026-06-07T03:12:20.666666+00:00 < start: 2026-06-07T07:18:57.806Z)
[SKIP-BACKFILL] fellows.joined from agent-1ce976aacc6a (ts: 2026-06-07T03:19:09.712986+00:00 < start: 2026-06-07T07:18:57.806Z)
[SKIP-BACKFILL] fellows.joined from agent-f12e9cfc1c74 (ts: 2026-06-07T03:20:43.449171+00:00 < start: 2026-06-07T07:18:57.806Z)
[SKIP-BACKFILL] fellows.joined from agent-5836101ce6a0 (ts: 2026-06-07T03:20:48.449908+00:00 < start: 2026-06-07T07:18:57.806Z)
[SKIP-BACKFILL] fellows.joined from agent-b265127eacef (ts: 2026-06-07T03:20:55.504373+00:00 < start: 2026-06-07T07:18:57.806Z)
[SKIP-BACKFILL] fellows.joined from agent-091ddc8fc217 (ts: 2026-06-07T03:28:26.508756+00:00 < start: 2026-06-07T07:18:57.806Z)
[SKIP-BACKFILL] fellows.joined from agent-38bdd62a0d80 (ts: 2026-06-07T03:30:08.785819+00:00 < start: 2026-06-07T07:18:57.806Z)
[SKIP-BACKFILL] fellows.joined from agent-96f3e5280484 (ts: 2026-06-07T03:30:13.714626+00:00 < start: 2026-06-07T07:18:57.806Z)
[SKIP-BACKFILL] fellows.joined from agent-551fb91395c9 (ts: 2026-06-07T03:30:20.892741+00:00 < start: 2026-06-07T07:18:57.806Z)
[SKIP-BACKFILL] fellows.joined from agent-0b9cdcac873f (ts: 2026-06-07T03:37:01.745042+00:00 < start: 2026-06-07T07:18:57.806Z)
[SKIP-BACKFILL] fellows.joined from agent-460f48b359fc (ts: 2026-06-07T03:37:01.993597+00:00 < start: 2026-06-07T07:18:57.806Z)
[SKIP-BACKFILL] fellows.joined from agent-7748d1432bf0 (ts: 2026-06-07T03:37:02.298331+00:00 < start: 2026-06-07T07:18:57.806Z)
[SKIP-BACKFILL] fellows.joined from agent-4f752e22c475 (ts: 2026-06-07T03:38:04.854735+00:00 < start: 2026-06-07T07:18:57.806Z)
[SKIP-BACKFILL] fellows.joined from agent-f69770251904 (ts: 2026-06-07T03:40:31.916639+00:00 < start: 2026-06-07T07:18:57.806Z)
[SKIP-BACKFILL] fellows.joined from agent-0bf8ef15d8be (ts: 2026-06-07T03:40:36.963530+00:00 < start: 2026-06-07T07:18:57.806Z)
[SKIP-BACKFILL] fellows.joined from agent-6f511416da3c (ts: 2026-06-07T03:40:44.005379+00:00 < start: 2026-06-07T07:18:57.806Z)
[SKIP-BACKFILL] fellows.joined from agent-29bbc3e464ca (ts: 2026-06-07T03:45:05.777989+00:00 < start: 2026-06-07T07:18:57.806Z)
[SKIP-BACKFILL] fellows.joined from agent-78d9c02b11ec (ts: 2026-06-07T03:45:47.815905+00:00 < start: 2026-06-07T07:18:57.806Z)
[SKIP-BACKFILL] fellows.joined from agent-cfcf5eb3dff9 (ts: 2026-06-07T03:45:52.853585+00:00 < start: 2026-06-07T07:18:57.806Z)
[SKIP-BACKFILL] fellows.joined from agent-0d3ae6786e9d (ts: 2026-06-07T03:46:00.058316+00:00 < start: 2026-06-07T07:18:57.806Z)
[SKIP-BACKFILL] fellows.joined from agent-5b4e579d93e0 (ts: 2026-06-07T04:07:18.257165+00:00 < start: 2026-06-07T07:18:57.806Z)
[SKIP-BACKFILL] fellows.joined from agent-a79a4d97e78c (ts: 2026-06-07T04:07:57.914185+00:00 < start: 2026-06-07T07:18:57.806Z)
[SKIP-BACKFILL] fellows.joined from agent-ca49e8a935ff (ts: 2026-06-07T04:08:02.924371+00:00 < start: 2026-06-07T07:18:57.806Z)
[SKIP-BACKFILL] fellows.joined from agent-21f4f5e4b290 (ts: 2026-06-07T04:08:09.932471+00:00 < start: 2026-06-07T07:18:57.806Z)
[SKIP-BACKFILL] fellows.joined from agent-a578ab1edc32 (ts: 2026-06-07T06:22:24.341249+00:00 < start: 2026-06-07T07:18:57.806Z)
[SKIP-BACKFILL] fellows.joined from agent-48d8326a335c (ts: 2026-06-07T06:22:28.453733+00:00 < start: 2026-06-07T07:18:57.806Z)
[SKIP-BACKFILL] fellows.joined from agent-3a26459081c0 (ts: 2026-06-07T06:22:35.531547+00:00 < start: 2026-06-07T07:18:57.806Z)
[ERROR] Stream error: unknown . Reconnecting in 6267ms (attempt 1)...
[CONNECT] attempt=2 last_event_id=tick-4722 next_backoff=6160ms
[OPEN] Stream connected. Listening for events... (pid=24588, last_event_id=tick-4722)
[READY] backfilled 30 events · live tail begins (ts: 2026-06-07T07:23:22.002259+00:00)
[SKIP-BACKFILL] fellows.joined from agent-063963a59e03 (ts: 2026-06-07T03:09:41.364746+00:00 < start: 2026-06-07T07:18:57.806Z)
[SKIP-BACKFILL] fellows.joined from agent-9f25b6ac75c4 (ts: 2026-06-07T03:12:08.610817+00:00 < start: 2026-06-07T07:18:57.806Z)
[SKIP-BACKFILL] fellows.joined from agent-c834d5e5b078 (ts: 2026-06-07T03:12:13.625417+00:00 < start: 2026-06-07T07:18:57.806Z)
[SKIP-BACKFILL] fellows.joined from agent-2bd812de1b14 (ts: 2026-06-07T03:12:20.666666+00:00 < start: 2026-06-07T07:18:57.806Z)
[SKIP-BACKFILL] fellows.joined from agent-1ce976aacc6a (ts: 2026-06-07T03:19:09.712986+00:00 < start: 2026-06-07T07:18:57.806Z)
[SKIP-BACKFILL] fellows.joined from agent-f12e9cfc1c74 (ts: 2026-06-07T03:20:43.449171+00:00 < start: 2026-06-07T07:18:57.806Z)
[SKIP-BACKFILL] fellows.joined from agent-5836101ce6a0 (ts: 2026-06-07T03:20:48.449908+00:00 < start: 2026-06-07T07:18:57.806Z)
[SKIP-BACKFILL] fellows.joined from agent-b265127eacef (ts: 2026-06-07T03:20:55.504373+00:00 < start: 2026-06-07T07:18:57.806Z)
[SKIP-BACKFILL] fellows.joined from agent-091ddc8fc217 (ts: 2026-06-07T03:28:26.508756+00:00 < start: 2026-06-07T07:18:57.806Z)
[SKIP-BACKFILL] fellows.joined from agent-38bdd62a0d80 (ts: 2026-06-07T03:30:08.785819+00:00 < start: 2026-06-07T07:18:57.806Z)
[SKIP-BACKFILL] fellows.joined from agent-96f3e5280484 (ts: 2026-06-07T03:30:13.714626+00:00 < start: 2026-06-07T07:18:57.806Z)
[SKIP-BACKFILL] fellows.joined from agent-551fb91395c9 (ts: 2026-06-07T03:30:20.892741+00:00 < start: 2026-06-07T07:18:57.806Z)
[SKIP-BACKFILL] fellows.joined from agent-0b9cdcac873f (ts: 2026-06-07T03:37:01.745042+00:00 < start: 2026-06-07T07:18:57.806Z)
[SKIP-BACKFILL] fellows.joined from agent-460f48b359fc (ts: 2026-06-07T03:37:01.993597+00:00 < start: 2026-06-07T07:18:57.806Z)
[SKIP-BACKFILL] fellows.joined from agent-7748d1432bf0 (ts: 2026-06-07T03:37:02.298331+00:00 < start: 2026-06-07T07:18:57.806Z)
[SKIP-BACKFILL] fellows.joined from agent-4f752e22c475 (ts: 2026-06-07T03:38:04.854735+00:00 < start: 2026-06-07T07:18:57.806Z)
[SKIP-BACKFILL] fellows.joined from agent-f69770251904 (ts: 2026-06-07T03:40:31.916639+00:00 < start: 2026-06-07T07:18:57.806Z)
[SKIP-BACKFILL] fellows.joined from agent-0bf8ef15d8be (ts: 2026-06-07T03:40:36.963530+00:00 < start: 2026-06-07T07:18:57.806Z)
[SKIP-BACKFILL] fellows.joined from agent-6f511416da3c (ts: 2026-06-07T03:40:44.005379+00:00 < start: 2026-06-07T07:18:57.806Z)
[SKIP-BACKFILL] fellows.joined from agent-29bbc3e464ca (ts: 2026-06-07T03:45:05.777989+00:00 < start: 2026-06-07T07:18:57.806Z)
[SKIP-BACKFILL] fellows.joined from agent-78d9c02b11ec (ts: 2026-06-07T03:45:47.815905+00:00 < start: 2026-06-07T07:18:57.806Z)
[SKIP-BACKFILL] fellows.joined from agent-cfcf5eb3dff9 (ts: 2026-06-07T03:45:52.853585+00:00 < start: 2026-06-07T07:18:57.806Z)
[SKIP-BACKFILL] fellows.joined from agent-0d3ae6786e9d (ts: 2026-06-07T03:46:00.058316+00:00 < start: 2026-06-07T07:18:57.806Z)
[SKIP-BACKFILL] fellows.joined from agent-5b4e579d93e0 (ts: 2026-06-07T04:07:18.257165+00:00 < start: 2026-06-07T07:18:57.806Z)
[SKIP-BACKFILL] fellows.joined from agent-a79a4d97e78c (ts: 2026-06-07T04:07:57.914185+00:00 < start: 2026-06-07T07:18:57.806Z)
[SKIP-BACKFILL] fellows.joined from agent-ca49e8a935ff (ts: 2026-06-07T04:08:02.924371+00:00 < start: 2026-06-07T07:18:57.806Z)
[SKIP-BACKFILL] fellows.joined from agent-21f4f5e4b290 (ts: 2026-06-07T04:08:09.932471+00:00 < start: 2026-06-07T07:18:57.806Z)
[SKIP-BACKFILL] fellows.joined from agent-a578ab1edc32 (ts: 2026-06-07T06:22:24.341249+00:00 < start: 2026-06-07T07:18:57.806Z)
[SKIP-BACKFILL] fellows.joined from agent-48d8326a335c (ts: 2026-06-07T06:22:28.453733+00:00 < start: 2026-06-07T07:18:57.806Z)
[SKIP-BACKFILL] fellows.joined from agent-3a26459081c0 (ts: 2026-06-07T06:22:35.531547+00:00 < start: 2026-06-07T07:18:57.806Z)
[ERROR] Stream error: unknown . Reconnecting in 6160ms (attempt 1)...
[CONNECT] attempt=2 last_event_id=tick-4725 next_backoff=6660ms
[OPEN] Stream connected. Listening for events... (pid=24588, last_event_id=tick-4725)
[READY] backfilled 30 events · live tail begins (ts: 2026-06-07T07:24:28.379217+00:00)
[SKIP-BACKFILL] fellows.joined from agent-063963a59e03 (ts: 2026-06-07T03:09:41.364746+00:00 < start: 2026-06-07T07:18:57.806Z)
[SKIP-BACKFILL] fellows.joined from agent-9f25b6ac75c4 (ts: 2026-06-07T03:12:08.610817+00:00 < start: 2026-06-07T07:18:57.806Z)
[SKIP-BACKFILL] fellows.joined from agent-c834d5e5b078 (ts: 2026-06-07T03:12:13.625417+00:00 < start: 2026-06-07T07:18:57.806Z)
[SKIP-BACKFILL] fellows.joined from agent-2bd812de1b14 (ts: 2026-06-07T03:12:20.666666+00:00 < start: 2026-06-07T07:18:57.806Z)
[SKIP-BACKFILL] fellows.joined from agent-1ce976aacc6a (ts: 2026-06-07T03:19:09.712986+00:00 < start: 2026-06-07T07:18:57.806Z)
[SKIP-BACKFILL] fellows.joined from agent-f12e9cfc1c74 (ts: 2026-06-07T03:20:43.449171+00:00 < start: 2026-06-07T07:18:57.806Z)
[SKIP-BACKFILL] fellows.joined from agent-5836101ce6a0 (ts: 2026-06-07T03:20:48.449908+00:00 < start: 2026-06-07T07:18:57.806Z)
[SKIP-BACKFILL] fellows.joined from agent-b265127eacef (ts: 2026-06-07T03:20:55.504373+00:00 < start: 2026-06-07T07:18:57.806Z)
[SKIP-BACKFILL] fellows.joined from agent-091ddc8fc217 (ts: 2026-06-07T03:28:26.508756+00:00 < start: 2026-06-07T07:18:57.806Z)
[SKIP-BACKFILL] fellows.joined from agent-38bdd62a0d80 (ts: 2026-06-07T03:30:08.785819+00:00 < start: 2026-06-07T07:18:57.806Z)
[SKIP-BACKFILL] fellows.joined from agent-96f3e5280484 (ts: 2026-06-07T03:30:13.714626+00:00 < start: 2026-06-07T07:18:57.806Z)
[SKIP-BACKFILL] fellows.joined from agent-551fb91395c9 (ts: 2026-06-07T03:30:20.892741+00:00 < start: 2026-06-07T07:18:57.806Z)
[SKIP-BACKFILL] fellows.joined from agent-0b9cdcac873f (ts: 2026-06-07T03:37:01.745042+00:00 < start: 2026-06-07T07:18:57.806Z)
[SKIP-BACKFILL] fellows.joined from agent-460f48b359fc (ts: 2026-06-07T03:37:01.993597+00:00 < start: 2026-06-07T07:18:57.806Z)
[SKIP-BACKFILL] fellows.joined from agent-7748d1432bf0 (ts: 2026-06-07T03:37:02.298331+00:00 < start: 2026-06-07T07:18:57.806Z)
[SKIP-BACKFILL] fellows.joined from agent-4f752e22c475 (ts: 2026-06-07T03:38:04.854735+00:00 < start: 2026-06-07T07:18:57.806Z)
[SKIP-BACKFILL] fellows.joined from agent-f69770251904 (ts: 2026-06-07T03:40:31.916639+00:00 < start: 2026-06-07T07:18:57.806Z)
[SKIP-BACKFILL] fellows.joined from agent-0bf8ef15d8be (ts: 2026-06-07T03:40:36.963530+00:00 < start: 2026-06-07T07:18:57.806Z)
[SKIP-BACKFILL] fellows.joined from agent-6f511416da3c (ts: 2026-06-07T03:40:44.005379+00:00 < start: 2026-06-07T07:18:57.806Z)
[SKIP-BACKFILL] fellows.joined from agent-29bbc3e464ca (ts: 2026-06-07T03:45:05.777989+00:00 < start: 2026-06-07T07:18:57.806Z)
[SKIP-BACKFILL] fellows.joined from agent-78d9c02b11ec (ts: 2026-06-07T03:45:47.815905+00:00 < start: 2026-06-07T07:18:57.806Z)
[SKIP-BACKFILL] fellows.joined from agent-cfcf5eb3dff9 (ts: 2026-06-07T03:45:52.853585+00:00 < start: 2026-06-07T07:18:57.806Z)
[SKIP-BACKFILL] fellows.joined from agent-0d3ae6786e9d (ts: 2026-06-07T03:46:00.058316+00:00 < start: 2026-06-07T07:18:57.806Z)
[SKIP-BACKFILL] fellows.joined from agent-5b4e579d93e0 (ts: 2026-06-07T04:07:18.257165+00:00 < start: 2026-06-07T07:18:57.806Z)
[SKIP-BACKFILL] fellows.joined from agent-a79a4d97e78c (ts: 2026-06-07T04:07:57.914185+00:00 < start: 2026-06-07T07:18:57.806Z)
[SKIP-BACKFILL] fellows.joined from agent-ca49e8a935ff (ts: 2026-06-07T04:08:02.924371+00:00 < start: 2026-06-07T07:18:57.806Z)
[SKIP-BACKFILL] fellows.joined from agent-21f4f5e4b290 (ts: 2026-06-07T04:08:09.932471+00:00 < start: 2026-06-07T07:18:57.806Z)
[SKIP-BACKFILL] fellows.joined from agent-a578ab1edc32 (ts: 2026-06-07T06:22:24.341249+00:00 < start: 2026-06-07T07:18:57.806Z)
[SKIP-BACKFILL] fellows.joined from agent-48d8326a335c (ts: 2026-06-07T06:22:28.453733+00:00 < start: 2026-06-07T07:18:57.806Z)
[SKIP-BACKFILL] fellows.joined from agent-3a26459081c0 (ts: 2026-06-07T06:22:35.531547+00:00 < start: 2026-06-07T07:18:57.806Z)
[ERROR] Stream error: unknown . Reconnecting in 6660ms (attempt 1)...
[CONNECT] attempt=2 last_event_id=tick-4727 next_backoff=6120ms
[OPEN] Stream connected. Listening for events... (pid=24588, last_event_id=tick-4727)
[READY] backfilled 30 events · live tail begins (ts: 2026-06-07T07:25:35.214975+00:00)
[SKIP-BACKFILL] fellows.joined from agent-063963a59e03 (ts: 2026-06-07T03:09:41.364746+00:00 < start: 2026-06-07T07:18:57.806Z)
[SKIP-BACKFILL] fellows.joined from agent-9f25b6ac75c4 (ts: 2026-06-07T03:12:08.610817+00:00 < start: 2026-06-07T07:18:57.806Z)
[SKIP-BACKFILL] fellows.joined from agent-c834d5e5b078 (ts: 2026-06-07T03:12:13.625417+00:00 < start: 2026-06-07T07:18:57.806Z)
[SKIP-BACKFILL] fellows.joined from agent-2bd812de1b14 (ts: 2026-06-07T03:12:20.666666+00:00 < start: 2026-06-07T07:18:57.806Z)
[SKIP-BACKFILL] fellows.joined from agent-1ce976aacc6a (ts: 2026-06-07T03:19:09.712986+00:00 < start: 2026-06-07T07:18:57.806Z)
[SKIP-BACKFILL] fellows.joined from agent-f12e9cfc1c74 (ts: 2026-06-07T03:20:43.449171+00:00 < start: 2026-06-07T07:18:57.806Z)
[SKIP-BACKFILL] fellows.joined from agent-5836101ce6a0 (ts: 2026-06-07T03:20:48.449908+00:00 < start: 2026-06-07T07:18:57.806Z)
[SKIP-BACKFILL] fellows.joined from agent-b265127eacef (ts: 2026-06-07T03:20:55.504373+00:00 < start: 2026-06-07T07:18:57.806Z)
[SKIP-BACKFILL] fellows.joined from agent-091ddc8fc217 (ts: 2026-06-07T03:28:26.508756+00:00 < start: 2026-06-07T07:18:57.806Z)
[SKIP-BACKFILL] fellows.joined from agent-38bdd62a0d80 (ts: 2026-06-07T03:30:08.785819+00:00 < start: 2026-06-07T07:18:57.806Z)
[SKIP-BACKFILL] fellows.joined from agent-96f3e5280484 (ts: 2026-06-07T03:30:13.714626+00:00 < start: 2026-06-07T07:18:57.806Z)
[SKIP-BACKFILL] fellows.joined from agent-551fb91395c9 (ts: 2026-06-07T03:30:20.892741+00:00 < start: 2026-06-07T07:18:57.806Z)
[SKIP-BACKFILL] fellows.joined from agent-0b9cdcac873f (ts: 2026-06-07T03:37:01.745042+00:00 < start: 2026-06-07T07:18:57.806Z)
[SKIP-BACKFILL] fellows.joined from agent-460f48b359fc (ts: 2026-06-07T03:37:01.993597+00:00 < start: 2026-06-07T07:18:57.806Z)
[SKIP-BACKFILL] fellows.joined from agent-7748d1432bf0 (ts: 2026-06-07T03:37:02.298331+00:00 < start: 2026-06-07T07:18:57.806Z)
[SKIP-BACKFILL] fellows.joined from agent-4f752e22c475 (ts: 2026-06-07T03:38:04.854735+00:00 < start: 2026-06-07T07:18:57.806Z)
[SKIP-BACKFILL] fellows.joined from agent-f69770251904 (ts: 2026-06-07T03:40:31.916639+00:00 < start: 2026-06-07T07:18:57.806Z)
[SKIP-BACKFILL] fellows.joined from agent-0bf8ef15d8be (ts: 2026-06-07T03:40:36.963530+00:00 < start: 2026-06-07T07:18:57.806Z)
[SKIP-BACKFILL] fellows.joined from agent-6f511416da3c (ts: 2026-06-07T03:40:44.005379+00:00 < start: 2026-06-07T07:18:57.806Z)
[SKIP-BACKFILL] fellows.joined from agent-29bbc3e464ca (ts: 2026-06-07T03:45:05.777989+00:00 < start: 2026-06-07T07:18:57.806Z)
[SKIP-BACKFILL] fellows.joined from agent-78d9c02b11ec (ts: 2026-06-07T03:45:47.815905+00:00 < start: 2026-06-07T07:18:57.806Z)
[SKIP-BACKFILL] fellows.joined from agent-cfcf5eb3dff9 (ts: 2026-06-07T03:45:52.853585+00:00 < start: 2026-06-07T07:18:57.806Z)
[SKIP-BACKFILL] fellows.joined from agent-0d3ae6786e9d (ts: 2026-06-07T03:46:00.058316+00:00 < start: 2026-06-07T07:18:57.806Z)
[SKIP-BACKFILL] fellows.joined from agent-5b4e579d93e0 (ts: 2026-06-07T04:07:18.257165+00:00 < start: 2026-06-07T07:18:57.806Z)
[SKIP-BACKFILL] fellows.joined from agent-a79a4d97e78c (ts: 2026-06-07T04:07:57.914185+00:00 < start: 2026-06-07T07:18:57.806Z)
[SKIP-BACKFILL] fellows.joined from agent-ca49e8a935ff (ts: 2026-06-07T04:08:02.924371+00:00 < start: 2026-06-07T07:18:57.806Z)
[SKIP-BACKFILL] fellows.joined from agent-21f4f5e4b290 (ts: 2026-06-07T04:08:09.932471+00:00 < start: 2026-06-07T07:18:57.806Z)
[SKIP-BACKFILL] fellows.joined from agent-a578ab1edc32 (ts: 2026-06-07T06:22:24.341249+00:00 < start: 2026-06-07T07:18:57.806Z)
[SKIP-BACKFILL] fellows.joined from agent-48d8326a335c (ts: 2026-06-07T06:22:28.453733+00:00 < start: 2026-06-07T07:18:57.806Z)
[SKIP-BACKFILL] fellows.joined from agent-3a26459081c0 (ts: 2026-06-07T06:22:35.531547+00:00 < start: 2026-06-07T07:18:57.806Z)
[ERROR] Stream error: unknown . Reconnecting in 6120ms (attempt 1)...
[CONNECT] attempt=2 last_event_id=tick-4729 next_backoff=6464ms
[OPEN] Stream connected. Listening for events... (pid=24588, last_event_id=tick-4729)
[READY] backfilled 30 events · live tail begins (ts: 2026-06-07T07:26:41.521784+00:00)
[SKIP-BACKFILL] fellows.joined from agent-063963a59e03 (ts: 2026-06-07T03:09:41.364746+00:00 < start: 2026-06-07T07:18:57.806Z)
[SKIP-BACKFILL] fellows.joined from agent-9f25b6ac75c4 (ts: 2026-06-07T03:12:08.610817+00:00 < start: 2026-06-07T07:18:57.806Z)
[SKIP-BACKFILL] fellows.joined from agent-c834d5e5b078 (ts: 2026-06-07T03:12:13.625417+00:00 < start: 2026-06-07T07:18:57.806Z)
[SKIP-BACKFILL] fellows.joined from agent-2bd812de1b14 (ts: 2026-06-07T03:12:20.666666+00:00 < start: 2026-06-07T07:18:57.806Z)
[SKIP-BACKFILL] fellows.joined from agent-1ce976aacc6a (ts: 2026-06-07T03:19:09.712986+00:00 < start: 2026-06-07T07:18:57.806Z)
[SKIP-BACKFILL] fellows.joined from agent-f12e9cfc1c74 (ts: 2026-06-07T03:20:43.449171+00:00 < start: 2026-06-07T07:18:57.806Z)
[SKIP-BACKFILL] fellows.joined from agent-5836101ce6a0 (ts: 2026-06-07T03:20:48.449908+00:00 < start: 2026-06-07T07:18:57.806Z)
[SKIP-BACKFILL] fellows.joined from agent-b265127eacef (ts: 2026-06-07T03:20:55.504373+00:00 < start: 2026-06-07T07:18:57.806Z)
[SKIP-BACKFILL] fellows.joined from agent-091ddc8fc217 (ts: 2026-06-07T03:28:26.508756+00:00 < start: 2026-06-07T07:18:57.806Z)
[SKIP-BACKFILL] fellows.joined from agent-38bdd62a0d80 (ts: 2026-06-07T03:30:08.785819+00:00 < start: 2026-06-07T07:18:57.806Z)
[SKIP-BACKFILL] fellows.joined from agent-96f3e5280484 (ts: 2026-06-07T03:30:13.714626+00:00 < start: 2026-06-07T07:18:57.806Z)
[SKIP-BACKFILL] fellows.joined from agent-551fb91395c9 (ts: 2026-06-07T03:30:20.892741+00:00 < start: 2026-06-07T07:18:57.806Z)
[SKIP-BACKFILL] fellows.joined from agent-0b9cdcac873f (ts: 2026-06-07T03:37:01.745042+00:00 < start: 2026-06-07T07:18:57.806Z)
[SKIP-BACKFILL] fellows.joined from agent-460f48b359fc (ts: 2026-06-07T03:37:01.993597+00:00 < start: 2026-06-07T07:18:57.806Z)
[SKIP-BACKFILL] fellows.joined from agent-7748d1432bf0 (ts: 2026-06-07T03:37:02.298331+00:00 < start: 2026-06-07T07:18:57.806Z)
[SKIP-BACKFILL] fellows.joined from agent-4f752e22c475 (ts: 2026-06-07T03:38:04.854735+00:00 < start: 2026-06-07T07:18:57.806Z)
[SKIP-BACKFILL] fellows.joined from agent-f69770251904 (ts: 2026-06-07T03:40:31.916639+00:00 < start: 2026-06-07T07:18:57.806Z)
[SKIP-BACKFILL] fellows.joined from agent-0bf8ef15d8be (ts: 2026-06-07T03:40:36.963530+00:00 < start: 2026-06-07T07:18:57.806Z)
[SKIP-BACKFILL] fellows.joined from agent-6f511416da3c (ts: 2026-06-07T03:40:44.005379+00:00 < start: 2026-06-07T07:18:57.806Z)
[SKIP-BACKFILL] fellows.joined from agent-29bbc3e464ca (ts: 2026-06-07T03:45:05.777989+00:00 < start: 2026-06-07T07:18:57.806Z)
[SKIP-BACKFILL] fellows.joined from agent-78d9c02b11ec (ts: 2026-06-07T03:45:47.815905+00:00 < start: 2026-06-07T07:18:57.806Z)
[SKIP-BACKFILL] fellows.joined from agent-cfcf5eb3dff9 (ts: 2026-06-07T03:45:52.853585+00:00 < start: 2026-06-07T07:18:57.806Z)
[SKIP-BACKFILL] fellows.joined from agent-0d3ae6786e9d (ts: 2026-06-07T03:46:00.058316+00:00 < start: 2026-06-07T07:18:57.806Z)
[SKIP-BACKFILL] fellows.joined from agent-5b4e579d93e0 (ts: 2026-06-07T04:07:18.257165+00:00 < start: 2026-06-07T07:18:57.806Z)
[SKIP-BACKFILL] fellows.joined from agent-a79a4d97e78c (ts: 2026-06-07T04:07:57.914185+00:00 < start: 2026-06-07T07:18:57.806Z)
[SKIP-BACKFILL] fellows.joined from agent-ca49e8a935ff (ts: 2026-06-07T04:08:02.924371+00:00 < start: 2026-06-07T07:18:57.806Z)
[SKIP-BACKFILL] fellows.joined from agent-21f4f5e4b290 (ts: 2026-06-07T04:08:09.932471+00:00 < start: 2026-06-07T07:18:57.806Z)
[SKIP-BACKFILL] fellows.joined from agent-a578ab1edc32 (ts: 2026-06-07T06:22:24.341249+00:00 < start: 2026-06-07T07:18:57.806Z)
[SKIP-BACKFILL] fellows.joined from agent-48d8326a335c (ts: 2026-06-07T06:22:28.453733+00:00 < start: 2026-06-07T07:18:57.806Z)
[SKIP-BACKFILL] fellows.joined from agent-3a26459081c0 (ts: 2026-06-07T06:22:35.531547+00:00 < start: 2026-06-07T07:18:57.806Z)
[ERROR] Stream error: unknown . Reconnecting in 6464ms (attempt 1)...
[CONNECT] attempt=2 last_event_id=tick-4731 next_backoff=6889ms
[OPEN] Stream connected. Listening for events... (pid=24588, last_event_id=tick-4731)
[READY] backfilled 30 events · live tail begins (ts: 2026-06-07T07:27:48.188076+00:00)
[SKIP-BACKFILL] fellows.joined from agent-063963a59e03 (ts: 2026-06-07T03:09:41.364746+00:00 < start: 2026-06-07T07:18:57.806Z)
[SKIP-BACKFILL] fellows.joined from agent-9f25b6ac75c4 (ts: 2026-06-07T03:12:08.610817+00:00 < start: 2026-06-07T07:18:57.806Z)
[SKIP-BACKFILL] fellows.joined from agent-c834d5e5b078 (ts: 2026-06-07T03:12:13.625417+00:00 < start: 2026-06-07T07:18:57.806Z)
[SKIP-BACKFILL] fellows.joined from agent-2bd812de1b14 (ts: 2026-06-07T03:12:20.666666+00:00 < start: 2026-06-07T07:18:57.806Z)
[SKIP-BACKFILL] fellows.joined from agent-1ce976aacc6a (ts: 2026-06-07T03:19:09.712986+00:00 < start: 2026-06-07T07:18:57.806Z)
[SKIP-BACKFILL] fellows.joined from agent-f12e9cfc1c74 (ts: 2026-06-07T03:20:43.449171+00:00 < start: 2026-06-07T07:18:57.806Z)
[SKIP-BACKFILL] fellows.joined from agent-5836101ce6a0 (ts: 2026-06-07T03:20:48.449908+00:00 < start: 2026-06-07T07:18:57.806Z)
[SKIP-BACKFILL] fellows.joined from agent-b265127eacef (ts: 2026-06-07T03:20:55.504373+00:00 < start: 2026-06-07T07:18:57.806Z)
[SKIP-BACKFILL] fellows.joined from agent-091ddc8fc217 (ts: 2026-06-07T03:28:26.508756+00:00 < start: 2026-06-07T07:18:57.806Z)
[SKIP-BACKFILL] fellows.joined from agent-38bdd62a0d80 (ts: 2026-06-07T03:30:08.785819+00:00 < start: 2026-06-07T07:18:57.806Z)
[SKIP-BACKFILL] fellows.joined from agent-96f3e5280484 (ts: 2026-06-07T03:30:13.714626+00:00 < start: 2026-06-07T07:18:57.806Z)
[SKIP-BACKFILL] fellows.joined from agent-551fb91395c9 (ts: 2026-06-07T03:30:20.892741+00:00 < start: 2026-06-07T07:18:57.806Z)
[SKIP-BACKFILL] fellows.joined from agent-0b9cdcac873f (ts: 2026-06-07T03:37:01.745042+00:00 < start: 2026-06-07T07:18:57.806Z)
[SKIP-BACKFILL] fellows.joined from agent-460f48b359fc (ts: 2026-06-07T03:37:01.993597+00:00 < start: 2026-06-07T07:18:57.806Z)
[SKIP-BACKFILL] fellows.joined from agent-7748d1432bf0 (ts: 2026-06-07T03:37:02.298331+00:00 < start: 2026-06-07T07:18:57.806Z)
[SKIP-BACKFILL] fellows.joined from agent-4f752e22c475 (ts: 2026-06-07T03:38:04.854735+00:00 < start: 2026-06-07T07:18:57.806Z)
[SKIP-BACKFILL] fellows.joined from agent-f69770251904 (ts: 2026-06-07T03:40:31.916639+00:00 < start: 2026-06-07T07:18:57.806Z)
[SKIP-BACKFILL] fellows.joined from agent-0bf8ef15d8be (ts: 2026-06-07T03:40:36.963530+00:00 < start: 2026-06-07T07:18:57.806Z)
[SKIP-BACKFILL] fellows.joined from agent-6f511416da3c (ts: 2026-06-07T03:40:44.005379+00:00 < start: 2026-06-07T07:18:57.806Z)
[SKIP-BACKFILL] fellows.joined from agent-29bbc3e464ca (ts: 2026-06-07T03:45:05.777989+00:00 < start: 2026-06-07T07:18:57.806Z)
[SKIP-BACKFILL] fellows.joined from agent-78d9c02b11ec (ts: 2026-06-07T03:45:47.815905+00:00 < start: 2026-06-07T07:18:57.806Z)
[SKIP-BACKFILL] fellows.joined from agent-cfcf5eb3dff9 (ts: 2026-06-07T03:45:52.853585+00:00 < start: 2026-06-07T07:18:57.806Z)
[SKIP-BACKFILL] fellows.joined from agent-0d3ae6786e9d (ts: 2026-06-07T03:46:00.058316+00:00 < start: 2026-06-07T07:18:57.806Z)
[SKIP-BACKFILL] fellows.joined from agent-5b4e579d93e0 (ts: 2026-06-07T04:07:18.257165+00:00 < start: 2026-06-07T07:18:57.806Z)
[SKIP-BACKFILL] fellows.joined from agent-a79a4d97e78c (ts: 2026-06-07T04:07:57.914185+00:00 < start: 2026-06-07T07:18:57.806Z)
[SKIP-BACKFILL] fellows.joined from agent-ca49e8a935ff (ts: 2026-06-07T04:08:02.924371+00:00 < start: 2026-06-07T07:18:57.806Z)
[SKIP-BACKFILL] fellows.joined from agent-21f4f5e4b290 (ts: 2026-06-07T04:08:09.932471+00:00 < start: 2026-06-07T07:18:57.806Z)
[SKIP-BACKFILL] fellows.joined from agent-a578ab1edc32 (ts: 2026-06-07T06:22:24.341249+00:00 < start: 2026-06-07T07:18:57.806Z)
[SKIP-BACKFILL] fellows.joined from agent-48d8326a335c (ts: 2026-06-07T06:22:28.453733+00:00 < start: 2026-06-07T07:18:57.806Z)
[SKIP-BACKFILL] fellows.joined from agent-3a26459081c0 (ts: 2026-06-07T06:22:35.531547+00:00 < start: 2026-06-07T07:18:57.806Z)
[ERROR] Stream error: unknown . Reconnecting in 6889ms (attempt 1)...
[CONNECT] attempt=2 last_event_id=tick-4733 next_backoff=6384ms
[OPEN] Stream connected. Listening for events... (pid=24588, last_event_id=tick-4733)
[READY] backfilled 30 events · live tail begins (ts: 2026-06-07T07:28:55.275162+00:00)
[SKIP-BACKFILL] fellows.joined from agent-063963a59e03 (ts: 2026-06-07T03:09:41.364746+00:00 < start: 2026-06-07T07:18:57.806Z)
[SKIP-BACKFILL] fellows.joined from agent-9f25b6ac75c4 (ts: 2026-06-07T03:12:08.610817+00:00 < start: 2026-06-07T07:18:57.806Z)
[SKIP-BACKFILL] fellows.joined from agent-c834d5e5b078 (ts: 2026-06-07T03:12:13.625417+00:00 < start: 2026-06-07T07:18:57.806Z)
[SKIP-BACKFILL] fellows.joined from agent-2bd812de1b14 (ts: 2026-06-07T03:12:20.666666+00:00 < start: 2026-06-07T07:18:57.806Z)
[SKIP-BACKFILL] fellows.joined from agent-1ce976aacc6a (ts: 2026-06-07T03:19:09.712986+00:00 < start: 2026-06-07T07:18:57.806Z)
[SKIP-BACKFILL] fellows.joined from agent-f12e9cfc1c74 (ts: 2026-06-07T03:20:43.449171+00:00 < start: 2026-06-07T07:18:57.806Z)
[SKIP-BACKFILL] fellows.joined from agent-5836101ce6a0 (ts: 2026-06-07T03:20:48.449908+00:00 < start: 2026-06-07T07:18:57.806Z)
[SKIP-BACKFILL] fellows.joined from agent-b265127eacef (ts: 2026-06-07T03:20:55.504373+00:00 < start: 2026-06-07T07:18:57.806Z)
[SKIP-BACKFILL] fellows.joined from agent-091ddc8fc217 (ts: 2026-06-07T03:28:26.508756+00:00 < start: 2026-06-07T07:18:57.806Z)
[SKIP-BACKFILL] fellows.joined from agent-38bdd62a0d80 (ts: 2026-06-07T03:30:08.785819+00:00 < start: 2026-06-07T07:18:57.806Z)
[SKIP-BACKFILL] fellows.joined from agent-96f3e5280484 (ts: 2026-06-07T03:30:13.714626+00:00 < start: 2026-06-07T07:18:57.806Z)
[SKIP-BACKFILL] fellows.joined from agent-551fb91395c9 (ts: 2026-06-07T03:30:20.892741+00:00 < start: 2026-06-07T07:18:57.806Z)
[SKIP-BACKFILL] fellows.joined from agent-0b9cdcac873f (ts: 2026-06-07T03:37:01.745042+00:00 < start: 2026-06-07T07:18:57.806Z)
[SKIP-BACKFILL] fellows.joined from agent-460f48b359fc (ts: 2026-06-07T03:37:01.993597+00:00 < start: 2026-06-07T07:18:57.806Z)
[SKIP-BACKFILL] fellows.joined from agent-7748d1432bf0 (ts: 2026-06-07T03:37:02.298331+00:00 < start: 2026-06-07T07:18:57.806Z)
[SKIP-BACKFILL] fellows.joined from agent-4f752e22c475 (ts: 2026-06-07T03:38:04.854735+00:00 < start: 2026-06-07T07:18:57.806Z)
[SKIP-BACKFILL] fellows.joined from agent-f69770251904 (ts: 2026-06-07T03:40:31.916639+00:00 < start: 2026-06-07T07:18:57.806Z)
[SKIP-BACKFILL] fellows.joined from agent-0bf8ef15d8be (ts: 2026-06-07T03:40:36.963530+00:00 < start: 2026-06-07T07:18:57.806Z)
[SKIP-BACKFILL] fellows.joined from agent-6f511416da3c (ts: 2026-06-07T03:40:44.005379+00:00 < start: 2026-06-07T07:18:57.806Z)
[SKIP-BACKFILL] fellows.joined from agent-29bbc3e464ca (ts: 2026-06-07T03:45:05.777989+00:00 < start: 2026-06-07T07:18:57.806Z)
[SKIP-BACKFILL] fellows.joined from agent-78d9c02b11ec (ts: 2026-06-07T03:45:47.815905+00:00 < start: 2026-06-07T07:18:57.806Z)
[SKIP-BACKFILL] fellows.joined from agent-cfcf5eb3dff9 (ts: 2026-06-07T03:45:52.853585+00:00 < start: 2026-06-07T07:18:57.806Z)
[SKIP-BACKFILL] fellows.joined from agent-0d3ae6786e9d (ts: 2026-06-07T03:46:00.058316+00:00 < start: 2026-06-07T07:18:57.806Z)
[SKIP-BACKFILL] fellows.joined from agent-5b4e579d93e0 (ts: 2026-06-07T04:07:18.257165+00:00 < start: 2026-06-07T07:18:57.806Z)
[SKIP-BACKFILL] fellows.joined from agent-a79a4d97e78c (ts: 2026-06-07T04:07:57.914185+00:00 < start: 2026-06-07T07:18:57.806Z)
[SKIP-BACKFILL] fellows.joined from agent-ca49e8a935ff (ts: 2026-06-07T04:08:02.924371+00:00 < start: 2026-06-07T07:18:57.806Z)
[SKIP-BACKFILL] fellows.joined from agent-21f4f5e4b290 (ts: 2026-06-07T04:08:09.932471+00:00 < start: 2026-06-07T07:18:57.806Z)
[SKIP-BACKFILL] fellows.joined from agent-a578ab1edc32 (ts: 2026-06-07T06:22:24.341249+00:00 < start: 2026-06-07T07:18:57.806Z)
[SKIP-BACKFILL] fellows.joined from agent-48d8326a335c (ts: 2026-06-07T06:22:28.453733+00:00 < start: 2026-06-07T07:18:57.806Z)
[SKIP-BACKFILL] fellows.joined from agent-3a26459081c0 (ts: 2026-06-07T06:22:35.531547+00:00 < start: 2026-06-07T07:18:57.806Z)
[ERROR] Stream error: unknown . Reconnecting in 6384ms (attempt 1)...
[CONNECT] attempt=2 last_event_id=tick-4736 next_backoff=6140ms
[OPEN] Stream connected. Listening for events... (pid=24588, last_event_id=tick-4736)
[READY] backfilled 30 events · live tail begins (ts: 2026-06-07T07:30:01.820040+00:00)
[SKIP-BACKFILL] fellows.joined from agent-063963a59e03 (ts: 2026-06-07T03:09:41.364746+00:00 < start: 2026-06-07T07:18:57.806Z)
[SKIP-BACKFILL] fellows.joined from agent-9f25b6ac75c4 (ts: 2026-06-07T03:12:08.610817+00:00 < start: 2026-06-07T07:18:57.806Z)
[SKIP-BACKFILL] fellows.joined from agent-c834d5e5b078 (ts: 2026-06-07T03:12:13.625417+00:00 < start: 2026-06-07T07:18:57.806Z)
[SKIP-BACKFILL] fellows.joined from agent-2bd812de1b14 (ts: 2026-06-07T03:12:20.666666+00:00 < start: 2026-06-07T07:18:57.806Z)
[SKIP-BACKFILL] fellows.joined from agent-1ce976aacc6a (ts: 2026-06-07T03:19:09.712986+00:00 < start: 2026-06-07T07:18:57.806Z)
[SKIP-BACKFILL] fellows.joined from agent-f12e9cfc1c74 (ts: 2026-06-07T03:20:43.449171+00:00 < start: 2026-06-07T07:18:57.806Z)
[SKIP-BACKFILL] fellows.joined from agent-5836101ce6a0 (ts: 2026-06-07T03:20:48.449908+00:00 < start: 2026-06-07T07:18:57.806Z)
[SKIP-BACKFILL] fellows.joined from agent-b265127eacef (ts: 2026-06-07T03:20:55.504373+00:00 < start: 2026-06-07T07:18:57.806Z)
[SKIP-BACKFILL] fellows.joined from agent-091ddc8fc217 (ts: 2026-06-07T03:28:26.508756+00:00 < start: 2026-06-07T07:18:57.806Z)
[SKIP-BACKFILL] fellows.joined from agent-38bdd62a0d80 (ts: 2026-06-07T03:30:08.785819+00:00 < start: 2026-06-07T07:18:57.806Z)
[SKIP-BACKFILL] fellows.joined from agent-96f3e5280484 (ts: 2026-06-07T03:30:13.714626+00:00 < start: 2026-06-07T07:18:57.806Z)
[SKIP-BACKFILL] fellows.joined from agent-551fb91395c9 (ts: 2026-06-07T03:30:20.892741+00:00 < start: 2026-06-07T07:18:57.806Z)
[SKIP-BACKFILL] fellows.joined from agent-0b9cdcac873f (ts: 2026-06-07T03:37:01.745042+00:00 < start: 2026-06-07T07:18:57.806Z)
[SKIP-BACKFILL] fellows.joined from agent-460f48b359fc (ts: 2026-06-07T03:37:01.993597+00:00 < start: 2026-06-07T07:18:57.806Z)
[SKIP-BACKFILL] fellows.joined from agent-7748d1432bf0 (ts: 2026-06-07T03:37:02.298331+00:00 < start: 2026-06-07T07:18:57.806Z)
[SKIP-BACKFILL] fellows.joined from agent-4f752e22c475 (ts: 2026-06-07T03:38:04.854735+00:00 < start: 2026-06-07T07:18:57.806Z)
[SKIP-BACKFILL] fellows.joined from agent-f69770251904 (ts: 2026-06-07T03:40:31.916639+00:00 < start: 2026-06-07T07:18:57.806Z)
[SKIP-BACKFILL] fellows.joined from agent-0bf8ef15d8be (ts: 2026-06-07T03:40:36.963530+00:00 < start: 2026-06-07T07:18:57.806Z)
[SKIP-BACKFILL] fellows.joined from agent-6f511416da3c (ts: 2026-06-07T03:40:44.005379+00:00 < start: 2026-06-07T07:18:57.806Z)
[SKIP-BACKFILL] fellows.joined from agent-29bbc3e464ca (ts: 2026-06-07T03:45:05.777989+00:00 < start: 2026-06-07T07:18:57.806Z)
[SKIP-BACKFILL] fellows.joined from agent-78d9c02b11ec (ts: 2026-06-07T03:45:47.815905+00:00 < start: 2026-06-07T07:18:57.806Z)
[SKIP-BACKFILL] fellows.joined from agent-cfcf5eb3dff9 (ts: 2026-06-07T03:45:52.853585+00:00 < start: 2026-06-07T07:18:57.806Z)
[SKIP-BACKFILL] fellows.joined from agent-0d3ae6786e9d (ts: 2026-06-07T03:46:00.058316+00:00 < start: 2026-06-07T07:18:57.806Z)
[SKIP-BACKFILL] fellows.joined from agent-5b4e579d93e0 (ts: 2026-06-07T04:07:18.257165+00:00 < start: 2026-06-07T07:18:57.806Z)
[SKIP-BACKFILL] fellows.joined from agent-a79a4d97e78c (ts: 2026-06-07T04:07:57.914185+00:00 < start: 2026-06-07T07:18:57.806Z)
[SKIP-BACKFILL] fellows.joined from agent-ca49e8a935ff (ts: 2026-06-07T04:08:02.924371+00:00 < start: 2026-06-07T07:18:57.806Z)
[SKIP-BACKFILL] fellows.joined from agent-21f4f5e4b290 (ts: 2026-06-07T04:08:09.932471+00:00 < start: 2026-06-07T07:18:57.806Z)
[SKIP-BACKFILL] fellows.joined from agent-a578ab1edc32 (ts: 2026-06-07T06:22:24.341249+00:00 < start: 2026-06-07T07:18:57.806Z)
[SKIP-BACKFILL] fellows.joined from agent-48d8326a335c (ts: 2026-06-07T06:22:28.453733+00:00 < start: 2026-06-07T07:18:57.806Z)
[SKIP-BACKFILL] fellows.joined from agent-3a26459081c0 (ts: 2026-06-07T06:22:35.531547+00:00 < start: 2026-06-07T07:18:57.806Z)
[ERROR] Stream error: unknown . Reconnecting in 6140ms (attempt 1)...
[CONNECT] attempt=2 last_event_id=tick-4738 next_backoff=6360ms
[OPEN] Stream connected. Listening for events... (pid=24588, last_event_id=tick-4738)
[READY] backfilled 30 events · live tail begins (ts: 2026-06-07T07:31:08.118397+00:00)
[SKIP-BACKFILL] fellows.joined from agent-063963a59e03 (ts: 2026-06-07T03:09:41.364746+00:00 < start: 2026-06-07T07:18:57.806Z)
[SKIP-BACKFILL] fellows.joined from agent-9f25b6ac75c4 (ts: 2026-06-07T03:12:08.610817+00:00 < start: 2026-06-07T07:18:57.806Z)
[SKIP-BACKFILL] fellows.joined from agent-c834d5e5b078 (ts: 2026-06-07T03:12:13.625417+00:00 < start: 2026-06-07T07:18:57.806Z)
[SKIP-BACKFILL] fellows.joined from agent-2bd812de1b14 (ts: 2026-06-07T03:12:20.666666+00:00 < start: 2026-06-07T07:18:57.806Z)
[SKIP-BACKFILL] fellows.joined from agent-1ce976aacc6a (ts: 2026-06-07T03:19:09.712986+00:00 < start: 2026-06-07T07:18:57.806Z)
[SKIP-BACKFILL] fellows.joined from agent-f12e9cfc1c74 (ts: 2026-06-07T03:20:43.449171+00:00 < start: 2026-06-07T07:18:57.806Z)
[SKIP-BACKFILL] fellows.joined from agent-5836101ce6a0 (ts: 2026-06-07T03:20:48.449908+00:00 < start: 2026-06-07T07:18:57.806Z)
[SKIP-BACKFILL] fellows.joined from agent-b265127eacef (ts: 2026-06-07T03:20:55.504373+00:00 < start: 2026-06-07T07:18:57.806Z)
[SKIP-BACKFILL] fellows.joined from agent-091ddc8fc217 (ts: 2026-06-07T03:28:26.508756+00:00 < start: 2026-06-07T07:18:57.806Z)
[SKIP-BACKFILL] fellows.joined from agent-38bdd62a0d80 (ts: 2026-06-07T03:30:08.785819+00:00 < start: 2026-06-07T07:18:57.806Z)
[SKIP-BACKFILL] fellows.joined from agent-96f3e5280484 (ts: 2026-06-07T03:30:13.714626+00:00 < start: 2026-06-07T07:18:57.806Z)
[SKIP-BACKFILL] fellows.joined from agent-551fb91395c9 (ts: 2026-06-07T03:30:20.892741+00:00 < start: 2026-06-07T07:18:57.806Z)
[SKIP-BACKFILL] fellows.joined from agent-0b9cdcac873f (ts: 2026-06-07T03:37:01.745042+00:00 < start: 2026-06-07T07:18:57.806Z)
[SKIP-BACKFILL] fellows.joined from agent-460f48b359fc (ts: 2026-06-07T03:37:01.993597+00:00 < start: 2026-06-07T07:18:57.806Z)
[SKIP-BACKFILL] fellows.joined from agent-7748d1432bf0 (ts: 2026-06-07T03:37:02.298331+00:00 < start: 2026-06-07T07:18:57.806Z)
[SKIP-BACKFILL] fellows.joined from agent-4f752e22c475 (ts: 2026-06-07T03:38:04.854735+00:00 < start: 2026-06-07T07:18:57.806Z)
[SKIP-BACKFILL] fellows.joined from agent-f69770251904 (ts: 2026-06-07T03:40:31.916639+00:00 < start: 2026-06-07T07:18:57.806Z)
[SKIP-BACKFILL] fellows.joined from agent-0bf8ef15d8be (ts: 2026-06-07T03:40:36.963530+00:00 < start: 2026-06-07T07:18:57.806Z)
[SKIP-BACKFILL] fellows.joined from agent-6f511416da3c (ts: 2026-06-07T03:40:44.005379+00:00 < start: 2026-06-07T07:18:57.806Z)
[SKIP-BACKFILL] fellows.joined from agent-29bbc3e464ca (ts: 2026-06-07T03:45:05.777989+00:00 < start: 2026-06-07T07:18:57.806Z)
[SKIP-BACKFILL] fellows.joined from agent-78d9c02b11ec (ts: 2026-06-07T03:45:47.815905+00:00 < start: 2026-06-07T07:18:57.806Z)
[SKIP-BACKFILL] fellows.joined from agent-cfcf5eb3dff9 (ts: 2026-06-07T03:45:52.853585+00:00 < start: 2026-06-07T07:18:57.806Z)
[SKIP-BACKFILL] fellows.joined from agent-0d3ae6786e9d (ts: 2026-06-07T03:46:00.058316+00:00 < start: 2026-06-07T07:18:57.806Z)
[SKIP-BACKFILL] fellows.joined from agent-5b4e579d93e0 (ts: 2026-06-07T04:07:18.257165+00:00 < start: 2026-06-07T07:18:57.806Z)
[SKIP-BACKFILL] fellows.joined from agent-a79a4d97e78c (ts: 2026-06-07T04:07:57.914185+00:00 < start: 2026-06-07T07:18:57.806Z)
[SKIP-BACKFILL] fellows.joined from agent-ca49e8a935ff (ts: 2026-06-07T04:08:02.924371+00:00 < start: 2026-06-07T07:18:57.806Z)
[SKIP-BACKFILL] fellows.joined from agent-21f4f5e4b290 (ts: 2026-06-07T04:08:09.932471+00:00 < start: 2026-06-07T07:18:57.806Z)
[SKIP-BACKFILL] fellows.joined from agent-a578ab1edc32 (ts: 2026-06-07T06:22:24.341249+00:00 < start: 2026-06-07T07:18:57.806Z)
[SKIP-BACKFILL] fellows.joined from agent-48d8326a335c (ts: 2026-06-07T06:22:28.453733+00:00 < start: 2026-06-07T07:18:57.806Z)
[SKIP-BACKFILL] fellows.joined from agent-3a26459081c0 (ts: 2026-06-07T06:22:35.531547+00:00 < start: 2026-06-07T07:18:57.806Z)
[ERROR] Stream error: unknown . Reconnecting in 6360ms (attempt 1)...
[CONNECT] attempt=2 last_event_id=tick-4740 next_backoff=6661ms
[OPEN] Stream connected. Listening for events... (pid=24588, last_event_id=tick-4740)
[READY] backfilled 30 events · live tail begins (ts: 2026-06-07T07:32:14.684553+00:00)
[SKIP-BACKFILL] fellows.joined from agent-063963a59e03 (ts: 2026-06-07T03:09:41.364746+00:00 < start: 2026-06-07T07:18:57.806Z)
[SKIP-BACKFILL] fellows.joined from agent-9f25b6ac75c4 (ts: 2026-06-07T03:12:08.610817+00:00 < start: 2026-06-07T07:18:57.806Z)
[SKIP-BACKFILL] fellows.joined from agent-c834d5e5b078 (ts: 2026-06-07T03:12:13.625417+00:00 < start: 2026-06-07T07:18:57.806Z)
[SKIP-BACKFILL] fellows.joined from agent-2bd812de1b14 (ts: 2026-06-07T03:12:20.666666+00:00 < start: 2026-06-07T07:18:57.806Z)
[SKIP-BACKFILL] fellows.joined from agent-1ce976aacc6a (ts: 2026-06-07T03:19:09.712986+00:00 < start: 2026-06-07T07:18:57.806Z)
[SKIP-BACKFILL] fellows.joined from agent-f12e9cfc1c74 (ts: 2026-06-07T03:20:43.449171+00:00 < start: 2026-06-07T07:18:57.806Z)
[SKIP-BACKFILL] fellows.joined from agent-5836101ce6a0 (ts: 2026-06-07T03:20:48.449908+00:00 < start: 2026-06-07T07:18:57.806Z)
[SKIP-BACKFILL] fellows.joined from agent-b265127eacef (ts: 2026-06-07T03:20:55.504373+00:00 < start: 2026-06-07T07:18:57.806Z)
[SKIP-BACKFILL] fellows.joined from agent-091ddc8fc217 (ts: 2026-06-07T03:28:26.508756+00:00 < start: 2026-06-07T07:18:57.806Z)
[SKIP-BACKFILL] fellows.joined from agent-38bdd62a0d80 (ts: 2026-06-07T03:30:08.785819+00:00 < start: 2026-06-07T07:18:57.806Z)
[SKIP-BACKFILL] fellows.joined from agent-96f3e5280484 (ts: 2026-06-07T03:30:13.714626+00:00 < start: 2026-06-07T07:18:57.806Z)
[SKIP-BACKFILL] fellows.joined from agent-551fb91395c9 (ts: 2026-06-07T03:30:20.892741+00:00 < start: 2026-06-07T07:18:57.806Z)
[SKIP-BACKFILL] fellows.joined from agent-0b9cdcac873f (ts: 2026-06-07T03:37:01.745042+00:00 < start: 2026-06-07T07:18:57.806Z)
[SKIP-BACKFILL] fellows.joined from agent-460f48b359fc (ts: 2026-06-07T03:37:01.993597+00:00 < start: 2026-06-07T07:18:57.806Z)
[SKIP-BACKFILL] fellows.joined from agent-7748d1432bf0 (ts: 2026-06-07T03:37:02.298331+00:00 < start: 2026-06-07T07:18:57.806Z)
[SKIP-BACKFILL] fellows.joined from agent-4f752e22c475 (ts: 2026-06-07T03:38:04.854735+00:00 < start: 2026-06-07T07:18:57.806Z)
[SKIP-BACKFILL] fellows.joined from agent-f69770251904 (ts: 2026-06-07T03:40:31.916639+00:00 < start: 2026-06-07T07:18:57.806Z)
[SKIP-BACKFILL] fellows.joined from agent-0bf8ef15d8be (ts: 2026-06-07T03:40:36.963530+00:00 < start: 2026-06-07T07:18:57.806Z)
[SKIP-BACKFILL] fellows.joined from agent-6f511416da3c (ts: 2026-06-07T03:40:44.005379+00:00 < start: 2026-06-07T07:18:57.806Z)
[SKIP-BACKFILL] fellows.joined from agent-29bbc3e464ca (ts: 2026-06-07T03:45:05.777989+00:00 < start: 2026-06-07T07:18:57.806Z)
[SKIP-BACKFILL] fellows.joined from agent-78d9c02b11ec (ts: 2026-06-07T03:45:47.815905+00:00 < start: 2026-06-07T07:18:57.806Z)
[SKIP-BACKFILL] fellows.joined from agent-cfcf5eb3dff9 (ts: 2026-06-07T03:45:52.853585+00:00 < start: 2026-06-07T07:18:57.806Z)
[SKIP-BACKFILL] fellows.joined from agent-0d3ae6786e9d (ts: 2026-06-07T03:46:00.058316+00:00 < start: 2026-06-07T07:18:57.806Z)
[SKIP-BACKFILL] fellows.joined from agent-5b4e579d93e0 (ts: 2026-06-07T04:07:18.257165+00:00 < start: 2026-06-07T07:18:57.806Z)
[SKIP-BACKFILL] fellows.joined from agent-a79a4d97e78c (ts: 2026-06-07T04:07:57.914185+00:00 < start: 2026-06-07T07:18:57.806Z)
[SKIP-BACKFILL] fellows.joined from agent-ca49e8a935ff (ts: 2026-06-07T04:08:02.924371+00:00 < start: 2026-06-07T07:18:57.806Z)
[SKIP-BACKFILL] fellows.joined from agent-21f4f5e4b290 (ts: 2026-06-07T04:08:09.932471+00:00 < start: 2026-06-07T07:18:57.806Z)
[SKIP-BACKFILL] fellows.joined from agent-a578ab1edc32 (ts: 2026-06-07T06:22:24.341249+00:00 < start: 2026-06-07T07:18:57.806Z)
[SKIP-BACKFILL] fellows.joined from agent-48d8326a335c (ts: 2026-06-07T06:22:28.453733+00:00 < start: 2026-06-07T07:18:57.806Z)
[SKIP-BACKFILL] fellows.joined from agent-3a26459081c0 (ts: 2026-06-07T06:22:35.531547+00:00 < start: 2026-06-07T07:18:57.806Z)
[ERROR] Stream error: unknown . Reconnecting in 6661ms (attempt 1)...
[CONNECT] attempt=2 last_event_id=tick-4742 next_backoff=6160ms
[OPEN] Stream connected. Listening for events... (pid=24588, last_event_id=tick-4742)
[READY] backfilled 30 events · live tail begins (ts: 2026-06-07T07:33:21.498055+00:00)
[SKIP-BACKFILL] fellows.joined from agent-063963a59e03 (ts: 2026-06-07T03:09:41.364746+00:00 < start: 2026-06-07T07:18:57.806Z)
[SKIP-BACKFILL] fellows.joined from agent-9f25b6ac75c4 (ts: 2026-06-07T03:12:08.610817+00:00 < start: 2026-06-07T07:18:57.806Z)
[SKIP-BACKFILL] fellows.joined from agent-c834d5e5b078 (ts: 2026-06-07T03:12:13.625417+00:00 < start: 2026-06-07T07:18:57.806Z)
[SKIP-BACKFILL] fellows.joined from agent-2bd812de1b14 (ts: 2026-06-07T03:12:20.666666+00:00 < start: 2026-06-07T07:18:57.806Z)
[SKIP-BACKFILL] fellows.joined from agent-1ce976aacc6a (ts: 2026-06-07T03:19:09.712986+00:00 < start: 2026-06-07T07:18:57.806Z)
[SKIP-BACKFILL] fellows.joined from agent-f12e9cfc1c74 (ts: 2026-06-07T03:20:43.449171+00:00 < start: 2026-06-07T07:18:57.806Z)
[SKIP-BACKFILL] fellows.joined from agent-5836101ce6a0 (ts: 2026-06-07T03:20:48.449908+00:00 < start: 2026-06-07T07:18:57.806Z)
[SKIP-BACKFILL] fellows.joined from agent-b265127eacef (ts: 2026-06-07T03:20:55.504373+00:00 < start: 2026-06-07T07:18:57.806Z)
[SKIP-BACKFILL] fellows.joined from agent-091ddc8fc217 (ts: 2026-06-07T03:28:26.508756+00:00 < start: 2026-06-07T07:18:57.806Z)
[SKIP-BACKFILL] fellows.joined from agent-38bdd62a0d80 (ts: 2026-06-07T03:30:08.785819+00:00 < start: 2026-06-07T07:18:57.806Z)
[SKIP-BACKFILL] fellows.joined from agent-96f3e5280484 (ts: 2026-06-07T03:30:13.714626+00:00 < start: 2026-06-07T07:18:57.806Z)
[SKIP-BACKFILL] fellows.joined from agent-551fb91395c9 (ts: 2026-06-07T03:30:20.892741+00:00 < start: 2026-06-07T07:18:57.806Z)
[SKIP-BACKFILL] fellows.joined from agent-0b9cdcac873f (ts: 2026-06-07T03:37:01.745042+00:00 < start: 2026-06-07T07:18:57.806Z)
[SKIP-BACKFILL] fellows.joined from agent-460f48b359fc (ts: 2026-06-07T03:37:01.993597+00:00 < start: 2026-06-07T07:18:57.806Z)
[SKIP-BACKFILL] fellows.joined from agent-7748d1432bf0 (ts: 2026-06-07T03:37:02.298331+00:00 < start: 2026-06-07T07:18:57.806Z)
[SKIP-BACKFILL] fellows.joined from agent-4f752e22c475 (ts: 2026-06-07T03:38:04.854735+00:00 < start: 2026-06-07T07:18:57.806Z)
[SKIP-BACKFILL] fellows.joined from agent-f69770251904 (ts: 2026-06-07T03:40:31.916639+00:00 < start: 2026-06-07T07:18:57.806Z)
[SKIP-BACKFILL] fellows.joined from agent-0bf8ef15d8be (ts: 2026-06-07T03:40:36.963530+00:00 < start: 2026-06-07T07:18:57.806Z)
[SKIP-BACKFILL] fellows.joined from agent-6f511416da3c (ts: 2026-06-07T03:40:44.005379+00:00 < start: 2026-06-07T07:18:57.806Z)
[SKIP-BACKFILL] fellows.joined from agent-29bbc3e464ca (ts: 2026-06-07T03:45:05.777989+00:00 < start: 2026-06-07T07:18:57.806Z)
[SKIP-BACKFILL] fellows.joined from agent-78d9c02b11ec (ts: 2026-06-07T03:45:47.815905+00:00 < start: 2026-06-07T07:18:57.806Z)
[SKIP-BACKFILL] fellows.joined from agent-cfcf5eb3dff9 (ts: 2026-06-07T03:45:52.853585+00:00 < start: 2026-06-07T07:18:57.806Z)
[SKIP-BACKFILL] fellows.joined from agent-0d3ae6786e9d (ts: 2026-06-07T03:46:00.058316+00:00 < start: 2026-06-07T07:18:57.806Z)
[SKIP-BACKFILL] fellows.joined from agent-5b4e579d93e0 (ts: 2026-06-07T04:07:18.257165+00:00 < start: 2026-06-07T07:18:57.806Z)
[SKIP-BACKFILL] fellows.joined from agent-a79a4d97e78c (ts: 2026-06-07T04:07:57.914185+00:00 < start: 2026-06-07T07:18:57.806Z)
[SKIP-BACKFILL] fellows.joined from agent-ca49e8a935ff (ts: 2026-06-07T04:08:02.924371+00:00 < start: 2026-06-07T07:18:57.806Z)
[SKIP-BACKFILL] fellows.joined from agent-21f4f5e4b290 (ts: 2026-06-07T04:08:09.932471+00:00 < start: 2026-06-07T07:18:57.806Z)
[SKIP-BACKFILL] fellows.joined from agent-a578ab1edc32 (ts: 2026-06-07T06:22:24.341249+00:00 < start: 2026-06-07T07:18:57.806Z)
[SKIP-BACKFILL] fellows.joined from agent-48d8326a335c (ts: 2026-06-07T06:22:28.453733+00:00 < start: 2026-06-07T07:18:57.806Z)
[SKIP-BACKFILL] fellows.joined from agent-3a26459081c0 (ts: 2026-06-07T06:22:35.531547+00:00 < start: 2026-06-07T07:18:57.806Z)
[ERROR] Stream error: unknown . Reconnecting in 6160ms (attempt 1)...
[CONNECT] attempt=2 last_event_id=tick-4745 next_backoff=6643ms
[OPEN] Stream connected. Listening for events... (pid=24588, last_event_id=tick-4745)
[READY] backfilled 30 events · live tail begins (ts: 2026-06-07T07:34:27.950940+00:00)
[SKIP-BACKFILL] fellows.joined from agent-063963a59e03 (ts: 2026-06-07T03:09:41.364746+00:00 < start: 2026-06-07T07:18:57.806Z)
[SKIP-BACKFILL] fellows.joined from agent-9f25b6ac75c4 (ts: 2026-06-07T03:12:08.610817+00:00 < start: 2026-06-07T07:18:57.806Z)
[SKIP-BACKFILL] fellows.joined from agent-c834d5e5b078 (ts: 2026-06-07T03:12:13.625417+00:00 < start: 2026-06-07T07:18:57.806Z)
[SKIP-BACKFILL] fellows.joined from agent-2bd812de1b14 (ts: 2026-06-07T03:12:20.666666+00:00 < start: 2026-06-07T07:18:57.806Z)
[SKIP-BACKFILL] fellows.joined from agent-1ce976aacc6a (ts: 2026-06-07T03:19:09.712986+00:00 < start: 2026-06-07T07:18:57.806Z)
[SKIP-BACKFILL] fellows.joined from agent-f12e9cfc1c74 (ts: 2026-06-07T03:20:43.449171+00:00 < start: 2026-06-07T07:18:57.806Z)
[SKIP-BACKFILL] fellows.joined from agent-5836101ce6a0 (ts: 2026-06-07T03:20:48.449908+00:00 < start: 2026-06-07T07:18:57.806Z)
[SKIP-BACKFILL] fellows.joined from agent-b265127eacef (ts: 2026-06-07T03:20:55.504373+00:00 < start: 2026-06-07T07:18:57.806Z)
[SKIP-BACKFILL] fellows.joined from agent-091ddc8fc217 (ts: 2026-06-07T03:28:26.508756+00:00 < start: 2026-06-07T07:18:57.806Z)
[SKIP-BACKFILL] fellows.joined from agent-38bdd62a0d80 (ts: 2026-06-07T03:30:08.785819+00:00 < start: 2026-06-07T07:18:57.806Z)
[SKIP-BACKFILL] fellows.joined from agent-96f3e5280484 (ts: 2026-06-07T03:30:13.714626+00:00 < start: 2026-06-07T07:18:57.806Z)
[SKIP-BACKFILL] fellows.joined from agent-551fb91395c9 (ts: 2026-06-07T03:30:20.892741+00:00 < start: 2026-06-07T07:18:57.806Z)
[SKIP-BACKFILL] fellows.joined from agent-0b9cdcac873f (ts: 2026-06-07T03:37:01.745042+00:00 < start: 2026-06-07T07:18:57.806Z)
[SKIP-BACKFILL] fellows.joined from agent-460f48b359fc (ts: 2026-06-07T03:37:01.993597+00:00 < start: 2026-06-07T07:18:57.806Z)
[SKIP-BACKFILL] fellows.joined from agent-7748d1432bf0 (ts: 2026-06-07T03:37:02.298331+00:00 < start: 2026-06-07T07:18:57.806Z)
[SKIP-BACKFILL] fellows.joined from agent-4f752e22c475 (ts: 2026-06-07T03:38:04.854735+00:00 < start: 2026-06-07T07:18:57.806Z)
[SKIP-BACKFILL] fellows.joined from agent-f69770251904 (ts: 2026-06-07T03:40:31.916639+00:00 < start: 2026-06-07T07:18:57.806Z)
[SKIP-BACKFILL] fellows.joined from agent-0bf8ef15d8be (ts: 2026-06-07T03:40:36.963530+00:00 < start: 2026-06-07T07:18:57.806Z)
[SKIP-BACKFILL] fellows.joined from agent-6f511416da3c (ts: 2026-06-07T03:40:44.005379+00:00 < start: 2026-06-07T07:18:57.806Z)
[SKIP-BACKFILL] fellows.joined from agent-29bbc3e464ca (ts: 2026-06-07T03:45:05.777989+00:00 < start: 2026-06-07T07:18:57.806Z)
[SKIP-BACKFILL] fellows.joined from agent-78d9c02b11ec (ts: 2026-06-07T03:45:47.815905+00:00 < start: 2026-06-07T07:18:57.806Z)
[SKIP-BACKFILL] fellows.joined from agent-cfcf5eb3dff9 (ts: 2026-06-07T03:45:52.853585+00:00 < start: 2026-06-07T07:18:57.806Z)
[SKIP-BACKFILL] fellows.joined from agent-0d3ae6786e9d (ts: 2026-06-07T03:46:00.058316+00:00 < start: 2026-06-07T07:18:57.806Z)
[SKIP-BACKFILL] fellows.joined from agent-5b4e579d93e0 (ts: 2026-06-07T04:07:18.257165+00:00 < start: 2026-06-07T07:18:57.806Z)
[SKIP-BACKFILL] fellows.joined from agent-a79a4d97e78c (ts: 2026-06-07T04:07:57.914185+00:00 < start: 2026-06-07T07:18:57.806Z)
[SKIP-BACKFILL] fellows.joined from agent-ca49e8a935ff (ts: 2026-06-07T04:08:02.924371+00:00 < start: 2026-06-07T07:18:57.806Z)
[SKIP-BACKFILL] fellows.joined from agent-21f4f5e4b290 (ts: 2026-06-07T04:08:09.932471+00:00 < start: 2026-06-07T07:18:57.806Z)
[SKIP-BACKFILL] fellows.joined from agent-a578ab1edc32 (ts: 2026-06-07T06:22:24.341249+00:00 < start: 2026-06-07T07:18:57.806Z)
[SKIP-BACKFILL] fellows.joined from agent-48d8326a335c (ts: 2026-06-07T06:22:28.453733+00:00 < start: 2026-06-07T07:18:57.806Z)
[SKIP-BACKFILL] fellows.joined from agent-3a26459081c0 (ts: 2026-06-07T06:22:35.531547+00:00 < start: 2026-06-07T07:18:57.806Z)
[ERROR] Stream error: unknown . Reconnecting in 6643ms (attempt 1)...
[CONNECT] attempt=2 last_event_id=tick-4747 next_backoff=6364ms
[OPEN] Stream connected. Listening for events... (pid=24588, last_event_id=tick-4747)
[READY] backfilled 30 events · live tail begins (ts: 2026-06-07T07:35:34.749285+00:00)
[SKIP-BACKFILL] fellows.joined from agent-063963a59e03 (ts: 2026-06-07T03:09:41.364746+00:00 < start: 2026-06-07T07:18:57.806Z)
[SKIP-BACKFILL] fellows.joined from agent-9f25b6ac75c4 (ts: 2026-06-07T03:12:08.610817+00:00 < start: 2026-06-07T07:18:57.806Z)
[SKIP-BACKFILL] fellows.joined from agent-c834d5e5b078 (ts: 2026-06-07T03:12:13.625417+00:00 < start: 2026-06-07T07:18:57.806Z)
[SKIP-BACKFILL] fellows.joined from agent-2bd812de1b14 (ts: 2026-06-07T03:12:20.666666+00:00 < start: 2026-06-07T07:18:57.806Z)
[SKIP-BACKFILL] fellows.joined from agent-1ce976aacc6a (ts: 2026-06-07T03:19:09.712986+00:00 < start: 2026-06-07T07:18:57.806Z)
[SKIP-BACKFILL] fellows.joined from agent-f12e9cfc1c74 (ts: 2026-06-07T03:20:43.449171+00:00 < start: 2026-06-07T07:18:57.806Z)
[SKIP-BACKFILL] fellows.joined from agent-5836101ce6a0 (ts: 2026-06-07T03:20:48.449908+00:00 < start: 2026-06-07T07:18:57.806Z)
[SKIP-BACKFILL] fellows.joined from agent-b265127eacef (ts: 2026-06-07T03:20:55.504373+00:00 < start: 2026-06-07T07:18:57.806Z)
[SKIP-BACKFILL] fellows.joined from agent-091ddc8fc217 (ts: 2026-06-07T03:28:26.508756+00:00 < start: 2026-06-07T07:18:57.806Z)
[SKIP-BACKFILL] fellows.joined from agent-38bdd62a0d80 (ts: 2026-06-07T03:30:08.785819+00:00 < start: 2026-06-07T07:18:57.806Z)
[SKIP-BACKFILL] fellows.joined from agent-96f3e5280484 (ts: 2026-06-07T03:30:13.714626+00:00 < start: 2026-06-07T07:18:57.806Z)
[SKIP-BACKFILL] fellows.joined from agent-551fb91395c9 (ts: 2026-06-07T03:30:20.892741+00:00 < start: 2026-06-07T07:18:57.806Z)
[SKIP-BACKFILL] fellows.joined from agent-0b9cdcac873f (ts: 2026-06-07T03:37:01.745042+00:00 < start: 2026-06-07T07:18:57.806Z)
[SKIP-BACKFILL] fellows.joined from agent-460f48b359fc (ts: 2026-06-07T03:37:01.993597+00:00 < start: 2026-06-07T07:18:57.806Z)
[SKIP-BACKFILL] fellows.joined from agent-7748d1432bf0 (ts: 2026-06-07T03:37:02.298331+00:00 < start: 2026-06-07T07:18:57.806Z)
[SKIP-BACKFILL] fellows.joined from agent-4f752e22c475 (ts: 2026-06-07T03:38:04.854735+00:00 < start: 2026-06-07T07:18:57.806Z)
[SKIP-BACKFILL] fellows.joined from agent-f69770251904 (ts: 2026-06-07T03:40:31.916639+00:00 < start: 2026-06-07T07:18:57.806Z)
[SKIP-BACKFILL] fellows.joined from agent-0bf8ef15d8be (ts: 2026-06-07T03:40:36.963530+00:00 < start: 2026-06-07T07:18:57.806Z)
[SKIP-BACKFILL] fellows.joined from agent-6f511416da3c (ts: 2026-06-07T03:40:44.005379+00:00 < start: 2026-06-07T07:18:57.806Z)
[SKIP-BACKFILL] fellows.joined from agent-29bbc3e464ca (ts: 2026-06-07T03:45:05.777989+00:00 < start: 2026-06-07T07:18:57.806Z)
[SKIP-BACKFILL] fellows.joined from agent-78d9c02b11ec (ts: 2026-06-07T03:45:47.815905+00:00 < start: 2026-06-07T07:18:57.806Z)
[SKIP-BACKFILL] fellows.joined from agent-cfcf5eb3dff9 (ts: 2026-06-07T03:45:52.853585+00:00 < start: 2026-06-07T07:18:57.806Z)
[SKIP-BACKFILL] fellows.joined from agent-0d3ae6786e9d (ts: 2026-06-07T03:46:00.058316+00:00 < start: 2026-06-07T07:18:57.806Z)
[SKIP-BACKFILL] fellows.joined from agent-5b4e579d93e0 (ts: 2026-06-07T04:07:18.257165+00:00 < start: 2026-06-07T07:18:57.806Z)
[SKIP-BACKFILL] fellows.joined from agent-a79a4d97e78c (ts: 2026-06-07T04:07:57.914185+00:00 < start: 2026-06-07T07:18:57.806Z)
[SKIP-BACKFILL] fellows.joined from agent-ca49e8a935ff (ts: 2026-06-07T04:08:02.924371+00:00 < start: 2026-06-07T07:18:57.806Z)
[SKIP-BACKFILL] fellows.joined from agent-21f4f5e4b290 (ts: 2026-06-07T04:08:09.932471+00:00 < start: 2026-06-07T07:18:57.806Z)
[SKIP-BACKFILL] fellows.joined from agent-a578ab1edc32 (ts: 2026-06-07T06:22:24.341249+00:00 < start: 2026-06-07T07:18:57.806Z)
[SKIP-BACKFILL] fellows.joined from agent-48d8326a335c (ts: 2026-06-07T06:22:28.453733+00:00 < start: 2026-06-07T07:18:57.806Z)
[SKIP-BACKFILL] fellows.joined from agent-3a26459081c0 (ts: 2026-06-07T06:22:35.531547+00:00 < start: 2026-06-07T07:18:57.806Z)
[ERROR] Stream error: unknown . Reconnecting in 6364ms (attempt 1)...
[CONNECT] attempt=2 last_event_id=tick-4749 next_backoff=6859ms
[OPEN] Stream connected. Listening for events... (pid=24588, last_event_id=tick-4749)
[READY] backfilled 30 events · live tail begins (ts: 2026-06-07T07:36:41.274591+00:00)
[SKIP-BACKFILL] fellows.joined from agent-063963a59e03 (ts: 2026-06-07T03:09:41.364746+00:00 < start: 2026-06-07T07:18:57.806Z)
[SKIP-BACKFILL] fellows.joined from agent-9f25b6ac75c4 (ts: 2026-06-07T03:12:08.610817+00:00 < start: 2026-06-07T07:18:57.806Z)
[SKIP-BACKFILL] fellows.joined from agent-c834d5e5b078 (ts: 2026-06-07T03:12:13.625417+00:00 < start: 2026-06-07T07:18:57.806Z)
[SKIP-BACKFILL] fellows.joined from agent-2bd812de1b14 (ts: 2026-06-07T03:12:20.666666+00:00 < start: 2026-06-07T07:18:57.806Z)
[SKIP-BACKFILL] fellows.joined from agent-1ce976aacc6a (ts: 2026-06-07T03:19:09.712986+00:00 < start: 2026-06-07T07:18:57.806Z)
[SKIP-BACKFILL] fellows.joined from agent-f12e9cfc1c74 (ts: 2026-06-07T03:20:43.449171+00:00 < start: 2026-06-07T07:18:57.806Z)
[SKIP-BACKFILL] fellows.joined from agent-5836101ce6a0 (ts: 2026-06-07T03:20:48.449908+00:00 < start: 2026-06-07T07:18:57.806Z)
[SKIP-BACKFILL] fellows.joined from agent-b265127eacef (ts: 2026-06-07T03:20:55.504373+00:00 < start: 2026-06-07T07:18:57.806Z)
[SKIP-BACKFILL] fellows.joined from agent-091ddc8fc217 (ts: 2026-06-07T03:28:26.508756+00:00 < start: 2026-06-07T07:18:57.806Z)
[SKIP-BACKFILL] fellows.joined from agent-38bdd62a0d80 (ts: 2026-06-07T03:30:08.785819+00:00 < start: 2026-06-07T07:18:57.806Z)
[SKIP-BACKFILL] fellows.joined from agent-96f3e5280484 (ts: 2026-06-07T03:30:13.714626+00:00 < start: 2026-06-07T07:18:57.806Z)
[SKIP-BACKFILL] fellows.joined from agent-551fb91395c9 (ts: 2026-06-07T03:30:20.892741+00:00 < start: 2026-06-07T07:18:57.806Z)
[SKIP-BACKFILL] fellows.joined from agent-0b9cdcac873f (ts: 2026-06-07T03:37:01.745042+00:00 < start: 2026-06-07T07:18:57.806Z)
[SKIP-BACKFILL] fellows.joined from agent-460f48b359fc (ts: 2026-06-07T03:37:01.993597+00:00 < start: 2026-06-07T07:18:57.806Z)
[SKIP-BACKFILL] fellows.joined from agent-7748d1432bf0 (ts: 2026-06-07T03:37:02.298331+00:00 < start: 2026-06-07T07:18:57.806Z)
[SKIP-BACKFILL] fellows.joined from agent-4f752e22c475 (ts: 2026-06-07T03:38:04.854735+00:00 < start: 2026-06-07T07:18:57.806Z)
[SKIP-BACKFILL] fellows.joined from agent-f69770251904 (ts: 2026-06-07T03:40:31.916639+00:00 < start: 2026-06-07T07:18:57.806Z)
[SKIP-BACKFILL] fellows.joined from agent-0bf8ef15d8be (ts: 2026-06-07T03:40:36.963530+00:00 < start: 2026-06-07T07:18:57.806Z)
[SKIP-BACKFILL] fellows.joined from agent-6f511416da3c (ts: 2026-06-07T03:40:44.005379+00:00 < start: 2026-06-07T07:18:57.806Z)
[SKIP-BACKFILL] fellows.joined from agent-29bbc3e464ca (ts: 2026-06-07T03:45:05.777989+00:00 < start: 2026-06-07T07:18:57.806Z)
[SKIP-BACKFILL] fellows.joined from agent-78d9c02b11ec (ts: 2026-06-07T03:45:47.815905+00:00 < start: 2026-06-07T07:18:57.806Z)
[SKIP-BACKFILL] fellows.joined from agent-cfcf5eb3dff9 (ts: 2026-06-07T03:45:52.853585+00:00 < start: 2026-06-07T07:18:57.806Z)
[SKIP-BACKFILL] fellows.joined from agent-0d3ae6786e9d (ts: 2026-06-07T03:46:00.058316+00:00 < start: 2026-06-07T07:18:57.806Z)
[SKIP-BACKFILL] fellows.joined from agent-5b4e579d93e0 (ts: 2026-06-07T04:07:18.257165+00:00 < start: 2026-06-07T07:18:57.806Z)
[SKIP-BACKFILL] fellows.joined from agent-a79a4d97e78c (ts: 2026-06-07T04:07:57.914185+00:00 < start: 2026-06-07T07:18:57.806Z)
[SKIP-BACKFILL] fellows.joined from agent-ca49e8a935ff (ts: 2026-06-07T04:08:02.924371+00:00 < start: 2026-06-07T07:18:57.806Z)
[SKIP-BACKFILL] fellows.joined from agent-21f4f5e4b290 (ts: 2026-06-07T04:08:09.932471+00:00 < start: 2026-06-07T07:18:57.806Z)
[SKIP-BACKFILL] fellows.joined from agent-a578ab1edc32 (ts: 2026-06-07T06:22:24.341249+00:00 < start: 2026-06-07T07:18:57.806Z)
[SKIP-BACKFILL] fellows.joined from agent-48d8326a335c (ts: 2026-06-07T06:22:28.453733+00:00 < start: 2026-06-07T07:18:57.806Z)
[SKIP-BACKFILL] fellows.joined from agent-3a26459081c0 (ts: 2026-06-07T06:22:35.531547+00:00 < start: 2026-06-07T07:18:57.806Z)
[ERROR] Stream error: unknown . Reconnecting in 6859ms (attempt 1)...
[CONNECT] attempt=2 last_event_id=tick-4751 next_backoff=6881ms
[OPEN] Stream connected. Listening for events... (pid=24588, last_event_id=tick-4751)
[READY] backfilled 30 events · live tail begins (ts: 2026-06-07T07:37:48.539498+00:00)
[SKIP-BACKFILL] fellows.joined from agent-063963a59e03 (ts: 2026-06-07T03:09:41.364746+00:00 < start: 2026-06-07T07:18:57.806Z)
[SKIP-BACKFILL] fellows.joined from agent-9f25b6ac75c4 (ts: 2026-06-07T03:12:08.610817+00:00 < start: 2026-06-07T07:18:57.806Z)
[SKIP-BACKFILL] fellows.joined from agent-c834d5e5b078 (ts: 2026-06-07T03:12:13.625417+00:00 < start: 2026-06-07T07:18:57.806Z)
[SKIP-BACKFILL] fellows.joined from agent-2bd812de1b14 (ts: 2026-06-07T03:12:20.666666+00:00 < start: 2026-06-07T07:18:57.806Z)
[SKIP-BACKFILL] fellows.joined from agent-1ce976aacc6a (ts: 2026-06-07T03:19:09.712986+00:00 < start: 2026-06-07T07:18:57.806Z)
[SKIP-BACKFILL] fellows.joined from agent-f12e9cfc1c74 (ts: 2026-06-07T03:20:43.449171+00:00 < start: 2026-06-07T07:18:57.806Z)
[SKIP-BACKFILL] fellows.joined from agent-5836101ce6a0 (ts: 2026-06-07T03:20:48.449908+00:00 < start: 2026-06-07T07:18:57.806Z)
[SKIP-BACKFILL] fellows.joined from agent-b265127eacef (ts: 2026-06-07T03:20:55.504373+00:00 < start: 2026-06-07T07:18:57.806Z)
[SKIP-BACKFILL] fellows.joined from agent-091ddc8fc217 (ts: 2026-06-07T03:28:26.508756+00:00 < start: 2026-06-07T07:18:57.806Z)
[SKIP-BACKFILL] fellows.joined from agent-38bdd62a0d80 (ts: 2026-06-07T03:30:08.785819+00:00 < start: 2026-06-07T07:18:57.806Z)
[SKIP-BACKFILL] fellows.joined from agent-96f3e5280484 (ts: 2026-06-07T03:30:13.714626+00:00 < start: 2026-06-07T07:18:57.806Z)
[SKIP-BACKFILL] fellows.joined from agent-551fb91395c9 (ts: 2026-06-07T03:30:20.892741+00:00 < start: 2026-06-07T07:18:57.806Z)
[SKIP-BACKFILL] fellows.joined from agent-0b9cdcac873f (ts: 2026-06-07T03:37:01.745042+00:00 < start: 2026-06-07T07:18:57.806Z)
[SKIP-BACKFILL] fellows.joined from agent-460f48b359fc (ts: 2026-06-07T03:37:01.993597+00:00 < start: 2026-06-07T07:18:57.806Z)
[SKIP-BACKFILL] fellows.joined from agent-7748d1432bf0 (ts: 2026-06-07T03:37:02.298331+00:00 < start: 2026-06-07T07:18:57.806Z)
[SKIP-BACKFILL] fellows.joined from agent-4f752e22c475 (ts: 2026-06-07T03:38:04.854735+00:00 < start: 2026-06-07T07:18:57.806Z)
[SKIP-BACKFILL] fellows.joined from agent-f69770251904 (ts: 2026-06-07T03:40:31.916639+00:00 < start: 2026-06-07T07:18:57.806Z)
[SKIP-BACKFILL] fellows.joined from agent-0bf8ef15d8be (ts: 2026-06-07T03:40:36.963530+00:00 < start: 2026-06-07T07:18:57.806Z)
[SKIP-BACKFILL] fellows.joined from agent-6f511416da3c (ts: 2026-06-07T03:40:44.005379+00:00 < start: 2026-06-07T07:18:57.806Z)
[SKIP-BACKFILL] fellows.joined from agent-29bbc3e464ca (ts: 2026-06-07T03:45:05.777989+00:00 < start: 2026-06-07T07:18:57.806Z)
[SKIP-BACKFILL] fellows.joined from agent-78d9c02b11ec (ts: 2026-06-07T03:45:47.815905+00:00 < start: 2026-06-07T07:18:57.806Z)
[SKIP-BACKFILL] fellows.joined from agent-cfcf5eb3dff9 (ts: 2026-06-07T03:45:52.853585+00:00 < start: 2026-06-07T07:18:57.806Z)
[SKIP-BACKFILL] fellows.joined from agent-0d3ae6786e9d (ts: 2026-06-07T03:46:00.058316+00:00 < start: 2026-06-07T07:18:57.806Z)
[SKIP-BACKFILL] fellows.joined from agent-5b4e579d93e0 (ts: 2026-06-07T04:07:18.257165+00:00 < start: 2026-06-07T07:18:57.806Z)
[SKIP-BACKFILL] fellows.joined from agent-a79a4d97e78c (ts: 2026-06-07T04:07:57.914185+00:00 < start: 2026-06-07T07:18:57.806Z)
[SKIP-BACKFILL] fellows.joined from agent-ca49e8a935ff (ts: 2026-06-07T04:08:02.924371+00:00 < start: 2026-06-07T07:18:57.806Z)
[SKIP-BACKFILL] fellows.joined from agent-21f4f5e4b290 (ts: 2026-06-07T04:08:09.932471+00:00 < start: 2026-06-07T07:18:57.806Z)
[SKIP-BACKFILL] fellows.joined from agent-a578ab1edc32 (ts: 2026-06-07T06:22:24.341249+00:00 < start: 2026-06-07T07:18:57.806Z)
[SKIP-BACKFILL] fellows.joined from agent-48d8326a335c (ts: 2026-06-07T06:22:28.453733+00:00 < start: 2026-06-07T07:18:57.806Z)
[SKIP-BACKFILL] fellows.joined from agent-3a26459081c0 (ts: 2026-06-07T06:22:35.531547+00:00 < start: 2026-06-07T07:18:57.806Z)
[ERROR] Stream error: unknown . Reconnecting in 6881ms (attempt 1)...
[CONNECT] attempt=2 last_event_id=tick-4753 next_backoff=6092ms
[OPEN] Stream connected. Listening for events... (pid=24588, last_event_id=tick-4753)
[READY] backfilled 30 events · live tail begins (ts: 2026-06-07T07:38:55.611856+00:00)
[SKIP-BACKFILL] fellows.joined from agent-063963a59e03 (ts: 2026-06-07T03:09:41.364746+00:00 < start: 2026-06-07T07:18:57.806Z)
[SKIP-BACKFILL] fellows.joined from agent-9f25b6ac75c4 (ts: 2026-06-07T03:12:08.610817+00:00 < start: 2026-06-07T07:18:57.806Z)
[SKIP-BACKFILL] fellows.joined from agent-c834d5e5b078 (ts: 2026-06-07T03:12:13.625417+00:00 < start: 2026-06-07T07:18:57.806Z)
[SKIP-BACKFILL] fellows.joined from agent-2bd812de1b14 (ts: 2026-06-07T03:12:20.666666+00:00 < start: 2026-06-07T07:18:57.806Z)
[SKIP-BACKFILL] fellows.joined from agent-1ce976aacc6a (ts: 2026-06-07T03:19:09.712986+00:00 < start: 2026-06-07T07:18:57.806Z)
[SKIP-BACKFILL] fellows.joined from agent-f12e9cfc1c74 (ts: 2026-06-07T03:20:43.449171+00:00 < start: 2026-06-07T07:18:57.806Z)
[SKIP-BACKFILL] fellows.joined from agent-5836101ce6a0 (ts: 2026-06-07T03:20:48.449908+00:00 < start: 2026-06-07T07:18:57.806Z)
[SKIP-BACKFILL] fellows.joined from agent-b265127eacef (ts: 2026-06-07T03:20:55.504373+00:00 < start: 2026-06-07T07:18:57.806Z)
[SKIP-BACKFILL] fellows.joined from agent-091ddc8fc217 (ts: 2026-06-07T03:28:26.508756+00:00 < start: 2026-06-07T07:18:57.806Z)
[SKIP-BACKFILL] fellows.joined from agent-38bdd62a0d80 (ts: 2026-06-07T03:30:08.785819+00:00 < start: 2026-06-07T07:18:57.806Z)
[SKIP-BACKFILL] fellows.joined from agent-96f3e5280484 (ts: 2026-06-07T03:30:13.714626+00:00 < start: 2026-06-07T07:18:57.806Z)
[SKIP-BACKFILL] fellows.joined from agent-551fb91395c9 (ts: 2026-06-07T03:30:20.892741+00:00 < start: 2026-06-07T07:18:57.806Z)
[SKIP-BACKFILL] fellows.joined from agent-0b9cdcac873f (ts: 2026-06-07T03:37:01.745042+00:00 < start: 2026-06-07T07:18:57.806Z)
[SKIP-BACKFILL] fellows.joined from agent-460f48b359fc (ts: 2026-06-07T03:37:01.993597+00:00 < start: 2026-06-07T07:18:57.806Z)
[SKIP-BACKFILL] fellows.joined from agent-7748d1432bf0 (ts: 2026-06-07T03:37:02.298331+00:00 < start: 2026-06-07T07:18:57.806Z)
[SKIP-BACKFILL] fellows.joined from agent-4f752e22c475 (ts: 2026-06-07T03:38:04.854735+00:00 < start: 2026-06-07T07:18:57.806Z)
[SKIP-BACKFILL] fellows.joined from agent-f69770251904 (ts: 2026-06-07T03:40:31.916639+00:00 < start: 2026-06-07T07:18:57.806Z)
[SKIP-BACKFILL] fellows.joined from agent-0bf8ef15d8be (ts: 2026-06-07T03:40:36.963530+00:00 < start: 2026-06-07T07:18:57.806Z)
[SKIP-BACKFILL] fellows.joined from agent-6f511416da3c (ts: 2026-06-07T03:40:44.005379+00:00 < start: 2026-06-07T07:18:57.806Z)
[SKIP-BACKFILL] fellows.joined from agent-29bbc3e464ca (ts: 2026-06-07T03:45:05.777989+00:00 < start: 2026-06-07T07:18:57.806Z)
[SKIP-BACKFILL] fellows.joined from agent-78d9c02b11ec (ts: 2026-06-07T03:45:47.815905+00:00 < start: 2026-06-07T07:18:57.806Z)
[SKIP-BACKFILL] fellows.joined from agent-cfcf5eb3dff9 (ts: 2026-06-07T03:45:52.853585+00:00 < start: 2026-06-07T07:18:57.806Z)
[SKIP-BACKFILL] fellows.joined from agent-0d3ae6786e9d (ts: 2026-06-07T03:46:00.058316+00:00 < start: 2026-06-07T07:18:57.806Z)
[SKIP-BACKFILL] fellows.joined from agent-5b4e579d93e0 (ts: 2026-06-07T04:07:18.257165+00:00 < start: 2026-06-07T07:18:57.806Z)
[SKIP-BACKFILL] fellows.joined from agent-a79a4d97e78c (ts: 2026-06-07T04:07:57.914185+00:00 < start: 2026-06-07T07:18:57.806Z)
[SKIP-BACKFILL] fellows.joined from agent-ca49e8a935ff (ts: 2026-06-07T04:08:02.924371+00:00 < start: 2026-06-07T07:18:57.806Z)
[SKIP-BACKFILL] fellows.joined from agent-21f4f5e4b290 (ts: 2026-06-07T04:08:09.932471+00:00 < start: 2026-06-07T07:18:57.806Z)
[SKIP-BACKFILL] fellows.joined from agent-a578ab1edc32 (ts: 2026-06-07T06:22:24.341249+00:00 < start: 2026-06-07T07:18:57.806Z)
[SKIP-BACKFILL] fellows.joined from agent-48d8326a335c (ts: 2026-06-07T06:22:28.453733+00:00 < start: 2026-06-07T07:18:57.806Z)
[SKIP-BACKFILL] fellows.joined from agent-3a26459081c0 (ts: 2026-06-07T06:22:35.531547+00:00 < start: 2026-06-07T07:18:57.806Z)
[ERROR] Stream error: unknown . Reconnecting in 6092ms (attempt 1)...
[CONNECT] attempt=2 last_event_id=tick-4756 next_backoff=6188ms
[OPEN] Stream connected. Listening for events... (pid=24588, last_event_id=tick-4756)
[READY] backfilled 30 events · live tail begins (ts: 2026-06-07T07:40:01.866035+00:00)
[SKIP-BACKFILL] fellows.joined from agent-063963a59e03 (ts: 2026-06-07T03:09:41.364746+00:00 < start: 2026-06-07T07:18:57.806Z)
[SKIP-BACKFILL] fellows.joined from agent-9f25b6ac75c4 (ts: 2026-06-07T03:12:08.610817+00:00 < start: 2026-06-07T07:18:57.806Z)
[SKIP-BACKFILL] fellows.joined from agent-c834d5e5b078 (ts: 2026-06-07T03:12:13.625417+00:00 < start: 2026-06-07T07:18:57.806Z)
[SKIP-BACKFILL] fellows.joined from agent-2bd812de1b14 (ts: 2026-06-07T03:12:20.666666+00:00 < start: 2026-06-07T07:18:57.806Z)
[SKIP-BACKFILL] fellows.joined from agent-1ce976aacc6a (ts: 2026-06-07T03:19:09.712986+00:00 < start: 2026-06-07T07:18:57.806Z)
[SKIP-BACKFILL] fellows.joined from agent-f12e9cfc1c74 (ts: 2026-06-07T03:20:43.449171+00:00 < start: 2026-06-07T07:18:57.806Z)
[SKIP-BACKFILL] fellows.joined from agent-5836101ce6a0 (ts: 2026-06-07T03:20:48.449908+00:00 < start: 2026-06-07T07:18:57.806Z)
[SKIP-BACKFILL] fellows.joined from agent-b265127eacef (ts: 2026-06-07T03:20:55.504373+00:00 < start: 2026-06-07T07:18:57.806Z)
[SKIP-BACKFILL] fellows.joined from agent-091ddc8fc217 (ts: 2026-06-07T03:28:26.508756+00:00 < start: 2026-06-07T07:18:57.806Z)
[SKIP-BACKFILL] fellows.joined from agent-38bdd62a0d80 (ts: 2026-06-07T03:30:08.785819+00:00 < start: 2026-06-07T07:18:57.806Z)
[SKIP-BACKFILL] fellows.joined from agent-96f3e5280484 (ts: 2026-06-07T03:30:13.714626+00:00 < start: 2026-06-07T07:18:57.806Z)
[SKIP-BACKFILL] fellows.joined from agent-551fb91395c9 (ts: 2026-06-07T03:30:20.892741+00:00 < start: 2026-06-07T07:18:57.806Z)
[SKIP-BACKFILL] fellows.joined from agent-0b9cdcac873f (ts: 2026-06-07T03:37:01.745042+00:00 < start: 2026-06-07T07:18:57.806Z)
[SKIP-BACKFILL] fellows.joined from agent-460f48b359fc (ts: 2026-06-07T03:37:01.993597+00:00 < start: 2026-06-07T07:18:57.806Z)
[SKIP-BACKFILL] fellows.joined from agent-7748d1432bf0 (ts: 2026-06-07T03:37:02.298331+00:00 < start: 2026-06-07T07:18:57.806Z)
[SKIP-BACKFILL] fellows.joined from agent-4f752e22c475 (ts: 2026-06-07T03:38:04.854735+00:00 < start: 2026-06-07T07:18:57.806Z)
[SKIP-BACKFILL] fellows.joined from agent-f69770251904 (ts: 2026-06-07T03:40:31.916639+00:00 < start: 2026-06-07T07:18:57.806Z)
[SKIP-BACKFILL] fellows.joined from agent-0bf8ef15d8be (ts: 2026-06-07T03:40:36.963530+00:00 < start: 2026-06-07T07:18:57.806Z)
[SKIP-BACKFILL] fellows.joined from agent-6f511416da3c (ts: 2026-06-07T03:40:44.005379+00:00 < start: 2026-06-07T07:18:57.806Z)
[SKIP-BACKFILL] fellows.joined from agent-29bbc3e464ca (ts: 2026-06-07T03:45:05.777989+00:00 < start: 2026-06-07T07:18:57.806Z)
[SKIP-BACKFILL] fellows.joined from agent-78d9c02b11ec (ts: 2026-06-07T03:45:47.815905+00:00 < start: 2026-06-07T07:18:57.806Z)
[SKIP-BACKFILL] fellows.joined from agent-cfcf5eb3dff9 (ts: 2026-06-07T03:45:52.853585+00:00 < start: 2026-06-07T07:18:57.806Z)
[SKIP-BACKFILL] fellows.joined from agent-0d3ae6786e9d (ts: 2026-06-07T03:46:00.058316+00:00 < start: 2026-06-07T07:18:57.806Z)
[SKIP-BACKFILL] fellows.joined from agent-5b4e579d93e0 (ts: 2026-06-07T04:07:18.257165+00:00 < start: 2026-06-07T07:18:57.806Z)
[SKIP-BACKFILL] fellows.joined from agent-a79a4d97e78c (ts: 2026-06-07T04:07:57.914185+00:00 < start: 2026-06-07T07:18:57.806Z)
[SKIP-BACKFILL] fellows.joined from agent-ca49e8a935ff (ts: 2026-06-07T04:08:02.924371+00:00 < start: 2026-06-07T07:18:57.806Z)
[SKIP-BACKFILL] fellows.joined from agent-21f4f5e4b290 (ts: 2026-06-07T04:08:09.932471+00:00 < start: 2026-06-07T07:18:57.806Z)
[SKIP-BACKFILL] fellows.joined from agent-a578ab1edc32 (ts: 2026-06-07T06:22:24.341249+00:00 < start: 2026-06-07T07:18:57.806Z)
[SKIP-BACKFILL] fellows.joined from agent-48d8326a335c (ts: 2026-06-07T06:22:28.453733+00:00 < start: 2026-06-07T07:18:57.806Z)
[SKIP-BACKFILL] fellows.joined from agent-3a26459081c0 (ts: 2026-06-07T06:22:35.531547+00:00 < start: 2026-06-07T07:18:57.806Z)
[ERROR] Stream error: unknown . Reconnecting in 6188ms (attempt 1)...
[CONNECT] attempt=2 last_event_id=tick-4758 next_backoff=6528ms
[OPEN] Stream connected. Listening for events... (pid=24588, last_event_id=tick-4758)
[READY] backfilled 30 events · live tail begins (ts: 2026-06-07T07:41:08.276135+00:00)
[SKIP-BACKFILL] fellows.joined from agent-063963a59e03 (ts: 2026-06-07T03:09:41.364746+00:00 < start: 2026-06-07T07:18:57.806Z)
[SKIP-BACKFILL] fellows.joined from agent-9f25b6ac75c4 (ts: 2026-06-07T03:12:08.610817+00:00 < start: 2026-06-07T07:18:57.806Z)
[SKIP-BACKFILL] fellows.joined from agent-c834d5e5b078 (ts: 2026-06-07T03:12:13.625417+00:00 < start: 2026-06-07T07:18:57.806Z)
[SKIP-BACKFILL] fellows.joined from agent-2bd812de1b14 (ts: 2026-06-07T03:12:20.666666+00:00 < start: 2026-06-07T07:18:57.806Z)
[SKIP-BACKFILL] fellows.joined from agent-1ce976aacc6a (ts: 2026-06-07T03:19:09.712986+00:00 < start: 2026-06-07T07:18:57.806Z)
[SKIP-BACKFILL] fellows.joined from agent-f12e9cfc1c74 (ts: 2026-06-07T03:20:43.449171+00:00 < start: 2026-06-07T07:18:57.806Z)
[SKIP-BACKFILL] fellows.joined from agent-5836101ce6a0 (ts: 2026-06-07T03:20:48.449908+00:00 < start: 2026-06-07T07:18:57.806Z)
[SKIP-BACKFILL] fellows.joined from agent-b265127eacef (ts: 2026-06-07T03:20:55.504373+00:00 < start: 2026-06-07T07:18:57.806Z)
[SKIP-BACKFILL] fellows.joined from agent-091ddc8fc217 (ts: 2026-06-07T03:28:26.508756+00:00 < start: 2026-06-07T07:18:57.806Z)
[SKIP-BACKFILL] fellows.joined from agent-38bdd62a0d80 (ts: 2026-06-07T03:30:08.785819+00:00 < start: 2026-06-07T07:18:57.806Z)
[SKIP-BACKFILL] fellows.joined from agent-96f3e5280484 (ts: 2026-06-07T03:30:13.714626+00:00 < start: 2026-06-07T07:18:57.806Z)
[SKIP-BACKFILL] fellows.joined from agent-551fb91395c9 (ts: 2026-06-07T03:30:20.892741+00:00 < start: 2026-06-07T07:18:57.806Z)
[SKIP-BACKFILL] fellows.joined from agent-0b9cdcac873f (ts: 2026-06-07T03:37:01.745042+00:00 < start: 2026-06-07T07:18:57.806Z)
[SKIP-BACKFILL] fellows.joined from agent-460f48b359fc (ts: 2026-06-07T03:37:01.993597+00:00 < start: 2026-06-07T07:18:57.806Z)
[SKIP-BACKFILL] fellows.joined from agent-7748d1432bf0 (ts: 2026-06-07T03:37:02.298331+00:00 < start: 2026-06-07T07:18:57.806Z)
[SKIP-BACKFILL] fellows.joined from agent-4f752e22c475 (ts: 2026-06-07T03:38:04.854735+00:00 < start: 2026-06-07T07:18:57.806Z)
[SKIP-BACKFILL] fellows.joined from agent-f69770251904 (ts: 2026-06-07T03:40:31.916639+00:00 < start: 2026-06-07T07:18:57.806Z)
[SKIP-BACKFILL] fellows.joined from agent-0bf8ef15d8be (ts: 2026-06-07T03:40:36.963530+00:00 < start: 2026-06-07T07:18:57.806Z)
[SKIP-BACKFILL] fellows.joined from agent-6f511416da3c (ts: 2026-06-07T03:40:44.005379+00:00 < start: 2026-06-07T07:18:57.806Z)
[SKIP-BACKFILL] fellows.joined from agent-29bbc3e464ca (ts: 2026-06-07T03:45:05.777989+00:00 < start: 2026-06-07T07:18:57.806Z)
[SKIP-BACKFILL] fellows.joined from agent-78d9c02b11ec (ts: 2026-06-07T03:45:47.815905+00:00 < start: 2026-06-07T07:18:57.806Z)
[SKIP-BACKFILL] fellows.joined from agent-cfcf5eb3dff9 (ts: 2026-06-07T03:45:52.853585+00:00 < start: 2026-06-07T07:18:57.806Z)
[SKIP-BACKFILL] fellows.joined from agent-0d3ae6786e9d (ts: 2026-06-07T03:46:00.058316+00:00 < start: 2026-06-07T07:18:57.806Z)
[SKIP-BACKFILL] fellows.joined from agent-5b4e579d93e0 (ts: 2026-06-07T04:07:18.257165+00:00 < start: 2026-06-07T07:18:57.806Z)
[SKIP-BACKFILL] fellows.joined from agent-a79a4d97e78c (ts: 2026-06-07T04:07:57.914185+00:00 < start: 2026-06-07T07:18:57.806Z)
[SKIP-BACKFILL] fellows.joined from agent-ca49e8a935ff (ts: 2026-06-07T04:08:02.924371+00:00 < start: 2026-06-07T07:18:57.806Z)
[SKIP-BACKFILL] fellows.joined from agent-21f4f5e4b290 (ts: 2026-06-07T04:08:09.932471+00:00 < start: 2026-06-07T07:18:57.806Z)
[SKIP-BACKFILL] fellows.joined from agent-a578ab1edc32 (ts: 2026-06-07T06:22:24.341249+00:00 < start: 2026-06-07T07:18:57.806Z)
[SKIP-BACKFILL] fellows.joined from agent-48d8326a335c (ts: 2026-06-07T06:22:28.453733+00:00 < start: 2026-06-07T07:18:57.806Z)
[SKIP-BACKFILL] fellows.joined from agent-3a26459081c0 (ts: 2026-06-07T06:22:35.531547+00:00 < start: 2026-06-07T07:18:57.806Z)
[ERROR] Stream error: unknown . Reconnecting in 6528ms (attempt 1)...
[CONNECT] attempt=2 last_event_id=tick-4759 next_backoff=6859ms
[ERROR] Stream error: Non-200 status code (502) . Reconnecting in 6859ms (attempt 2)...
[CONNECT] attempt=3 last_event_id=tick-4759 next_backoff=12000ms
[ERROR] Stream error: Non-200 status code (502) . Reconnecting in 12000ms (attempt 3)...
[CONNECT] attempt=4 last_event_id=tick-4759 next_backoff=24233ms
[ERROR] Stream error: Non-200 status code (404) . Reconnecting in 24233ms (attempt 4)...
[CONNECT] attempt=5 last_event_id=tick-4759 next_backoff=48044ms
[ERROR] Stream error: Non-200 status code (404) . Reconnecting in 48044ms (attempt 5)...
[CONNECT] attempt=6 last_event_id=tick-4759 next_backoff=60977ms
[ERROR] Stream error: Non-200 status code (404) . Reconnecting in 60977ms (attempt 6)...
[CONNECT] attempt=7 last_event_id=tick-4759 next_backoff=60345ms
[ERROR] Stream error: Non-200 status code (404) . Reconnecting in 60345ms (attempt 7)...
[CONNECT] attempt=8 last_event_id=tick-4759 next_backoff=60768ms
[ERROR] Stream error: Non-200 status code (404) . Reconnecting in 60768ms (attempt 8)...
[CONNECT] attempt=9 last_event_id=tick-4759 next_backoff=60641ms
[ERROR] Stream error: Non-200 status code (404) . Reconnecting in 60641ms (attempt 9)...
[CONNECT] attempt=10 last_event_id=tick-4759 next_backoff=60254ms
[ERROR] Stream error: Non-200 status code (404) . Reconnecting in 60254ms (attempt 10)...
[CONNECT] attempt=11 last_event_id=tick-4759 next_backoff=60620ms
[ERROR] Stream error: Non-200 status code (404) . Reconnecting in 60620ms (attempt 11)...
[CONNECT] attempt=12 last_event_id=tick-4759 next_backoff=60834ms
[ERROR] Stream error: Non-200 status code (404) . Reconnecting in 60834ms (attempt 12)...
[CONNECT] attempt=13 last_event_id=tick-4759 next_backoff=60628ms
[ERROR] Stream error: Non-200 status code (404) . Reconnecting in 60628ms (attempt 13)...
[CONNECT] attempt=14 last_event_id=tick-4759 next_backoff=60728ms
[ERROR] Stream error: Non-200 status code (404) . Reconnecting in 60728ms (attempt 14)...
[CONNECT] attempt=15 last_event_id=tick-4759 next_backoff=60827ms
[ERROR] Stream error: Non-200 status code (404) . Reconnecting in 60827ms (attempt 15)...
[CONNECT] attempt=16 last_event_id=tick-4759 next_backoff=60809ms
[ERROR] Stream error: Non-200 status code (404) . Reconnecting in 60809ms (attempt 16)...
[CONNECT] attempt=17 last_event_id=tick-4759 next_backoff=60042ms
[ERROR] Stream error: Non-200 status code (404) . Reconnecting in 60042ms (attempt 17)...
[CONNECT] attempt=18 last_event_id=tick-4759 next_backoff=60740ms
[ERROR] Stream error: Non-200 status code (404) . Reconnecting in 60740ms (attempt 18)...
[CONNECT] attempt=19 last_event_id=tick-4759 next_backoff=60933ms
[ERROR] Stream error: Non-200 status code (404) . Reconnecting in 60933ms (attempt 19)...
[CONNECT] attempt=20 last_event_id=tick-4759 next_backoff=60767ms
[ERROR] Stream error: Non-200 status code (404) . Reconnecting in 60767ms (attempt 20)...
[CONNECT] attempt=21 last_event_id=tick-4759 next_backoff=60041ms
[ERROR] Stream error: Non-200 status code (404) . Reconnecting in 60041ms (attempt 21)...
[CONNECT] attempt=22 last_event_id=tick-4759 next_backoff=60165ms
[ERROR] Stream error: Non-200 status code (404) . Reconnecting in 60165ms (attempt 22)...
[CONNECT] attempt=23 last_event_id=tick-4759 next_backoff=60731ms
[ERROR] Stream error: Non-200 status code (404) . Reconnecting in 60731ms (attempt 23)...
[CONNECT] attempt=24 last_event_id=tick-4759 next_backoff=60689ms
[ERROR] Stream error: Non-200 status code (404) . Reconnecting in 60689ms (attempt 24)...
[CONNECT] attempt=25 last_event_id=tick-4759 next_backoff=60618ms
[ERROR] Stream error: Non-200 status code (404) . Reconnecting in 60618ms (attempt 25)...
[CONNECT] attempt=26 last_event_id=tick-4759 next_backoff=60035ms
[ERROR] Stream error: Non-200 status code (404) . Reconnecting in 60035ms (attempt 26)...
[CONNECT] attempt=27 last_event_id=tick-4759 next_backoff=60965ms
[ERROR] Stream error: Non-200 status code (404) . Reconnecting in 60965ms (attempt 27)...
[CONNECT] attempt=28 last_event_id=tick-4759 next_backoff=60099ms
[ERROR] Stream error: Non-200 status code (404) . Reconnecting in 60099ms (attempt 28)...
[CONNECT] attempt=29 last_event_id=tick-4759 next_backoff=60277ms
[ERROR] Stream error: Non-200 status code (404) . Reconnecting in 60277ms (attempt 29)...
[CONNECT] attempt=30 last_event_id=tick-4759 next_backoff=60830ms
[ERROR] Stream error: Non-200 status code (404) . Reconnecting in 60830ms (attempt 30)...
[CONNECT] attempt=31 last_event_id=tick-4759 next_backoff=60260ms
[ERROR] Stream error: Non-200 status code (404) . Reconnecting in 60260ms (attempt 31)...
[CONNECT] attempt=32 last_event_id=tick-4759 next_backoff=60566ms
[ERROR] Stream error: Non-200 status code (404) . Reconnecting in 60566ms (attempt 32)...
[CONNECT] attempt=33 last_event_id=tick-4759 next_backoff=60112ms
[ERROR] Stream error: Non-200 status code (404) . Reconnecting in 60112ms (attempt 33)...
[CONNECT] attempt=34 last_event_id=tick-4759 next_backoff=60551ms
[ERROR] Stream error: Non-200 status code (404) . Reconnecting in 60551ms (attempt 34)...
[CONNECT] attempt=35 last_event_id=tick-4759 next_backoff=60854ms
[ERROR] Stream error: Non-200 status code (404) . Reconnecting in 60854ms (attempt 35)...
[CONNECT] attempt=36 last_event_id=tick-4759 next_backoff=60127ms
[ERROR] Stream error: Non-200 status code (404) . Reconnecting in 60127ms (attempt 36)...
[CONNECT] attempt=37 last_event_id=tick-4759 next_backoff=60241ms
[ERROR] Stream error: Non-200 status code (404) . Reconnecting in 60241ms (attempt 37)...
[CONNECT] attempt=38 last_event_id=tick-4759 next_backoff=60239ms
[ERROR] Stream error: Non-200 status code (404) . Reconnecting in 60239ms (attempt 38)...
[CONNECT] attempt=39 last_event_id=tick-4759 next_backoff=60885ms
[ERROR] Stream error: Non-200 status code (404) . Reconnecting in 60885ms (attempt 39)...
[CONNECT] attempt=40 last_event_id=tick-4759 next_backoff=60754ms
[ERROR] Stream error: Non-200 status code (404) . Reconnecting in 60754ms (attempt 40)...
[CONNECT] attempt=41 last_event_id=tick-4759 next_backoff=60881ms
[ERROR] Stream error: Non-200 status code (404) . Reconnecting in 60881ms (attempt 41)...
[CONNECT] attempt=42 last_event_id=tick-4759 next_backoff=60211ms
[ERROR] Stream error: Non-200 status code (404) . Reconnecting in 60211ms (attempt 42)...
[CONNECT] attempt=43 last_event_id=tick-4759 next_backoff=60591ms
[ERROR] Stream error: Non-200 status code (404) . Reconnecting in 60591ms (attempt 43)...
[CONNECT] attempt=44 last_event_id=tick-4759 next_backoff=60643ms
[ERROR] Stream error: Non-200 status code (404) . Reconnecting in 60643ms (attempt 44)...
[CONNECT] attempt=45 last_event_id=tick-4759 next_backoff=60900ms
[ERROR] Stream error: Non-200 status code (404) . Reconnecting in 60900ms (attempt 45)...
[CONNECT] attempt=46 last_event_id=tick-4759 next_backoff=60865ms
[ERROR] Stream error: Non-200 status code (404) . Reconnecting in 60865ms (attempt 46)...
[CONNECT] attempt=47 last_event_id=tick-4759 next_backoff=60594ms
[ERROR] Stream error: Non-200 status code (404) . Reconnecting in 60594ms (attempt 47)...
[CONNECT] attempt=48 last_event_id=tick-4759 next_backoff=60358ms
[ERROR] Stream error: Non-200 status code (404) . Reconnecting in 60358ms (attempt 48)...
[CONNECT] attempt=49 last_event_id=tick-4759 next_backoff=60138ms
[ERROR] Stream error: Non-200 status code (404) . Reconnecting in 60138ms (attempt 49)...
[CONNECT] attempt=50 last_event_id=tick-4759 next_backoff=60827ms
[ERROR] Stream error: Non-200 status code (404) . Reconnecting in 60827ms (attempt 50)...
[CONNECT] attempt=51 last_event_id=tick-4759 next_backoff=60459ms
[ERROR] Stream error: Non-200 status code (404) . Reconnecting in 60459ms (attempt 51)...
[CONNECT] attempt=52 last_event_id=tick-4759 next_backoff=60565ms
[ERROR] Stream error: Non-200 status code (404) . Reconnecting in 60565ms (attempt 52)...
[CONNECT] attempt=53 last_event_id=tick-4759 next_backoff=60106ms
[ERROR] Stream error: Non-200 status code (404) . Reconnecting in 60106ms (attempt 53)...
[CONNECT] attempt=54 last_event_id=tick-4759 next_backoff=60732ms
[ERROR] Stream error: Non-200 status code (404) . Reconnecting in 60732ms (attempt 54)...
[CONNECT] attempt=55 last_event_id=tick-4759 next_backoff=60447ms
[ERROR] Stream error: Non-200 status code (404) . Reconnecting in 60447ms (attempt 55)...
[CONNECT] attempt=56 last_event_id=tick-4759 next_backoff=60752ms
[ERROR] Stream error: Non-200 status code (404) . Reconnecting in 60752ms (attempt 56)...
[CONNECT] attempt=57 last_event_id=tick-4759 next_backoff=60789ms
[ERROR] Stream error: Non-200 status code (404) . Reconnecting in 60789ms (attempt 57)...
[CONNECT] attempt=58 last_event_id=tick-4759 next_backoff=60611ms
[ERROR] Stream error: Non-200 status code (404) . Reconnecting in 60611ms (attempt 58)...
[CONNECT] attempt=59 last_event_id=tick-4759 next_backoff=60304ms
[ERROR] Stream error: Non-200 status code (404) . Reconnecting in 60304ms (attempt 59)...
[CONNECT] attempt=60 last_event_id=tick-4759 next_backoff=60389ms
[OPEN] Stream connected. Listening for events... (pid=24588, last_event_id=tick-4759)
[READY] backfilled 30 events · live tail begins (ts: 2026-06-07T08:38:30.608289+00:00)
[SKIP-BACKFILL] fellows.joined from agent-9f25b6ac75c4 (ts: 2026-06-07T03:12:08.610817+00:00 < start: 2026-06-07T07:18:57.806Z)
[SKIP-BACKFILL] fellows.joined from agent-c834d5e5b078 (ts: 2026-06-07T03:12:13.625417+00:00 < start: 2026-06-07T07:18:57.806Z)
[SKIP-BACKFILL] fellows.joined from agent-2bd812de1b14 (ts: 2026-06-07T03:12:20.666666+00:00 < start: 2026-06-07T07:18:57.806Z)
[SKIP-BACKFILL] fellows.joined from agent-1ce976aacc6a (ts: 2026-06-07T03:19:09.712986+00:00 < start: 2026-06-07T07:18:57.806Z)
[SKIP-BACKFILL] fellows.joined from agent-f12e9cfc1c74 (ts: 2026-06-07T03:20:43.449171+00:00 < start: 2026-06-07T07:18:57.806Z)
[SKIP-BACKFILL] fellows.joined from agent-5836101ce6a0 (ts: 2026-06-07T03:20:48.449908+00:00 < start: 2026-06-07T07:18:57.806Z)
[SKIP-BACKFILL] fellows.joined from agent-b265127eacef (ts: 2026-06-07T03:20:55.504373+00:00 < start: 2026-06-07T07:18:57.806Z)
[SKIP-BACKFILL] fellows.joined from agent-091ddc8fc217 (ts: 2026-06-07T03:28:26.508756+00:00 < start: 2026-06-07T07:18:57.806Z)
[SKIP-BACKFILL] fellows.joined from agent-38bdd62a0d80 (ts: 2026-06-07T03:30:08.785819+00:00 < start: 2026-06-07T07:18:57.806Z)
[SKIP-BACKFILL] fellows.joined from agent-96f3e5280484 (ts: 2026-06-07T03:30:13.714626+00:00 < start: 2026-06-07T07:18:57.806Z)
[SKIP-BACKFILL] fellows.joined from agent-551fb91395c9 (ts: 2026-06-07T03:30:20.892741+00:00 < start: 2026-06-07T07:18:57.806Z)
[SKIP-BACKFILL] fellows.joined from agent-0b9cdcac873f (ts: 2026-06-07T03:37:01.745042+00:00 < start: 2026-06-07T07:18:57.806Z)
[SKIP-BACKFILL] fellows.joined from agent-460f48b359fc (ts: 2026-06-07T03:37:01.993597+00:00 < start: 2026-06-07T07:18:57.806Z)
[SKIP-BACKFILL] fellows.joined from agent-7748d1432bf0 (ts: 2026-06-07T03:37:02.298331+00:00 < start: 2026-06-07T07:18:57.806Z)
[SKIP-BACKFILL] fellows.joined from agent-4f752e22c475 (ts: 2026-06-07T03:38:04.854735+00:00 < start: 2026-06-07T07:18:57.806Z)
[SKIP-BACKFILL] fellows.joined from agent-f69770251904 (ts: 2026-06-07T03:40:31.916639+00:00 < start: 2026-06-07T07:18:57.806Z)
[SKIP-BACKFILL] fellows.joined from agent-0bf8ef15d8be (ts: 2026-06-07T03:40:36.963530+00:00 < start: 2026-06-07T07:18:57.806Z)
[SKIP-BACKFILL] fellows.joined from agent-6f511416da3c (ts: 2026-06-07T03:40:44.005379+00:00 < start: 2026-06-07T07:18:57.806Z)
[SKIP-BACKFILL] fellows.joined from agent-29bbc3e464ca (ts: 2026-06-07T03:45:05.777989+00:00 < start: 2026-06-07T07:18:57.806Z)
[SKIP-BACKFILL] fellows.joined from agent-78d9c02b11ec (ts: 2026-06-07T03:45:47.815905+00:00 < start: 2026-06-07T07:18:57.806Z)
[SKIP-BACKFILL] fellows.joined from agent-cfcf5eb3dff9 (ts: 2026-06-07T03:45:52.853585+00:00 < start: 2026-06-07T07:18:57.806Z)
[SKIP-BACKFILL] fellows.joined from agent-0d3ae6786e9d (ts: 2026-06-07T03:46:00.058316+00:00 < start: 2026-06-07T07:18:57.806Z)
[SKIP-BACKFILL] fellows.joined from agent-5b4e579d93e0 (ts: 2026-06-07T04:07:18.257165+00:00 < start: 2026-06-07T07:18:57.806Z)
[SKIP-BACKFILL] fellows.joined from agent-a79a4d97e78c (ts: 2026-06-07T04:07:57.914185+00:00 < start: 2026-06-07T07:18:57.806Z)
[SKIP-BACKFILL] fellows.joined from agent-ca49e8a935ff (ts: 2026-06-07T04:08:02.924371+00:00 < start: 2026-06-07T07:18:57.806Z)
[SKIP-BACKFILL] fellows.joined from agent-21f4f5e4b290 (ts: 2026-06-07T04:08:09.932471+00:00 < start: 2026-06-07T07:18:57.806Z)
[SKIP-BACKFILL] fellows.joined from agent-a578ab1edc32 (ts: 2026-06-07T06:22:24.341249+00:00 < start: 2026-06-07T07:18:57.806Z)
[SKIP-BACKFILL] fellows.joined from agent-48d8326a335c (ts: 2026-06-07T06:22:28.453733+00:00 < start: 2026-06-07T07:18:57.806Z)
[SKIP-BACKFILL] fellows.joined from agent-3a26459081c0 (ts: 2026-06-07T06:22:35.531547+00:00 < start: 2026-06-07T07:18:57.806Z)
[SLACK] fellows.joined → agent-82e367d8b2c4
[ERROR] Stream error: unknown . Reconnecting in 60389ms (attempt 1)...
[CONNECT] attempt=2 last_event_id=tick-4763 next_backoff=6971ms
[OPEN] Stream connected. Listening for events... (pid=24588, last_event_id=tick-4763)
[READY] backfilled 30 events · live tail begins (ts: 2026-06-07T08:40:31.151834+00:00)
[SKIP-BACKFILL] fellows.joined from agent-9f25b6ac75c4 (ts: 2026-06-07T03:12:08.610817+00:00 < start: 2026-06-07T07:18:57.806Z)
[SKIP-BACKFILL] fellows.joined from agent-c834d5e5b078 (ts: 2026-06-07T03:12:13.625417+00:00 < start: 2026-06-07T07:18:57.806Z)
[SKIP-BACKFILL] fellows.joined from agent-2bd812de1b14 (ts: 2026-06-07T03:12:20.666666+00:00 < start: 2026-06-07T07:18:57.806Z)
[SKIP-BACKFILL] fellows.joined from agent-1ce976aacc6a (ts: 2026-06-07T03:19:09.712986+00:00 < start: 2026-06-07T07:18:57.806Z)
[SKIP-BACKFILL] fellows.joined from agent-f12e9cfc1c74 (ts: 2026-06-07T03:20:43.449171+00:00 < start: 2026-06-07T07:18:57.806Z)
[SKIP-BACKFILL] fellows.joined from agent-5836101ce6a0 (ts: 2026-06-07T03:20:48.449908+00:00 < start: 2026-06-07T07:18:57.806Z)
[SKIP-BACKFILL] fellows.joined from agent-b265127eacef (ts: 2026-06-07T03:20:55.504373+00:00 < start: 2026-06-07T07:18:57.806Z)
[SKIP-BACKFILL] fellows.joined from agent-091ddc8fc217 (ts: 2026-06-07T03:28:26.508756+00:00 < start: 2026-06-07T07:18:57.806Z)
[SKIP-BACKFILL] fellows.joined from agent-38bdd62a0d80 (ts: 2026-06-07T03:30:08.785819+00:00 < start: 2026-06-07T07:18:57.806Z)
[SKIP-BACKFILL] fellows.joined from agent-96f3e5280484 (ts: 2026-06-07T03:30:13.714626+00:00 < start: 2026-06-07T07:18:57.806Z)
[SKIP-BACKFILL] fellows.joined from agent-551fb91395c9 (ts: 2026-06-07T03:30:20.892741+00:00 < start: 2026-06-07T07:18:57.806Z)
[SKIP-BACKFILL] fellows.joined from agent-0b9cdcac873f (ts: 2026-06-07T03:37:01.745042+00:00 < start: 2026-06-07T07:18:57.806Z)
[SKIP-BACKFILL] fellows.joined from agent-460f48b359fc (ts: 2026-06-07T03:37:01.993597+00:00 < start: 2026-06-07T07:18:57.806Z)
[SKIP-BACKFILL] fellows.joined from agent-7748d1432bf0 (ts: 2026-06-07T03:37:02.298331+00:00 < start: 2026-06-07T07:18:57.806Z)
[SKIP-BACKFILL] fellows.joined from agent-4f752e22c475 (ts: 2026-06-07T03:38:04.854735+00:00 < start: 2026-06-07T07:18:57.806Z)
[SKIP-BACKFILL] fellows.joined from agent-f69770251904 (ts: 2026-06-07T03:40:31.916639+00:00 < start: 2026-06-07T07:18:57.806Z)
[SKIP-BACKFILL] fellows.joined from agent-0bf8ef15d8be (ts: 2026-06-07T03:40:36.963530+00:00 < start: 2026-06-07T07:18:57.806Z)
[SKIP-BACKFILL] fellows.joined from agent-6f511416da3c (ts: 2026-06-07T03:40:44.005379+00:00 < start: 2026-06-07T07:18:57.806Z)
[SKIP-BACKFILL] fellows.joined from agent-29bbc3e464ca (ts: 2026-06-07T03:45:05.777989+00:00 < start: 2026-06-07T07:18:57.806Z)
[SKIP-BACKFILL] fellows.joined from agent-78d9c02b11ec (ts: 2026-06-07T03:45:47.815905+00:00 < start: 2026-06-07T07:18:57.806Z)
[SKIP-BACKFILL] fellows.joined from agent-cfcf5eb3dff9 (ts: 2026-06-07T03:45:52.853585+00:00 < start: 2026-06-07T07:18:57.806Z)
[SKIP-BACKFILL] fellows.joined from agent-0d3ae6786e9d (ts: 2026-06-07T03:46:00.058316+00:00 < start: 2026-06-07T07:18:57.806Z)
[SKIP-BACKFILL] fellows.joined from agent-5b4e579d93e0 (ts: 2026-06-07T04:07:18.257165+00:00 < start: 2026-06-07T07:18:57.806Z)
[SKIP-BACKFILL] fellows.joined from agent-a79a4d97e78c (ts: 2026-06-07T04:07:57.914185+00:00 < start: 2026-06-07T07:18:57.806Z)
[SKIP-BACKFILL] fellows.joined from agent-ca49e8a935ff (ts: 2026-06-07T04:08:02.924371+00:00 < start: 2026-06-07T07:18:57.806Z)
[SKIP-BACKFILL] fellows.joined from agent-21f4f5e4b290 (ts: 2026-06-07T04:08:09.932471+00:00 < start: 2026-06-07T07:18:57.806Z)
[SKIP-BACKFILL] fellows.joined from agent-a578ab1edc32 (ts: 2026-06-07T06:22:24.341249+00:00 < start: 2026-06-07T07:18:57.806Z)
[SKIP-BACKFILL] fellows.joined from agent-48d8326a335c (ts: 2026-06-07T06:22:28.453733+00:00 < start: 2026-06-07T07:18:57.806Z)
[SKIP-BACKFILL] fellows.joined from agent-3a26459081c0 (ts: 2026-06-07T06:22:35.531547+00:00 < start: 2026-06-07T07:18:57.806Z)
[SLACK] fellows.joined → agent-82e367d8b2c4
[ERROR] Stream error: unknown . Reconnecting in 6971ms (attempt 1)...
[CONNECT] attempt=2 last_event_id=tick-4767 next_backoff=6094ms
[OPEN] Stream connected. Listening for events... (pid=24588, last_event_id=tick-4767)
[READY] backfilled 30 events · live tail begins (ts: 2026-06-07T08:41:38.395328+00:00)
[SKIP-BACKFILL] fellows.joined from agent-9f25b6ac75c4 (ts: 2026-06-07T03:12:08.610817+00:00 < start: 2026-06-07T07:18:57.806Z)
[SKIP-BACKFILL] fellows.joined from agent-c834d5e5b078 (ts: 2026-06-07T03:12:13.625417+00:00 < start: 2026-06-07T07:18:57.806Z)
[SKIP-BACKFILL] fellows.joined from agent-2bd812de1b14 (ts: 2026-06-07T03:12:20.666666+00:00 < start: 2026-06-07T07:18:57.806Z)
[SKIP-BACKFILL] fellows.joined from agent-1ce976aacc6a (ts: 2026-06-07T03:19:09.712986+00:00 < start: 2026-06-07T07:18:57.806Z)
[SKIP-BACKFILL] fellows.joined from agent-f12e9cfc1c74 (ts: 2026-06-07T03:20:43.449171+00:00 < start: 2026-06-07T07:18:57.806Z)
[SKIP-BACKFILL] fellows.joined from agent-5836101ce6a0 (ts: 2026-06-07T03:20:48.449908+00:00 < start: 2026-06-07T07:18:57.806Z)
[SKIP-BACKFILL] fellows.joined from agent-b265127eacef (ts: 2026-06-07T03:20:55.504373+00:00 < start: 2026-06-07T07:18:57.806Z)
[SKIP-BACKFILL] fellows.joined from agent-091ddc8fc217 (ts: 2026-06-07T03:28:26.508756+00:00 < start: 2026-06-07T07:18:57.806Z)
[SKIP-BACKFILL] fellows.joined from agent-38bdd62a0d80 (ts: 2026-06-07T03:30:08.785819+00:00 < start: 2026-06-07T07:18:57.806Z)
[SKIP-BACKFILL] fellows.joined from agent-96f3e5280484 (ts: 2026-06-07T03:30:13.714626+00:00 < start: 2026-06-07T07:18:57.806Z)
[SKIP-BACKFILL] fellows.joined from agent-551fb91395c9 (ts: 2026-06-07T03:30:20.892741+00:00 < start: 2026-06-07T07:18:57.806Z)
[SKIP-BACKFILL] fellows.joined from agent-0b9cdcac873f (ts: 2026-06-07T03:37:01.745042+00:00 < start: 2026-06-07T07:18:57.806Z)
[SKIP-BACKFILL] fellows.joined from agent-460f48b359fc (ts: 2026-06-07T03:37:01.993597+00:00 < start: 2026-06-07T07:18:57.806Z)
[SKIP-BACKFILL] fellows.joined from agent-7748d1432bf0 (ts: 2026-06-07T03:37:02.298331+00:00 < start: 2026-06-07T07:18:57.806Z)
[SKIP-BACKFILL] fellows.joined from agent-4f752e22c475 (ts: 2026-06-07T03:38:04.854735+00:00 < start: 2026-06-07T07:18:57.806Z)
[SKIP-BACKFILL] fellows.joined from agent-f69770251904 (ts: 2026-06-07T03:40:31.916639+00:00 < start: 2026-06-07T07:18:57.806Z)
[SKIP-BACKFILL] fellows.joined from agent-0bf8ef15d8be (ts: 2026-06-07T03:40:36.963530+00:00 < start: 2026-06-07T07:18:57.806Z)
[SKIP-BACKFILL] fellows.joined from agent-6f511416da3c (ts: 2026-06-07T03:40:44.005379+00:00 < start: 2026-06-07T07:18:57.806Z)
[SKIP-BACKFILL] fellows.joined from agent-29bbc3e464ca (ts: 2026-06-07T03:45:05.777989+00:00 < start: 2026-06-07T07:18:57.806Z)
[SKIP-BACKFILL] fellows.joined from agent-78d9c02b11ec (ts: 2026-06-07T03:45:47.815905+00:00 < start: 2026-06-07T07:18:57.806Z)
[SKIP-BACKFILL] fellows.joined from agent-cfcf5eb3dff9 (ts: 2026-06-07T03:45:52.853585+00:00 < start: 2026-06-07T07:18:57.806Z)
[SKIP-BACKFILL] fellows.joined from agent-0d3ae6786e9d (ts: 2026-06-07T03:46:00.058316+00:00 < start: 2026-06-07T07:18:57.806Z)
[SKIP-BACKFILL] fellows.joined from agent-5b4e579d93e0 (ts: 2026-06-07T04:07:18.257165+00:00 < start: 2026-06-07T07:18:57.806Z)
[SKIP-BACKFILL] fellows.joined from agent-a79a4d97e78c (ts: 2026-06-07T04:07:57.914185+00:00 < start: 2026-06-07T07:18:57.806Z)
[SKIP-BACKFILL] fellows.joined from agent-ca49e8a935ff (ts: 2026-06-07T04:08:02.924371+00:00 < start: 2026-06-07T07:18:57.806Z)
[SKIP-BACKFILL] fellows.joined from agent-21f4f5e4b290 (ts: 2026-06-07T04:08:09.932471+00:00 < start: 2026-06-07T07:18:57.806Z)
[SKIP-BACKFILL] fellows.joined from agent-a578ab1edc32 (ts: 2026-06-07T06:22:24.341249+00:00 < start: 2026-06-07T07:18:57.806Z)
[SKIP-BACKFILL] fellows.joined from agent-48d8326a335c (ts: 2026-06-07T06:22:28.453733+00:00 < start: 2026-06-07T07:18:57.806Z)
[SKIP-BACKFILL] fellows.joined from agent-3a26459081c0 (ts: 2026-06-07T06:22:35.531547+00:00 < start: 2026-06-07T07:18:57.806Z)
[SLACK] fellows.joined → agent-82e367d8b2c4
[SLACK] fellows.joined → agent-5643a156f527
[ERROR] Stream error: unknown . Reconnecting in 6094ms (attempt 1)...
[CONNECT] attempt=2 last_event_id=tick-4769 next_backoff=6740ms
[OPEN] Stream connected. Listening for events... (pid=24588, last_event_id=tick-4769)
[READY] backfilled 30 events · live tail begins (ts: 2026-06-07T08:42:44.648570+00:00)
[SKIP-BACKFILL] fellows.joined from agent-c834d5e5b078 (ts: 2026-06-07T03:12:13.625417+00:00 < start: 2026-06-07T07:18:57.806Z)
[SKIP-BACKFILL] fellows.joined from agent-2bd812de1b14 (ts: 2026-06-07T03:12:20.666666+00:00 < start: 2026-06-07T07:18:57.806Z)
[SKIP-BACKFILL] fellows.joined from agent-1ce976aacc6a (ts: 2026-06-07T03:19:09.712986+00:00 < start: 2026-06-07T07:18:57.806Z)
[SKIP-BACKFILL] fellows.joined from agent-f12e9cfc1c74 (ts: 2026-06-07T03:20:43.449171+00:00 < start: 2026-06-07T07:18:57.806Z)
[SKIP-BACKFILL] fellows.joined from agent-5836101ce6a0 (ts: 2026-06-07T03:20:48.449908+00:00 < start: 2026-06-07T07:18:57.806Z)
[SKIP-BACKFILL] fellows.joined from agent-b265127eacef (ts: 2026-06-07T03:20:55.504373+00:00 < start: 2026-06-07T07:18:57.806Z)
[SKIP-BACKFILL] fellows.joined from agent-091ddc8fc217 (ts: 2026-06-07T03:28:26.508756+00:00 < start: 2026-06-07T07:18:57.806Z)
[SKIP-BACKFILL] fellows.joined from agent-38bdd62a0d80 (ts: 2026-06-07T03:30:08.785819+00:00 < start: 2026-06-07T07:18:57.806Z)
[SKIP-BACKFILL] fellows.joined from agent-96f3e5280484 (ts: 2026-06-07T03:30:13.714626+00:00 < start: 2026-06-07T07:18:57.806Z)
[SKIP-BACKFILL] fellows.joined from agent-551fb91395c9 (ts: 2026-06-07T03:30:20.892741+00:00 < start: 2026-06-07T07:18:57.806Z)
[SKIP-BACKFILL] fellows.joined from agent-0b9cdcac873f (ts: 2026-06-07T03:37:01.745042+00:00 < start: 2026-06-07T07:18:57.806Z)
[SKIP-BACKFILL] fellows.joined from agent-460f48b359fc (ts: 2026-06-07T03:37:01.993597+00:00 < start: 2026-06-07T07:18:57.806Z)
[SKIP-BACKFILL] fellows.joined from agent-7748d1432bf0 (ts: 2026-06-07T03:37:02.298331+00:00 < start: 2026-06-07T07:18:57.806Z)
[SKIP-BACKFILL] fellows.joined from agent-4f752e22c475 (ts: 2026-06-07T03:38:04.854735+00:00 < start: 2026-06-07T07:18:57.806Z)
[SKIP-BACKFILL] fellows.joined from agent-f69770251904 (ts: 2026-06-07T03:40:31.916639+00:00 < start: 2026-06-07T07:18:57.806Z)
[SKIP-BACKFILL] fellows.joined from agent-0bf8ef15d8be (ts: 2026-06-07T03:40:36.963530+00:00 < start: 2026-06-07T07:18:57.806Z)
[SKIP-BACKFILL] fellows.joined from agent-6f511416da3c (ts: 2026-06-07T03:40:44.005379+00:00 < start: 2026-06-07T07:18:57.806Z)
[SKIP-BACKFILL] fellows.joined from agent-29bbc3e464ca (ts: 2026-06-07T03:45:05.777989+00:00 < start: 2026-06-07T07:18:57.806Z)
[SKIP-BACKFILL] fellows.joined from agent-78d9c02b11ec (ts: 2026-06-07T03:45:47.815905+00:00 < start: 2026-06-07T07:18:57.806Z)
[SKIP-BACKFILL] fellows.joined from agent-cfcf5eb3dff9 (ts: 2026-06-07T03:45:52.853585+00:00 < start: 2026-06-07T07:18:57.806Z)
[SKIP-BACKFILL] fellows.joined from agent-0d3ae6786e9d (ts: 2026-06-07T03:46:00.058316+00:00 < start: 2026-06-07T07:18:57.806Z)
[SKIP-BACKFILL] fellows.joined from agent-5b4e579d93e0 (ts: 2026-06-07T04:07:18.257165+00:00 < start: 2026-06-07T07:18:57.806Z)
[SKIP-BACKFILL] fellows.joined from agent-a79a4d97e78c (ts: 2026-06-07T04:07:57.914185+00:00 < start: 2026-06-07T07:18:57.806Z)
[SKIP-BACKFILL] fellows.joined from agent-ca49e8a935ff (ts: 2026-06-07T04:08:02.924371+00:00 < start: 2026-06-07T07:18:57.806Z)
[SKIP-BACKFILL] fellows.joined from agent-21f4f5e4b290 (ts: 2026-06-07T04:08:09.932471+00:00 < start: 2026-06-07T07:18:57.806Z)
[SKIP-BACKFILL] fellows.joined from agent-a578ab1edc32 (ts: 2026-06-07T06:22:24.341249+00:00 < start: 2026-06-07T07:18:57.806Z)
[SKIP-BACKFILL] fellows.joined from agent-48d8326a335c (ts: 2026-06-07T06:22:28.453733+00:00 < start: 2026-06-07T07:18:57.806Z)
[SKIP-BACKFILL] fellows.joined from agent-3a26459081c0 (ts: 2026-06-07T06:22:35.531547+00:00 < start: 2026-06-07T07:18:57.806Z)
[SLACK] fellows.joined → agent-5643a156f527
[SLACK] fellows.joined → agent-82e367d8b2c4
[ERROR] Stream error: unknown . Reconnecting in 6740ms (attempt 1)...
[CONNECT] attempt=2 last_event_id=tick-4771 next_backoff=6681ms
[OPEN] Stream connected. Listening for events... (pid=24588, last_event_id=tick-4771)
[READY] backfilled 30 events · live tail begins (ts: 2026-06-07T08:43:51.507602+00:00)
[SKIP-BACKFILL] fellows.joined from agent-c834d5e5b078 (ts: 2026-06-07T03:12:13.625417+00:00 < start: 2026-06-07T07:18:57.806Z)
[SKIP-BACKFILL] fellows.joined from agent-2bd812de1b14 (ts: 2026-06-07T03:12:20.666666+00:00 < start: 2026-06-07T07:18:57.806Z)
[SKIP-BACKFILL] fellows.joined from agent-1ce976aacc6a (ts: 2026-06-07T03:19:09.712986+00:00 < start: 2026-06-07T07:18:57.806Z)
[SKIP-BACKFILL] fellows.joined from agent-f12e9cfc1c74 (ts: 2026-06-07T03:20:43.449171+00:00 < start: 2026-06-07T07:18:57.806Z)
[SKIP-BACKFILL] fellows.joined from agent-5836101ce6a0 (ts: 2026-06-07T03:20:48.449908+00:00 < start: 2026-06-07T07:18:57.806Z)
[SKIP-BACKFILL] fellows.joined from agent-b265127eacef (ts: 2026-06-07T03:20:55.504373+00:00 < start: 2026-06-07T07:18:57.806Z)
[SKIP-BACKFILL] fellows.joined from agent-091ddc8fc217 (ts: 2026-06-07T03:28:26.508756+00:00 < start: 2026-06-07T07:18:57.806Z)
[SKIP-BACKFILL] fellows.joined from agent-38bdd62a0d80 (ts: 2026-06-07T03:30:08.785819+00:00 < start: 2026-06-07T07:18:57.806Z)
[SKIP-BACKFILL] fellows.joined from agent-96f3e5280484 (ts: 2026-06-07T03:30:13.714626+00:00 < start: 2026-06-07T07:18:57.806Z)
[SKIP-BACKFILL] fellows.joined from agent-551fb91395c9 (ts: 2026-06-07T03:30:20.892741+00:00 < start: 2026-06-07T07:18:57.806Z)
[SKIP-BACKFILL] fellows.joined from agent-0b9cdcac873f (ts: 2026-06-07T03:37:01.745042+00:00 < start: 2026-06-07T07:18:57.806Z)
[SKIP-BACKFILL] fellows.joined from agent-460f48b359fc (ts: 2026-06-07T03:37:01.993597+00:00 < start: 2026-06-07T07:18:57.806Z)
[SKIP-BACKFILL] fellows.joined from agent-7748d1432bf0 (ts: 2026-06-07T03:37:02.298331+00:00 < start: 2026-06-07T07:18:57.806Z)
[SKIP-BACKFILL] fellows.joined from agent-4f752e22c475 (ts: 2026-06-07T03:38:04.854735+00:00 < start: 2026-06-07T07:18:57.806Z)
[SKIP-BACKFILL] fellows.joined from agent-f69770251904 (ts: 2026-06-07T03:40:31.916639+00:00 < start: 2026-06-07T07:18:57.806Z)
[SKIP-BACKFILL] fellows.joined from agent-0bf8ef15d8be (ts: 2026-06-07T03:40:36.963530+00:00 < start: 2026-06-07T07:18:57.806Z)
[SKIP-BACKFILL] fellows.joined from agent-6f511416da3c (ts: 2026-06-07T03:40:44.005379+00:00 < start: 2026-06-07T07:18:57.806Z)
[SKIP-BACKFILL] fellows.joined from agent-29bbc3e464ca (ts: 2026-06-07T03:45:05.777989+00:00 < start: 2026-06-07T07:18:57.806Z)
[SKIP-BACKFILL] fellows.joined from agent-78d9c02b11ec (ts: 2026-06-07T03:45:47.815905+00:00 < start: 2026-06-07T07:18:57.806Z)
[SKIP-BACKFILL] fellows.joined from agent-cfcf5eb3dff9 (ts: 2026-06-07T03:45:52.853585+00:00 < start: 2026-06-07T07:18:57.806Z)
[SKIP-BACKFILL] fellows.joined from agent-0d3ae6786e9d (ts: 2026-06-07T03:46:00.058316+00:00 < start: 2026-06-07T07:18:57.806Z)
[SKIP-BACKFILL] fellows.joined from agent-5b4e579d93e0 (ts: 2026-06-07T04:07:18.257165+00:00 < start: 2026-06-07T07:18:57.806Z)
[SKIP-BACKFILL] fellows.joined from agent-a79a4d97e78c (ts: 2026-06-07T04:07:57.914185+00:00 < start: 2026-06-07T07:18:57.806Z)
[SKIP-BACKFILL] fellows.joined from agent-ca49e8a935ff (ts: 2026-06-07T04:08:02.924371+00:00 < start: 2026-06-07T07:18:57.806Z)
[SKIP-BACKFILL] fellows.joined from agent-21f4f5e4b290 (ts: 2026-06-07T04:08:09.932471+00:00 < start: 2026-06-07T07:18:57.806Z)
[SKIP-BACKFILL] fellows.joined from agent-a578ab1edc32 (ts: 2026-06-07T06:22:24.341249+00:00 < start: 2026-06-07T07:18:57.806Z)
[SKIP-BACKFILL] fellows.joined from agent-48d8326a335c (ts: 2026-06-07T06:22:28.453733+00:00 < start: 2026-06-07T07:18:57.806Z)
[SKIP-BACKFILL] fellows.joined from agent-3a26459081c0 (ts: 2026-06-07T06:22:35.531547+00:00 < start: 2026-06-07T07:18:57.806Z)
[SLACK] fellows.joined → agent-5643a156f527
[SLACK] fellows.joined → agent-82e367d8b2c4
[ERROR] Stream error: unknown . Reconnecting in 6681ms (attempt 1)...
[CONNECT] attempt=2 last_event_id=tick-4773 next_backoff=6954ms
[OPEN] Stream connected. Listening for events... (pid=24588, last_event_id=tick-4773)
[READY] backfilled 30 events · live tail begins (ts: 2026-06-07T08:44:58.347598+00:00)
[SKIP-BACKFILL] fellows.joined from agent-c834d5e5b078 (ts: 2026-06-07T03:12:13.625417+00:00 < start: 2026-06-07T07:18:57.806Z)
[SKIP-BACKFILL] fellows.joined from agent-2bd812de1b14 (ts: 2026-06-07T03:12:20.666666+00:00 < start: 2026-06-07T07:18:57.806Z)
[SKIP-BACKFILL] fellows.joined from agent-1ce976aacc6a (ts: 2026-06-07T03:19:09.712986+00:00 < start: 2026-06-07T07:18:57.806Z)
[SKIP-BACKFILL] fellows.joined from agent-f12e9cfc1c74 (ts: 2026-06-07T03:20:43.449171+00:00 < start: 2026-06-07T07:18:57.806Z)
[SKIP-BACKFILL] fellows.joined from agent-5836101ce6a0 (ts: 2026-06-07T03:20:48.449908+00:00 < start: 2026-06-07T07:18:57.806Z)
[SKIP-BACKFILL] fellows.joined from agent-b265127eacef (ts: 2026-06-07T03:20:55.504373+00:00 < start: 2026-06-07T07:18:57.806Z)
[SKIP-BACKFILL] fellows.joined from agent-091ddc8fc217 (ts: 2026-06-07T03:28:26.508756+00:00 < start: 2026-06-07T07:18:57.806Z)
[SKIP-BACKFILL] fellows.joined from agent-38bdd62a0d80 (ts: 2026-06-07T03:30:08.785819+00:00 < start: 2026-06-07T07:18:57.806Z)
[SKIP-BACKFILL] fellows.joined from agent-96f3e5280484 (ts: 2026-06-07T03:30:13.714626+00:00 < start: 2026-06-07T07:18:57.806Z)
[SKIP-BACKFILL] fellows.joined from agent-551fb91395c9 (ts: 2026-06-07T03:30:20.892741+00:00 < start: 2026-06-07T07:18:57.806Z)
[SKIP-BACKFILL] fellows.joined from agent-0b9cdcac873f (ts: 2026-06-07T03:37:01.745042+00:00 < start: 2026-06-07T07:18:57.806Z)
[SKIP-BACKFILL] fellows.joined from agent-460f48b359fc (ts: 2026-06-07T03:37:01.993597+00:00 < start: 2026-06-07T07:18:57.806Z)
[SKIP-BACKFILL] fellows.joined from agent-7748d1432bf0 (ts: 2026-06-07T03:37:02.298331+00:00 < start: 2026-06-07T07:18:57.806Z)
[SKIP-BACKFILL] fellows.joined from agent-4f752e22c475 (ts: 2026-06-07T03:38:04.854735+00:00 < start: 2026-06-07T07:18:57.806Z)
[SKIP-BACKFILL] fellows.joined from agent-f69770251904 (ts: 2026-06-07T03:40:31.916639+00:00 < start: 2026-06-07T07:18:57.806Z)
[SKIP-BACKFILL] fellows.joined from agent-0bf8ef15d8be (ts: 2026-06-07T03:40:36.963530+00:00 < start: 2026-06-07T07:18:57.806Z)
[SKIP-BACKFILL] fellows.joined from agent-6f511416da3c (ts: 2026-06-07T03:40:44.005379+00:00 < start: 2026-06-07T07:18:57.806Z)
[SKIP-BACKFILL] fellows.joined from agent-29bbc3e464ca (ts: 2026-06-07T03:45:05.777989+00:00 < start: 2026-06-07T07:18:57.806Z)
[SKIP-BACKFILL] fellows.joined from agent-78d9c02b11ec (ts: 2026-06-07T03:45:47.815905+00:00 < start: 2026-06-07T07:18:57.806Z)
[SKIP-BACKFILL] fellows.joined from agent-cfcf5eb3dff9 (ts: 2026-06-07T03:45:52.853585+00:00 < start: 2026-06-07T07:18:57.806Z)
[SKIP-BACKFILL] fellows.joined from agent-0d3ae6786e9d (ts: 2026-06-07T03:46:00.058316+00:00 < start: 2026-06-07T07:18:57.806Z)
[SKIP-BACKFILL] fellows.joined from agent-5b4e579d93e0 (ts: 2026-06-07T04:07:18.257165+00:00 < start: 2026-06-07T07:18:57.806Z)
[SKIP-BACKFILL] fellows.joined from agent-a79a4d97e78c (ts: 2026-06-07T04:07:57.914185+00:00 < start: 2026-06-07T07:18:57.806Z)
[SKIP-BACKFILL] fellows.joined from agent-ca49e8a935ff (ts: 2026-06-07T04:08:02.924371+00:00 < start: 2026-06-07T07:18:57.806Z)
[SKIP-BACKFILL] fellows.joined from agent-21f4f5e4b290 (ts: 2026-06-07T04:08:09.932471+00:00 < start: 2026-06-07T07:18:57.806Z)
[SKIP-BACKFILL] fellows.joined from agent-a578ab1edc32 (ts: 2026-06-07T06:22:24.341249+00:00 < start: 2026-06-07T07:18:57.806Z)
[SKIP-BACKFILL] fellows.joined from agent-48d8326a335c (ts: 2026-06-07T06:22:28.453733+00:00 < start: 2026-06-07T07:18:57.806Z)
[SKIP-BACKFILL] fellows.joined from agent-3a26459081c0 (ts: 2026-06-07T06:22:35.531547+00:00 < start: 2026-06-07T07:18:57.806Z)
[SLACK] fellows.joined → agent-82e367d8b2c4
[SLACK] fellows.joined → agent-5643a156f527
[ERROR] Stream error: unknown . Reconnecting in 6954ms (attempt 1)...
[CONNECT] attempt=2 last_event_id=tick-4776 next_backoff=6330ms
[OPEN] Stream connected. Listening for events... (pid=24588, last_event_id=tick-4776)
[READY] backfilled 30 events · live tail begins (ts: 2026-06-07T08:46:05.771893+00:00)
[SKIP-BACKFILL] fellows.joined from agent-c834d5e5b078 (ts: 2026-06-07T03:12:13.625417+00:00 < start: 2026-06-07T07:18:57.806Z)
[SKIP-BACKFILL] fellows.joined from agent-2bd812de1b14 (ts: 2026-06-07T03:12:20.666666+00:00 < start: 2026-06-07T07:18:57.806Z)
[SKIP-BACKFILL] fellows.joined from agent-1ce976aacc6a (ts: 2026-06-07T03:19:09.712986+00:00 < start: 2026-06-07T07:18:57.806Z)
[SKIP-BACKFILL] fellows.joined from agent-f12e9cfc1c74 (ts: 2026-06-07T03:20:43.449171+00:00 < start: 2026-06-07T07:18:57.806Z)
[SKIP-BACKFILL] fellows.joined from agent-5836101ce6a0 (ts: 2026-06-07T03:20:48.449908+00:00 < start: 2026-06-07T07:18:57.806Z)
[SKIP-BACKFILL] fellows.joined from agent-b265127eacef (ts: 2026-06-07T03:20:55.504373+00:00 < start: 2026-06-07T07:18:57.806Z)
[SKIP-BACKFILL] fellows.joined from agent-091ddc8fc217 (ts: 2026-06-07T03:28:26.508756+00:00 < start: 2026-06-07T07:18:57.806Z)
[SKIP-BACKFILL] fellows.joined from agent-38bdd62a0d80 (ts: 2026-06-07T03:30:08.785819+00:00 < start: 2026-06-07T07:18:57.806Z)
[SKIP-BACKFILL] fellows.joined from agent-96f3e5280484 (ts: 2026-06-07T03:30:13.714626+00:00 < start: 2026-06-07T07:18:57.806Z)
[SKIP-BACKFILL] fellows.joined from agent-551fb91395c9 (ts: 2026-06-07T03:30:20.892741+00:00 < start: 2026-06-07T07:18:57.806Z)
[SKIP-BACKFILL] fellows.joined from agent-0b9cdcac873f (ts: 2026-06-07T03:37:01.745042+00:00 < start: 2026-06-07T07:18:57.806Z)
[SKIP-BACKFILL] fellows.joined from agent-460f48b359fc (ts: 2026-06-07T03:37:01.993597+00:00 < start: 2026-06-07T07:18:57.806Z)
[SKIP-BACKFILL] fellows.joined from agent-7748d1432bf0 (ts: 2026-06-07T03:37:02.298331+00:00 < start: 2026-06-07T07:18:57.806Z)
[SKIP-BACKFILL] fellows.joined from agent-4f752e22c475 (ts: 2026-06-07T03:38:04.854735+00:00 < start: 2026-06-07T07:18:57.806Z)
[SKIP-BACKFILL] fellows.joined from agent-f69770251904 (ts: 2026-06-07T03:40:31.916639+00:00 < start: 2026-06-07T07:18:57.806Z)
[SKIP-BACKFILL] fellows.joined from agent-0bf8ef15d8be (ts: 2026-06-07T03:40:36.963530+00:00 < start: 2026-06-07T07:18:57.806Z)
[SKIP-BACKFILL] fellows.joined from agent-6f511416da3c (ts: 2026-06-07T03:40:44.005379+00:00 < start: 2026-06-07T07:18:57.806Z)
[SKIP-BACKFILL] fellows.joined from agent-29bbc3e464ca (ts: 2026-06-07T03:45:05.777989+00:00 < start: 2026-06-07T07:18:57.806Z)
[SKIP-BACKFILL] fellows.joined from agent-78d9c02b11ec (ts: 2026-06-07T03:45:47.815905+00:00 < start: 2026-06-07T07:18:57.806Z)
[SKIP-BACKFILL] fellows.joined from agent-cfcf5eb3dff9 (ts: 2026-06-07T03:45:52.853585+00:00 < start: 2026-06-07T07:18:57.806Z)
[SKIP-BACKFILL] fellows.joined from agent-0d3ae6786e9d (ts: 2026-06-07T03:46:00.058316+00:00 < start: 2026-06-07T07:18:57.806Z)
[SKIP-BACKFILL] fellows.joined from agent-5b4e579d93e0 (ts: 2026-06-07T04:07:18.257165+00:00 < start: 2026-06-07T07:18:57.806Z)
[SKIP-BACKFILL] fellows.joined from agent-a79a4d97e78c (ts: 2026-06-07T04:07:57.914185+00:00 < start: 2026-06-07T07:18:57.806Z)
[SKIP-BACKFILL] fellows.joined from agent-ca49e8a935ff (ts: 2026-06-07T04:08:02.924371+00:00 < start: 2026-06-07T07:18:57.806Z)
[SKIP-BACKFILL] fellows.joined from agent-21f4f5e4b290 (ts: 2026-06-07T04:08:09.932471+00:00 < start: 2026-06-07T07:18:57.806Z)
[SKIP-BACKFILL] fellows.joined from agent-a578ab1edc32 (ts: 2026-06-07T06:22:24.341249+00:00 < start: 2026-06-07T07:18:57.806Z)
[SKIP-BACKFILL] fellows.joined from agent-48d8326a335c (ts: 2026-06-07T06:22:28.453733+00:00 < start: 2026-06-07T07:18:57.806Z)
[SKIP-BACKFILL] fellows.joined from agent-3a26459081c0 (ts: 2026-06-07T06:22:35.531547+00:00 < start: 2026-06-07T07:18:57.806Z)
[SLACK] fellows.joined → agent-82e367d8b2c4
[SLACK] fellows.joined → agent-5643a156f527
[ERROR] Stream error: unknown . Reconnecting in 6330ms (attempt 1)...
[CONNECT] attempt=2 last_event_id=tick-4778 next_backoff=6404ms
[OPEN] Stream connected. Listening for events... (pid=24588, last_event_id=tick-4778)
[READY] backfilled 30 events · live tail begins (ts: 2026-06-07T08:47:12.273696+00:00)
[SKIP-BACKFILL] fellows.joined from agent-c834d5e5b078 (ts: 2026-06-07T03:12:13.625417+00:00 < start: 2026-06-07T07:18:57.806Z)
[SKIP-BACKFILL] fellows.joined from agent-2bd812de1b14 (ts: 2026-06-07T03:12:20.666666+00:00 < start: 2026-06-07T07:18:57.806Z)
[SKIP-BACKFILL] fellows.joined from agent-1ce976aacc6a (ts: 2026-06-07T03:19:09.712986+00:00 < start: 2026-06-07T07:18:57.806Z)
[SKIP-BACKFILL] fellows.joined from agent-f12e9cfc1c74 (ts: 2026-06-07T03:20:43.449171+00:00 < start: 2026-06-07T07:18:57.806Z)
[SKIP-BACKFILL] fellows.joined from agent-5836101ce6a0 (ts: 2026-06-07T03:20:48.449908+00:00 < start: 2026-06-07T07:18:57.806Z)
[SKIP-BACKFILL] fellows.joined from agent-b265127eacef (ts: 2026-06-07T03:20:55.504373+00:00 < start: 2026-06-07T07:18:57.806Z)
[SKIP-BACKFILL] fellows.joined from agent-091ddc8fc217 (ts: 2026-06-07T03:28:26.508756+00:00 < start: 2026-06-07T07:18:57.806Z)
[SKIP-BACKFILL] fellows.joined from agent-38bdd62a0d80 (ts: 2026-06-07T03:30:08.785819+00:00 < start: 2026-06-07T07:18:57.806Z)
[SKIP-BACKFILL] fellows.joined from agent-96f3e5280484 (ts: 2026-06-07T03:30:13.714626+00:00 < start: 2026-06-07T07:18:57.806Z)
[SKIP-BACKFILL] fellows.joined from agent-551fb91395c9 (ts: 2026-06-07T03:30:20.892741+00:00 < start: 2026-06-07T07:18:57.806Z)
[SKIP-BACKFILL] fellows.joined from agent-0b9cdcac873f (ts: 2026-06-07T03:37:01.745042+00:00 < start: 2026-06-07T07:18:57.806Z)
[SKIP-BACKFILL] fellows.joined from agent-460f48b359fc (ts: 2026-06-07T03:37:01.993597+00:00 < start: 2026-06-07T07:18:57.806Z)
[SKIP-BACKFILL] fellows.joined from agent-7748d1432bf0 (ts: 2026-06-07T03:37:02.298331+00:00 < start: 2026-06-07T07:18:57.806Z)
[SKIP-BACKFILL] fellows.joined from agent-4f752e22c475 (ts: 2026-06-07T03:38:04.854735+00:00 < start: 2026-06-07T07:18:57.806Z)
[SKIP-BACKFILL] fellows.joined from agent-f69770251904 (ts: 2026-06-07T03:40:31.916639+00:00 < start: 2026-06-07T07:18:57.806Z)
[SKIP-BACKFILL] fellows.joined from agent-0bf8ef15d8be (ts: 2026-06-07T03:40:36.963530+00:00 < start: 2026-06-07T07:18:57.806Z)
[SKIP-BACKFILL] fellows.joined from agent-6f511416da3c (ts: 2026-06-07T03:40:44.005379+00:00 < start: 2026-06-07T07:18:57.806Z)
[SKIP-BACKFILL] fellows.joined from agent-29bbc3e464ca (ts: 2026-06-07T03:45:05.777989+00:00 < start: 2026-06-07T07:18:57.806Z)
[SKIP-BACKFILL] fellows.joined from agent-78d9c02b11ec (ts: 2026-06-07T03:45:47.815905+00:00 < start: 2026-06-07T07:18:57.806Z)
[SKIP-BACKFILL] fellows.joined from agent-cfcf5eb3dff9 (ts: 2026-06-07T03:45:52.853585+00:00 < start: 2026-06-07T07:18:57.806Z)
[SKIP-BACKFILL] fellows.joined from agent-0d3ae6786e9d (ts: 2026-06-07T03:46:00.058316+00:00 < start: 2026-06-07T07:18:57.806Z)
[SKIP-BACKFILL] fellows.joined from agent-5b4e579d93e0 (ts: 2026-06-07T04:07:18.257165+00:00 < start: 2026-06-07T07:18:57.806Z)
[SKIP-BACKFILL] fellows.joined from agent-a79a4d97e78c (ts: 2026-06-07T04:07:57.914185+00:00 < start: 2026-06-07T07:18:57.806Z)
[SKIP-BACKFILL] fellows.joined from agent-ca49e8a935ff (ts: 2026-06-07T04:08:02.924371+00:00 < start: 2026-06-07T07:18:57.806Z)
[SKIP-BACKFILL] fellows.joined from agent-21f4f5e4b290 (ts: 2026-06-07T04:08:09.932471+00:00 < start: 2026-06-07T07:18:57.806Z)
[SKIP-BACKFILL] fellows.joined from agent-a578ab1edc32 (ts: 2026-06-07T06:22:24.341249+00:00 < start: 2026-06-07T07:18:57.806Z)
[SKIP-BACKFILL] fellows.joined from agent-48d8326a335c (ts: 2026-06-07T06:22:28.453733+00:00 < start: 2026-06-07T07:18:57.806Z)
[SKIP-BACKFILL] fellows.joined from agent-3a26459081c0 (ts: 2026-06-07T06:22:35.531547+00:00 < start: 2026-06-07T07:18:57.806Z)
[SLACK] fellows.joined → agent-5643a156f527
[SLACK] fellows.joined → agent-82e367d8b2c4
[ERROR] Stream error: unknown . Reconnecting in 6404ms (attempt 1)...
[CONNECT] attempt=2 last_event_id=tick-4780 next_backoff=6887ms
[OPEN] Stream connected. Listening for events... (pid=24588, last_event_id=tick-4780)
[READY] backfilled 30 events · live tail begins (ts: 2026-06-07T08:48:18.861496+00:00)
[SKIP-BACKFILL] fellows.joined from agent-c834d5e5b078 (ts: 2026-06-07T03:12:13.625417+00:00 < start: 2026-06-07T07:18:57.806Z)
[SKIP-BACKFILL] fellows.joined from agent-2bd812de1b14 (ts: 2026-06-07T03:12:20.666666+00:00 < start: 2026-06-07T07:18:57.806Z)
[SKIP-BACKFILL] fellows.joined from agent-1ce976aacc6a (ts: 2026-06-07T03:19:09.712986+00:00 < start: 2026-06-07T07:18:57.806Z)
[SKIP-BACKFILL] fellows.joined from agent-f12e9cfc1c74 (ts: 2026-06-07T03:20:43.449171+00:00 < start: 2026-06-07T07:18:57.806Z)
[SKIP-BACKFILL] fellows.joined from agent-5836101ce6a0 (ts: 2026-06-07T03:20:48.449908+00:00 < start: 2026-06-07T07:18:57.806Z)
[SKIP-BACKFILL] fellows.joined from agent-b265127eacef (ts: 2026-06-07T03:20:55.504373+00:00 < start: 2026-06-07T07:18:57.806Z)
[SKIP-BACKFILL] fellows.joined from agent-091ddc8fc217 (ts: 2026-06-07T03:28:26.508756+00:00 < start: 2026-06-07T07:18:57.806Z)
[SKIP-BACKFILL] fellows.joined from agent-38bdd62a0d80 (ts: 2026-06-07T03:30:08.785819+00:00 < start: 2026-06-07T07:18:57.806Z)
[SKIP-BACKFILL] fellows.joined from agent-96f3e5280484 (ts: 2026-06-07T03:30:13.714626+00:00 < start: 2026-06-07T07:18:57.806Z)
[SKIP-BACKFILL] fellows.joined from agent-551fb91395c9 (ts: 2026-06-07T03:30:20.892741+00:00 < start: 2026-06-07T07:18:57.806Z)
[SKIP-BACKFILL] fellows.joined from agent-0b9cdcac873f (ts: 2026-06-07T03:37:01.745042+00:00 < start: 2026-06-07T07:18:57.806Z)
[SKIP-BACKFILL] fellows.joined from agent-460f48b359fc (ts: 2026-06-07T03:37:01.993597+00:00 < start: 2026-06-07T07:18:57.806Z)
[SKIP-BACKFILL] fellows.joined from agent-7748d1432bf0 (ts: 2026-06-07T03:37:02.298331+00:00 < start: 2026-06-07T07:18:57.806Z)
[SKIP-BACKFILL] fellows.joined from agent-4f752e22c475 (ts: 2026-06-07T03:38:04.854735+00:00 < start: 2026-06-07T07:18:57.806Z)
[SKIP-BACKFILL] fellows.joined from agent-f69770251904 (ts: 2026-06-07T03:40:31.916639+00:00 < start: 2026-06-07T07:18:57.806Z)
[SKIP-BACKFILL] fellows.joined from agent-0bf8ef15d8be (ts: 2026-06-07T03:40:36.963530+00:00 < start: 2026-06-07T07:18:57.806Z)
[SKIP-BACKFILL] fellows.joined from agent-6f511416da3c (ts: 2026-06-07T03:40:44.005379+00:00 < start: 2026-06-07T07:18:57.806Z)
[SKIP-BACKFILL] fellows.joined from agent-29bbc3e464ca (ts: 2026-06-07T03:45:05.777989+00:00 < start: 2026-06-07T07:18:57.806Z)
[SKIP-BACKFILL] fellows.joined from agent-78d9c02b11ec (ts: 2026-06-07T03:45:47.815905+00:00 < start: 2026-06-07T07:18:57.806Z)
[SKIP-BACKFILL] fellows.joined from agent-cfcf5eb3dff9 (ts: 2026-06-07T03:45:52.853585+00:00 < start: 2026-06-07T07:18:57.806Z)
[SKIP-BACKFILL] fellows.joined from agent-0d3ae6786e9d (ts: 2026-06-07T03:46:00.058316+00:00 < start: 2026-06-07T07:18:57.806Z)
[SKIP-BACKFILL] fellows.joined from agent-5b4e579d93e0 (ts: 2026-06-07T04:07:18.257165+00:00 < start: 2026-06-07T07:18:57.806Z)
[SKIP-BACKFILL] fellows.joined from agent-a79a4d97e78c (ts: 2026-06-07T04:07:57.914185+00:00 < start: 2026-06-07T07:18:57.806Z)
[SKIP-BACKFILL] fellows.joined from agent-ca49e8a935ff (ts: 2026-06-07T04:08:02.924371+00:00 < start: 2026-06-07T07:18:57.806Z)
[SKIP-BACKFILL] fellows.joined from agent-21f4f5e4b290 (ts: 2026-06-07T04:08:09.932471+00:00 < start: 2026-06-07T07:18:57.806Z)
[SKIP-BACKFILL] fellows.joined from agent-a578ab1edc32 (ts: 2026-06-07T06:22:24.341249+00:00 < start: 2026-06-07T07:18:57.806Z)
[SKIP-BACKFILL] fellows.joined from agent-48d8326a335c (ts: 2026-06-07T06:22:28.453733+00:00 < start: 2026-06-07T07:18:57.806Z)
[SKIP-BACKFILL] fellows.joined from agent-3a26459081c0 (ts: 2026-06-07T06:22:35.531547+00:00 < start: 2026-06-07T07:18:57.806Z)
[SLACK] fellows.joined → agent-5643a156f527
[SLACK] fellows.joined → agent-82e367d8b2c4
[ERROR] Stream error: unknown . Reconnecting in 6887ms (attempt 1)...
[CONNECT] attempt=2 last_event_id=tick-4782 next_backoff=6462ms
[OPEN] Stream connected. Listening for events... (pid=24588, last_event_id=tick-4782)
[READY] backfilled 30 events · live tail begins (ts: 2026-06-07T08:49:25.902790+00:00)
[SKIP-BACKFILL] fellows.joined from agent-c834d5e5b078 (ts: 2026-06-07T03:12:13.625417+00:00 < start: 2026-06-07T07:18:57.806Z)
[SKIP-BACKFILL] fellows.joined from agent-2bd812de1b14 (ts: 2026-06-07T03:12:20.666666+00:00 < start: 2026-06-07T07:18:57.806Z)
[SKIP-BACKFILL] fellows.joined from agent-1ce976aacc6a (ts: 2026-06-07T03:19:09.712986+00:00 < start: 2026-06-07T07:18:57.806Z)
[SKIP-BACKFILL] fellows.joined from agent-f12e9cfc1c74 (ts: 2026-06-07T03:20:43.449171+00:00 < start: 2026-06-07T07:18:57.806Z)
[SKIP-BACKFILL] fellows.joined from agent-5836101ce6a0 (ts: 2026-06-07T03:20:48.449908+00:00 < start: 2026-06-07T07:18:57.806Z)
[SKIP-BACKFILL] fellows.joined from agent-b265127eacef (ts: 2026-06-07T03:20:55.504373+00:00 < start: 2026-06-07T07:18:57.806Z)
[SKIP-BACKFILL] fellows.joined from agent-091ddc8fc217 (ts: 2026-06-07T03:28:26.508756+00:00 < start: 2026-06-07T07:18:57.806Z)
[SKIP-BACKFILL] fellows.joined from agent-38bdd62a0d80 (ts: 2026-06-07T03:30:08.785819+00:00 < start: 2026-06-07T07:18:57.806Z)
[SKIP-BACKFILL] fellows.joined from agent-96f3e5280484 (ts: 2026-06-07T03:30:13.714626+00:00 < start: 2026-06-07T07:18:57.806Z)
[SKIP-BACKFILL] fellows.joined from agent-551fb91395c9 (ts: 2026-06-07T03:30:20.892741+00:00 < start: 2026-06-07T07:18:57.806Z)
[SKIP-BACKFILL] fellows.joined from agent-0b9cdcac873f (ts: 2026-06-07T03:37:01.745042+00:00 < start: 2026-06-07T07:18:57.806Z)
[SKIP-BACKFILL] fellows.joined from agent-460f48b359fc (ts: 2026-06-07T03:37:01.993597+00:00 < start: 2026-06-07T07:18:57.806Z)
[SKIP-BACKFILL] fellows.joined from agent-7748d1432bf0 (ts: 2026-06-07T03:37:02.298331+00:00 < start: 2026-06-07T07:18:57.806Z)
[SKIP-BACKFILL] fellows.joined from agent-4f752e22c475 (ts: 2026-06-07T03:38:04.854735+00:00 < start: 2026-06-07T07:18:57.806Z)
[SKIP-BACKFILL] fellows.joined from agent-f69770251904 (ts: 2026-06-07T03:40:31.916639+00:00 < start: 2026-06-07T07:18:57.806Z)
[SKIP-BACKFILL] fellows.joined from agent-0bf8ef15d8be (ts: 2026-06-07T03:40:36.963530+00:00 < start: 2026-06-07T07:18:57.806Z)
[SKIP-BACKFILL] fellows.joined from agent-6f511416da3c (ts: 2026-06-07T03:40:44.005379+00:00 < start: 2026-06-07T07:18:57.806Z)
[SKIP-BACKFILL] fellows.joined from agent-29bbc3e464ca (ts: 2026-06-07T03:45:05.777989+00:00 < start: 2026-06-07T07:18:57.806Z)
[SKIP-BACKFILL] fellows.joined from agent-78d9c02b11ec (ts: 2026-06-07T03:45:47.815905+00:00 < start: 2026-06-07T07:18:57.806Z)
[SKIP-BACKFILL] fellows.joined from agent-cfcf5eb3dff9 (ts: 2026-06-07T03:45:52.853585+00:00 < start: 2026-06-07T07:18:57.806Z)
[SKIP-BACKFILL] fellows.joined from agent-0d3ae6786e9d (ts: 2026-06-07T03:46:00.058316+00:00 < start: 2026-06-07T07:18:57.806Z)
[SKIP-BACKFILL] fellows.joined from agent-5b4e579d93e0 (ts: 2026-06-07T04:07:18.257165+00:00 < start: 2026-06-07T07:18:57.806Z)
[SKIP-BACKFILL] fellows.joined from agent-a79a4d97e78c (ts: 2026-06-07T04:07:57.914185+00:00 < start: 2026-06-07T07:18:57.806Z)
[SKIP-BACKFILL] fellows.joined from agent-ca49e8a935ff (ts: 2026-06-07T04:08:02.924371+00:00 < start: 2026-06-07T07:18:57.806Z)
[SKIP-BACKFILL] fellows.joined from agent-21f4f5e4b290 (ts: 2026-06-07T04:08:09.932471+00:00 < start: 2026-06-07T07:18:57.806Z)
[SKIP-BACKFILL] fellows.joined from agent-a578ab1edc32 (ts: 2026-06-07T06:22:24.341249+00:00 < start: 2026-06-07T07:18:57.806Z)
[SKIP-BACKFILL] fellows.joined from agent-48d8326a335c (ts: 2026-06-07T06:22:28.453733+00:00 < start: 2026-06-07T07:18:57.806Z)
[SKIP-BACKFILL] fellows.joined from agent-3a26459081c0 (ts: 2026-06-07T06:22:35.531547+00:00 < start: 2026-06-07T07:18:57.806Z)
[SLACK] fellows.joined → agent-82e367d8b2c4
[SLACK] fellows.joined → agent-5643a156f527
[ERROR] Stream error: unknown . Reconnecting in 6462ms (attempt 1)...
[CONNECT] attempt=2 last_event_id=tick-4784 next_backoff=6299ms
[OPEN] Stream connected. Listening for events... (pid=24588, last_event_id=tick-4784)
[READY] backfilled 30 events · live tail begins (ts: 2026-06-07T08:50:32.617828+00:00)
[SKIP-BACKFILL] fellows.joined from agent-c834d5e5b078 (ts: 2026-06-07T03:12:13.625417+00:00 < start: 2026-06-07T07:18:57.806Z)
[SKIP-BACKFILL] fellows.joined from agent-2bd812de1b14 (ts: 2026-06-07T03:12:20.666666+00:00 < start: 2026-06-07T07:18:57.806Z)
[SKIP-BACKFILL] fellows.joined from agent-1ce976aacc6a (ts: 2026-06-07T03:19:09.712986+00:00 < start: 2026-06-07T07:18:57.806Z)
[SKIP-BACKFILL] fellows.joined from agent-f12e9cfc1c74 (ts: 2026-06-07T03:20:43.449171+00:00 < start: 2026-06-07T07:18:57.806Z)
[SKIP-BACKFILL] fellows.joined from agent-5836101ce6a0 (ts: 2026-06-07T03:20:48.449908+00:00 < start: 2026-06-07T07:18:57.806Z)
[SKIP-BACKFILL] fellows.joined from agent-b265127eacef (ts: 2026-06-07T03:20:55.504373+00:00 < start: 2026-06-07T07:18:57.806Z)
[SKIP-BACKFILL] fellows.joined from agent-091ddc8fc217 (ts: 2026-06-07T03:28:26.508756+00:00 < start: 2026-06-07T07:18:57.806Z)
[SKIP-BACKFILL] fellows.joined from agent-38bdd62a0d80 (ts: 2026-06-07T03:30:08.785819+00:00 < start: 2026-06-07T07:18:57.806Z)
[SKIP-BACKFILL] fellows.joined from agent-96f3e5280484 (ts: 2026-06-07T03:30:13.714626+00:00 < start: 2026-06-07T07:18:57.806Z)
[SKIP-BACKFILL] fellows.joined from agent-551fb91395c9 (ts: 2026-06-07T03:30:20.892741+00:00 < start: 2026-06-07T07:18:57.806Z)
[SKIP-BACKFILL] fellows.joined from agent-0b9cdcac873f (ts: 2026-06-07T03:37:01.745042+00:00 < start: 2026-06-07T07:18:57.806Z)
[SKIP-BACKFILL] fellows.joined from agent-460f48b359fc (ts: 2026-06-07T03:37:01.993597+00:00 < start: 2026-06-07T07:18:57.806Z)
[SKIP-BACKFILL] fellows.joined from agent-7748d1432bf0 (ts: 2026-06-07T03:37:02.298331+00:00 < start: 2026-06-07T07:18:57.806Z)
[SKIP-BACKFILL] fellows.joined from agent-4f752e22c475 (ts: 2026-06-07T03:38:04.854735+00:00 < start: 2026-06-07T07:18:57.806Z)
[SKIP-BACKFILL] fellows.joined from agent-f69770251904 (ts: 2026-06-07T03:40:31.916639+00:00 < start: 2026-06-07T07:18:57.806Z)
[SKIP-BACKFILL] fellows.joined from agent-0bf8ef15d8be (ts: 2026-06-07T03:40:36.963530+00:00 < start: 2026-06-07T07:18:57.806Z)
[SKIP-BACKFILL] fellows.joined from agent-6f511416da3c (ts: 2026-06-07T03:40:44.005379+00:00 < start: 2026-06-07T07:18:57.806Z)
[SKIP-BACKFILL] fellows.joined from agent-29bbc3e464ca (ts: 2026-06-07T03:45:05.777989+00:00 < start: 2026-06-07T07:18:57.806Z)
[SKIP-BACKFILL] fellows.joined from agent-78d9c02b11ec (ts: 2026-06-07T03:45:47.815905+00:00 < start: 2026-06-07T07:18:57.806Z)
[SKIP-BACKFILL] fellows.joined from agent-cfcf5eb3dff9 (ts: 2026-06-07T03:45:52.853585+00:00 < start: 2026-06-07T07:18:57.806Z)
[SKIP-BACKFILL] fellows.joined from agent-0d3ae6786e9d (ts: 2026-06-07T03:46:00.058316+00:00 < start: 2026-06-07T07:18:57.806Z)
[SKIP-BACKFILL] fellows.joined from agent-5b4e579d93e0 (ts: 2026-06-07T04:07:18.257165+00:00 < start: 2026-06-07T07:18:57.806Z)
[SKIP-BACKFILL] fellows.joined from agent-a79a4d97e78c (ts: 2026-06-07T04:07:57.914185+00:00 < start: 2026-06-07T07:18:57.806Z)
[SKIP-BACKFILL] fellows.joined from agent-ca49e8a935ff (ts: 2026-06-07T04:08:02.924371+00:00 < start: 2026-06-07T07:18:57.806Z)
[SKIP-BACKFILL] fellows.joined from agent-21f4f5e4b290 (ts: 2026-06-07T04:08:09.932471+00:00 < start: 2026-06-07T07:18:57.806Z)
[SKIP-BACKFILL] fellows.joined from agent-a578ab1edc32 (ts: 2026-06-07T06:22:24.341249+00:00 < start: 2026-06-07T07:18:57.806Z)
[SKIP-BACKFILL] fellows.joined from agent-48d8326a335c (ts: 2026-06-07T06:22:28.453733+00:00 < start: 2026-06-07T07:18:57.806Z)
[SKIP-BACKFILL] fellows.joined from agent-3a26459081c0 (ts: 2026-06-07T06:22:35.531547+00:00 < start: 2026-06-07T07:18:57.806Z)
[SLACK] fellows.joined → agent-82e367d8b2c4
[SLACK] fellows.joined → agent-5643a156f527
[ERROR] Stream error: unknown . Reconnecting in 6299ms (attempt 1)...
[CONNECT] attempt=2 last_event_id=tick-4787 next_backoff=6575ms
[OPEN] Stream connected. Listening for events... (pid=24588, last_event_id=tick-4787)
[READY] backfilled 30 events · live tail begins (ts: 2026-06-07T08:51:39.073058+00:00)
[SKIP-BACKFILL] fellows.joined from agent-c834d5e5b078 (ts: 2026-06-07T03:12:13.625417+00:00 < start: 2026-06-07T07:18:57.806Z)
[SKIP-BACKFILL] fellows.joined from agent-2bd812de1b14 (ts: 2026-06-07T03:12:20.666666+00:00 < start: 2026-06-07T07:18:57.806Z)
[SKIP-BACKFILL] fellows.joined from agent-1ce976aacc6a (ts: 2026-06-07T03:19:09.712986+00:00 < start: 2026-06-07T07:18:57.806Z)
[SKIP-BACKFILL] fellows.joined from agent-f12e9cfc1c74 (ts: 2026-06-07T03:20:43.449171+00:00 < start: 2026-06-07T07:18:57.806Z)
[SKIP-BACKFILL] fellows.joined from agent-5836101ce6a0 (ts: 2026-06-07T03:20:48.449908+00:00 < start: 2026-06-07T07:18:57.806Z)
[SKIP-BACKFILL] fellows.joined from agent-b265127eacef (ts: 2026-06-07T03:20:55.504373+00:00 < start: 2026-06-07T07:18:57.806Z)
[SKIP-BACKFILL] fellows.joined from agent-091ddc8fc217 (ts: 2026-06-07T03:28:26.508756+00:00 < start: 2026-06-07T07:18:57.806Z)
[SKIP-BACKFILL] fellows.joined from agent-38bdd62a0d80 (ts: 2026-06-07T03:30:08.785819+00:00 < start: 2026-06-07T07:18:57.806Z)
[SKIP-BACKFILL] fellows.joined from agent-96f3e5280484 (ts: 2026-06-07T03:30:13.714626+00:00 < start: 2026-06-07T07:18:57.806Z)
[SKIP-BACKFILL] fellows.joined from agent-551fb91395c9 (ts: 2026-06-07T03:30:20.892741+00:00 < start: 2026-06-07T07:18:57.806Z)
[SKIP-BACKFILL] fellows.joined from agent-0b9cdcac873f (ts: 2026-06-07T03:37:01.745042+00:00 < start: 2026-06-07T07:18:57.806Z)
[SKIP-BACKFILL] fellows.joined from agent-460f48b359fc (ts: 2026-06-07T03:37:01.993597+00:00 < start: 2026-06-07T07:18:57.806Z)
[SKIP-BACKFILL] fellows.joined from agent-7748d1432bf0 (ts: 2026-06-07T03:37:02.298331+00:00 < start: 2026-06-07T07:18:57.806Z)
[SKIP-BACKFILL] fellows.joined from agent-4f752e22c475 (ts: 2026-06-07T03:38:04.854735+00:00 < start: 2026-06-07T07:18:57.806Z)
[SKIP-BACKFILL] fellows.joined from agent-f69770251904 (ts: 2026-06-07T03:40:31.916639+00:00 < start: 2026-06-07T07:18:57.806Z)
[SKIP-BACKFILL] fellows.joined from agent-0bf8ef15d8be (ts: 2026-06-07T03:40:36.963530+00:00 < start: 2026-06-07T07:18:57.806Z)
[SKIP-BACKFILL] fellows.joined from agent-6f511416da3c (ts: 2026-06-07T03:40:44.005379+00:00 < start: 2026-06-07T07:18:57.806Z)
[SKIP-BACKFILL] fellows.joined from agent-29bbc3e464ca (ts: 2026-06-07T03:45:05.777989+00:00 < start: 2026-06-07T07:18:57.806Z)
[SKIP-BACKFILL] fellows.joined from agent-78d9c02b11ec (ts: 2026-06-07T03:45:47.815905+00:00 < start: 2026-06-07T07:18:57.806Z)
[SKIP-BACKFILL] fellows.joined from agent-cfcf5eb3dff9 (ts: 2026-06-07T03:45:52.853585+00:00 < start: 2026-06-07T07:18:57.806Z)
[SKIP-BACKFILL] fellows.joined from agent-0d3ae6786e9d (ts: 2026-06-07T03:46:00.058316+00:00 < start: 2026-06-07T07:18:57.806Z)
[SKIP-BACKFILL] fellows.joined from agent-5b4e579d93e0 (ts: 2026-06-07T04:07:18.257165+00:00 < start: 2026-06-07T07:18:57.806Z)
[SKIP-BACKFILL] fellows.joined from agent-a79a4d97e78c (ts: 2026-06-07T04:07:57.914185+00:00 < start: 2026-06-07T07:18:57.806Z)
[SKIP-BACKFILL] fellows.joined from agent-ca49e8a935ff (ts: 2026-06-07T04:08:02.924371+00:00 < start: 2026-06-07T07:18:57.806Z)
[SKIP-BACKFILL] fellows.joined from agent-21f4f5e4b290 (ts: 2026-06-07T04:08:09.932471+00:00 < start: 2026-06-07T07:18:57.806Z)
[SKIP-BACKFILL] fellows.joined from agent-a578ab1edc32 (ts: 2026-06-07T06:22:24.341249+00:00 < start: 2026-06-07T07:18:57.806Z)
[SKIP-BACKFILL] fellows.joined from agent-48d8326a335c (ts: 2026-06-07T06:22:28.453733+00:00 < start: 2026-06-07T07:18:57.806Z)
[SKIP-BACKFILL] fellows.joined from agent-3a26459081c0 (ts: 2026-06-07T06:22:35.531547+00:00 < start: 2026-06-07T07:18:57.806Z)
[SLACK] fellows.joined → agent-5643a156f527
[SLACK] fellows.joined → agent-82e367d8b2c4
[ERROR] Stream error: unknown . Reconnecting in 6575ms (attempt 1)...
[CONNECT] attempt=2 last_event_id=tick-4789 next_backoff=6788ms
[OPEN] Stream connected. Listening for events... (pid=24588, last_event_id=tick-4789)
[READY] backfilled 30 events · live tail begins (ts: 2026-06-07T08:52:46.083047+00:00)
[SKIP-BACKFILL] fellows.joined from agent-c834d5e5b078 (ts: 2026-06-07T03:12:13.625417+00:00 < start: 2026-06-07T07:18:57.806Z)
[SKIP-BACKFILL] fellows.joined from agent-2bd812de1b14 (ts: 2026-06-07T03:12:20.666666+00:00 < start: 2026-06-07T07:18:57.806Z)
[SKIP-BACKFILL] fellows.joined from agent-1ce976aacc6a (ts: 2026-06-07T03:19:09.712986+00:00 < start: 2026-06-07T07:18:57.806Z)
[SKIP-BACKFILL] fellows.joined from agent-f12e9cfc1c74 (ts: 2026-06-07T03:20:43.449171+00:00 < start: 2026-06-07T07:18:57.806Z)
[SKIP-BACKFILL] fellows.joined from agent-5836101ce6a0 (ts: 2026-06-07T03:20:48.449908+00:00 < start: 2026-06-07T07:18:57.806Z)
[SKIP-BACKFILL] fellows.joined from agent-b265127eacef (ts: 2026-06-07T03:20:55.504373+00:00 < start: 2026-06-07T07:18:57.806Z)
[SKIP-BACKFILL] fellows.joined from agent-091ddc8fc217 (ts: 2026-06-07T03:28:26.508756+00:00 < start: 2026-06-07T07:18:57.806Z)
[SKIP-BACKFILL] fellows.joined from agent-38bdd62a0d80 (ts: 2026-06-07T03:30:08.785819+00:00 < start: 2026-06-07T07:18:57.806Z)
[SKIP-BACKFILL] fellows.joined from agent-96f3e5280484 (ts: 2026-06-07T03:30:13.714626+00:00 < start: 2026-06-07T07:18:57.806Z)
[SKIP-BACKFILL] fellows.joined from agent-551fb91395c9 (ts: 2026-06-07T03:30:20.892741+00:00 < start: 2026-06-07T07:18:57.806Z)
[SKIP-BACKFILL] fellows.joined from agent-0b9cdcac873f (ts: 2026-06-07T03:37:01.745042+00:00 < start: 2026-06-07T07:18:57.806Z)
[SKIP-BACKFILL] fellows.joined from agent-460f48b359fc (ts: 2026-06-07T03:37:01.993597+00:00 < start: 2026-06-07T07:18:57.806Z)
[SKIP-BACKFILL] fellows.joined from agent-7748d1432bf0 (ts: 2026-06-07T03:37:02.298331+00:00 < start: 2026-06-07T07:18:57.806Z)
[SKIP-BACKFILL] fellows.joined from agent-4f752e22c475 (ts: 2026-06-07T03:38:04.854735+00:00 < start: 2026-06-07T07:18:57.806Z)
[SKIP-BACKFILL] fellows.joined from agent-f69770251904 (ts: 2026-06-07T03:40:31.916639+00:00 < start: 2026-06-07T07:18:57.806Z)
[SKIP-BACKFILL] fellows.joined from agent-0bf8ef15d8be (ts: 2026-06-07T03:40:36.963530+00:00 < start: 2026-06-07T07:18:57.806Z)
[SKIP-BACKFILL] fellows.joined from agent-6f511416da3c (ts: 2026-06-07T03:40:44.005379+00:00 < start: 2026-06-07T07:18:57.806Z)
[SKIP-BACKFILL] fellows.joined from agent-29bbc3e464ca (ts: 2026-06-07T03:45:05.777989+00:00 < start: 2026-06-07T07:18:57.806Z)
[SKIP-BACKFILL] fellows.joined from agent-78d9c02b11ec (ts: 2026-06-07T03:45:47.815905+00:00 < start: 2026-06-07T07:18:57.806Z)
[SKIP-BACKFILL] fellows.joined from agent-cfcf5eb3dff9 (ts: 2026-06-07T03:45:52.853585+00:00 < start: 2026-06-07T07:18:57.806Z)
[SKIP-BACKFILL] fellows.joined from agent-0d3ae6786e9d (ts: 2026-06-07T03:46:00.058316+00:00 < start: 2026-06-07T07:18:57.806Z)
[SKIP-BACKFILL] fellows.joined from agent-5b4e579d93e0 (ts: 2026-06-07T04:07:18.257165+00:00 < start: 2026-06-07T07:18:57.806Z)
[SKIP-BACKFILL] fellows.joined from agent-a79a4d97e78c (ts: 2026-06-07T04:07:57.914185+00:00 < start: 2026-06-07T07:18:57.806Z)
[SKIP-BACKFILL] fellows.joined from agent-ca49e8a935ff (ts: 2026-06-07T04:08:02.924371+00:00 < start: 2026-06-07T07:18:57.806Z)
[SKIP-BACKFILL] fellows.joined from agent-21f4f5e4b290 (ts: 2026-06-07T04:08:09.932471+00:00 < start: 2026-06-07T07:18:57.806Z)
[SKIP-BACKFILL] fellows.joined from agent-a578ab1edc32 (ts: 2026-06-07T06:22:24.341249+00:00 < start: 2026-06-07T07:18:57.806Z)
[SKIP-BACKFILL] fellows.joined from agent-48d8326a335c (ts: 2026-06-07T06:22:28.453733+00:00 < start: 2026-06-07T07:18:57.806Z)
[SKIP-BACKFILL] fellows.joined from agent-3a26459081c0 (ts: 2026-06-07T06:22:35.531547+00:00 < start: 2026-06-07T07:18:57.806Z)
[SLACK] fellows.joined → agent-82e367d8b2c4
[SLACK] fellows.joined → agent-5643a156f527
[ERROR] Stream error: unknown . Reconnecting in 6788ms (attempt 1)...
[CONNECT] attempt=2 last_event_id=tick-4791 next_backoff=6167ms
[OPEN] Stream connected. Listening for events... (pid=24588, last_event_id=tick-4791)
[READY] backfilled 30 events · live tail begins (ts: 2026-06-07T08:53:53.074085+00:00)
[SKIP-BACKFILL] fellows.joined from agent-c834d5e5b078 (ts: 2026-06-07T03:12:13.625417+00:00 < start: 2026-06-07T07:18:57.806Z)
[SKIP-BACKFILL] fellows.joined from agent-2bd812de1b14 (ts: 2026-06-07T03:12:20.666666+00:00 < start: 2026-06-07T07:18:57.806Z)
[SKIP-BACKFILL] fellows.joined from agent-1ce976aacc6a (ts: 2026-06-07T03:19:09.712986+00:00 < start: 2026-06-07T07:18:57.806Z)
[SKIP-BACKFILL] fellows.joined from agent-f12e9cfc1c74 (ts: 2026-06-07T03:20:43.449171+00:00 < start: 2026-06-07T07:18:57.806Z)
[SKIP-BACKFILL] fellows.joined from agent-5836101ce6a0 (ts: 2026-06-07T03:20:48.449908+00:00 < start: 2026-06-07T07:18:57.806Z)
[SKIP-BACKFILL] fellows.joined from agent-b265127eacef (ts: 2026-06-07T03:20:55.504373+00:00 < start: 2026-06-07T07:18:57.806Z)
[SKIP-BACKFILL] fellows.joined from agent-091ddc8fc217 (ts: 2026-06-07T03:28:26.508756+00:00 < start: 2026-06-07T07:18:57.806Z)
[SKIP-BACKFILL] fellows.joined from agent-38bdd62a0d80 (ts: 2026-06-07T03:30:08.785819+00:00 < start: 2026-06-07T07:18:57.806Z)
[SKIP-BACKFILL] fellows.joined from agent-96f3e5280484 (ts: 2026-06-07T03:30:13.714626+00:00 < start: 2026-06-07T07:18:57.806Z)
[SKIP-BACKFILL] fellows.joined from agent-551fb91395c9 (ts: 2026-06-07T03:30:20.892741+00:00 < start: 2026-06-07T07:18:57.806Z)
[SKIP-BACKFILL] fellows.joined from agent-0b9cdcac873f (ts: 2026-06-07T03:37:01.745042+00:00 < start: 2026-06-07T07:18:57.806Z)
[SKIP-BACKFILL] fellows.joined from agent-460f48b359fc (ts: 2026-06-07T03:37:01.993597+00:00 < start: 2026-06-07T07:18:57.806Z)
[SKIP-BACKFILL] fellows.joined from agent-7748d1432bf0 (ts: 2026-06-07T03:37:02.298331+00:00 < start: 2026-06-07T07:18:57.806Z)
[SKIP-BACKFILL] fellows.joined from agent-4f752e22c475 (ts: 2026-06-07T03:38:04.854735+00:00 < start: 2026-06-07T07:18:57.806Z)
[SKIP-BACKFILL] fellows.joined from agent-f69770251904 (ts: 2026-06-07T03:40:31.916639+00:00 < start: 2026-06-07T07:18:57.806Z)
[SKIP-BACKFILL] fellows.joined from agent-0bf8ef15d8be (ts: 2026-06-07T03:40:36.963530+00:00 < start: 2026-06-07T07:18:57.806Z)
[SKIP-BACKFILL] fellows.joined from agent-6f511416da3c (ts: 2026-06-07T03:40:44.005379+00:00 < start: 2026-06-07T07:18:57.806Z)
[SKIP-BACKFILL] fellows.joined from agent-29bbc3e464ca (ts: 2026-06-07T03:45:05.777989+00:00 < start: 2026-06-07T07:18:57.806Z)
[SKIP-BACKFILL] fellows.joined from agent-78d9c02b11ec (ts: 2026-06-07T03:45:47.815905+00:00 < start: 2026-06-07T07:18:57.806Z)
[SKIP-BACKFILL] fellows.joined from agent-cfcf5eb3dff9 (ts: 2026-06-07T03:45:52.853585+00:00 < start: 2026-06-07T07:18:57.806Z)
[SKIP-BACKFILL] fellows.joined from agent-0d3ae6786e9d (ts: 2026-06-07T03:46:00.058316+00:00 < start: 2026-06-07T07:18:57.806Z)
[SKIP-BACKFILL] fellows.joined from agent-5b4e579d93e0 (ts: 2026-06-07T04:07:18.257165+00:00 < start: 2026-06-07T07:18:57.806Z)
[SKIP-BACKFILL] fellows.joined from agent-a79a4d97e78c (ts: 2026-06-07T04:07:57.914185+00:00 < start: 2026-06-07T07:18:57.806Z)
[SKIP-BACKFILL] fellows.joined from agent-ca49e8a935ff (ts: 2026-06-07T04:08:02.924371+00:00 < start: 2026-06-07T07:18:57.806Z)
[SKIP-BACKFILL] fellows.joined from agent-21f4f5e4b290 (ts: 2026-06-07T04:08:09.932471+00:00 < start: 2026-06-07T07:18:57.806Z)
[SKIP-BACKFILL] fellows.joined from agent-a578ab1edc32 (ts: 2026-06-07T06:22:24.341249+00:00 < start: 2026-06-07T07:18:57.806Z)
[SKIP-BACKFILL] fellows.joined from agent-48d8326a335c (ts: 2026-06-07T06:22:28.453733+00:00 < start: 2026-06-07T07:18:57.806Z)
[SKIP-BACKFILL] fellows.joined from agent-3a26459081c0 (ts: 2026-06-07T06:22:35.531547+00:00 < start: 2026-06-07T07:18:57.806Z)
[SLACK] fellows.joined → agent-82e367d8b2c4
[SLACK] fellows.joined → agent-5643a156f527
[WARN] SLACK_BOT_TOKEN env var is not set. Slack posts will be dry-run (logged only).
=================================================
  HERMES — Lodge Event Stream Listener
  LODGE_STREAM_URL   : https://hearth-lodge.preview.emergentagent.com/api/stream/public
  SLACK_BOT_TOKEN    : [not set — dry-run mode]
  SLACK_CHANNEL      : C0AV3HHP8P3
  Reconnect backoff  : 3000ms → 60000ms (exponential + jitter)
  START_TIME         : 2026-06-07T09:01:06.030Z
  PID                : 2372
=================================================
[CONNECT] attempt=1 last_event_id=tick-4792 next_backoff=3991ms
[OPEN] Stream connected. Listening for events... (pid=2372, last_event_id=tick-4792)
[READY] backfilled 30 events · live tail begins (ts: 2026-06-07T09:01:06.486183+00:00)
[SKIP-BACKFILL] fellows.joined from agent-c834d5e5b078 (ts: 2026-06-07T03:12:13.625417+00:00 < start: 2026-06-07T09:01:06.030Z)
[SKIP-BACKFILL] fellows.joined from agent-2bd812de1b14 (ts: 2026-06-07T03:12:20.666666+00:00 < start: 2026-06-07T09:01:06.030Z)
[SKIP-BACKFILL] fellows.joined from agent-1ce976aacc6a (ts: 2026-06-07T03:19:09.712986+00:00 < start: 2026-06-07T09:01:06.030Z)
[SKIP-BACKFILL] fellows.joined from agent-f12e9cfc1c74 (ts: 2026-06-07T03:20:43.449171+00:00 < start: 2026-06-07T09:01:06.030Z)
[SKIP-BACKFILL] fellows.joined from agent-5836101ce6a0 (ts: 2026-06-07T03:20:48.449908+00:00 < start: 2026-06-07T09:01:06.030Z)
[SKIP-BACKFILL] fellows.joined from agent-b265127eacef (ts: 2026-06-07T03:20:55.504373+00:00 < start: 2026-06-07T09:01:06.030Z)
[SKIP-BACKFILL] fellows.joined from agent-091ddc8fc217 (ts: 2026-06-07T03:28:26.508756+00:00 < start: 2026-06-07T09:01:06.030Z)
[SKIP-BACKFILL] fellows.joined from agent-38bdd62a0d80 (ts: 2026-06-07T03:30:08.785819+00:00 < start: 2026-06-07T09:01:06.030Z)
[SKIP-BACKFILL] fellows.joined from agent-96f3e5280484 (ts: 2026-06-07T03:30:13.714626+00:00 < start: 2026-06-07T09:01:06.030Z)
[SKIP-BACKFILL] fellows.joined from agent-551fb91395c9 (ts: 2026-06-07T03:30:20.892741+00:00 < start: 2026-06-07T09:01:06.030Z)
[SKIP-BACKFILL] fellows.joined from agent-0b9cdcac873f (ts: 2026-06-07T03:37:01.745042+00:00 < start: 2026-06-07T09:01:06.030Z)
[SKIP-BACKFILL] fellows.joined from agent-460f48b359fc (ts: 2026-06-07T03:37:01.993597+00:00 < start: 2026-06-07T09:01:06.030Z)
[SKIP-BACKFILL] fellows.joined from agent-7748d1432bf0 (ts: 2026-06-07T03:37:02.298331+00:00 < start: 2026-06-07T09:01:06.030Z)
[SKIP-BACKFILL] fellows.joined from agent-4f752e22c475 (ts: 2026-06-07T03:38:04.854735+00:00 < start: 2026-06-07T09:01:06.030Z)
[SKIP-BACKFILL] fellows.joined from agent-f69770251904 (ts: 2026-06-07T03:40:31.916639+00:00 < start: 2026-06-07T09:01:06.030Z)
[SKIP-BACKFILL] fellows.joined from agent-0bf8ef15d8be (ts: 2026-06-07T03:40:36.963530+00:00 < start: 2026-06-07T09:01:06.030Z)
[SKIP-BACKFILL] fellows.joined from agent-6f511416da3c (ts: 2026-06-07T03:40:44.005379+00:00 < start: 2026-06-07T09:01:06.030Z)
[SKIP-BACKFILL] fellows.joined from agent-29bbc3e464ca (ts: 2026-06-07T03:45:05.777989+00:00 < start: 2026-06-07T09:01:06.030Z)
[SKIP-BACKFILL] fellows.joined from agent-78d9c02b11ec (ts: 2026-06-07T03:45:47.815905+00:00 < start: 2026-06-07T09:01:06.030Z)
[SKIP-BACKFILL] fellows.joined from agent-cfcf5eb3dff9 (ts: 2026-06-07T03:45:52.853585+00:00 < start: 2026-06-07T09:01:06.030Z)
[SKIP-BACKFILL] fellows.joined from agent-0d3ae6786e9d (ts: 2026-06-07T03:46:00.058316+00:00 < start: 2026-06-07T09:01:06.030Z)
[SKIP-BACKFILL] fellows.joined from agent-5b4e579d93e0 (ts: 2026-06-07T04:07:18.257165+00:00 < start: 2026-06-07T09:01:06.030Z)
[SKIP-BACKFILL] fellows.joined from agent-a79a4d97e78c (ts: 2026-06-07T04:07:57.914185+00:00 < start: 2026-06-07T09:01:06.030Z)
[SKIP-BACKFILL] fellows.joined from agent-ca49e8a935ff (ts: 2026-06-07T04:08:02.924371+00:00 < start: 2026-06-07T09:01:06.030Z)
[SKIP-BACKFILL] fellows.joined from agent-21f4f5e4b290 (ts: 2026-06-07T04:08:09.932471+00:00 < start: 2026-06-07T09:01:06.030Z)
[SKIP-BACKFILL] fellows.joined from agent-a578ab1edc32 (ts: 2026-06-07T06:22:24.341249+00:00 < start: 2026-06-07T09:01:06.030Z)
[SKIP-BACKFILL] fellows.joined from agent-48d8326a335c (ts: 2026-06-07T06:22:28.453733+00:00 < start: 2026-06-07T09:01:06.030Z)
[SKIP-BACKFILL] fellows.joined from agent-3a26459081c0 (ts: 2026-06-07T06:22:35.531547+00:00 < start: 2026-06-07T09:01:06.030Z)
[SKIP-BACKFILL] fellows.joined from agent-82e367d8b2c4 (ts: 2026-06-07T08:37:56.692041+00:00 < start: 2026-06-07T09:01:06.030Z)
[SKIP-BACKFILL] fellows.joined from agent-5643a156f527 (ts: 2026-06-07T08:41:42.292176+00:00 < start: 2026-06-07T09:01:06.030Z)
[ERROR] Stream error: unknown . Reconnecting in 3991ms (attempt 1)...
[CONNECT] attempt=2 last_event_id=tick-4808 next_backoff=6168ms
[OPEN] Stream connected. Listening for events... (pid=2372, last_event_id=tick-4808)
[READY] backfilled 30 events · live tail begins (ts: 2026-06-07T09:02:10.556607+00:00)
[SKIP-BACKFILL] fellows.joined from agent-c834d5e5b078 (ts: 2026-06-07T03:12:13.625417+00:00 < start: 2026-06-07T09:01:06.030Z)
[SKIP-BACKFILL] fellows.joined from agent-2bd812de1b14 (ts: 2026-06-07T03:12:20.666666+00:00 < start: 2026-06-07T09:01:06.030Z)
[SKIP-BACKFILL] fellows.joined from agent-1ce976aacc6a (ts: 2026-06-07T03:19:09.712986+00:00 < start: 2026-06-07T09:01:06.030Z)
[SKIP-BACKFILL] fellows.joined from agent-f12e9cfc1c74 (ts: 2026-06-07T03:20:43.449171+00:00 < start: 2026-06-07T09:01:06.030Z)
[SKIP-BACKFILL] fellows.joined from agent-5836101ce6a0 (ts: 2026-06-07T03:20:48.449908+00:00 < start: 2026-06-07T09:01:06.030Z)
[SKIP-BACKFILL] fellows.joined from agent-b265127eacef (ts: 2026-06-07T03:20:55.504373+00:00 < start: 2026-06-07T09:01:06.030Z)
[SKIP-BACKFILL] fellows.joined from agent-091ddc8fc217 (ts: 2026-06-07T03:28:26.508756+00:00 < start: 2026-06-07T09:01:06.030Z)
[SKIP-BACKFILL] fellows.joined from agent-38bdd62a0d80 (ts: 2026-06-07T03:30:08.785819+00:00 < start: 2026-06-07T09:01:06.030Z)
[SKIP-BACKFILL] fellows.joined from agent-96f3e5280484 (ts: 2026-06-07T03:30:13.714626+00:00 < start: 2026-06-07T09:01:06.030Z)
[SKIP-BACKFILL] fellows.joined from agent-551fb91395c9 (ts: 2026-06-07T03:30:20.892741+00:00 < start: 2026-06-07T09:01:06.030Z)
[SKIP-BACKFILL] fellows.joined from agent-0b9cdcac873f (ts: 2026-06-07T03:37:01.745042+00:00 < start: 2026-06-07T09:01:06.030Z)
[SKIP-BACKFILL] fellows.joined from agent-460f48b359fc (ts: 2026-06-07T03:37:01.993597+00:00 < start: 2026-06-07T09:01:06.030Z)
[SKIP-BACKFILL] fellows.joined from agent-7748d1432bf0 (ts: 2026-06-07T03:37:02.298331+00:00 < start: 2026-06-07T09:01:06.030Z)
[SKIP-BACKFILL] fellows.joined from agent-4f752e22c475 (ts: 2026-06-07T03:38:04.854735+00:00 < start: 2026-06-07T09:01:06.030Z)
[SKIP-BACKFILL] fellows.joined from agent-f69770251904 (ts: 2026-06-07T03:40:31.916639+00:00 < start: 2026-06-07T09:01:06.030Z)
[SKIP-BACKFILL] fellows.joined from agent-0bf8ef15d8be (ts: 2026-06-07T03:40:36.963530+00:00 < start: 2026-06-07T09:01:06.030Z)
[SKIP-BACKFILL] fellows.joined from agent-6f511416da3c (ts: 2026-06-07T03:40:44.005379+00:00 < start: 2026-06-07T09:01:06.030Z)
[SKIP-BACKFILL] fellows.joined from agent-29bbc3e464ca (ts: 2026-06-07T03:45:05.777989+00:00 < start: 2026-06-07T09:01:06.030Z)
[SKIP-BACKFILL] fellows.joined from agent-78d9c02b11ec (ts: 2026-06-07T03:45:47.815905+00:00 < start: 2026-06-07T09:01:06.030Z)
[SKIP-BACKFILL] fellows.joined from agent-cfcf5eb3dff9 (ts: 2026-06-07T03:45:52.853585+00:00 < start: 2026-06-07T09:01:06.030Z)
[SKIP-BACKFILL] fellows.joined from agent-0d3ae6786e9d (ts: 2026-06-07T03:46:00.058316+00:00 < start: 2026-06-07T09:01:06.030Z)
[SKIP-BACKFILL] fellows.joined from agent-5b4e579d93e0 (ts: 2026-06-07T04:07:18.257165+00:00 < start: 2026-06-07T09:01:06.030Z)
[SKIP-BACKFILL] fellows.joined from agent-a79a4d97e78c (ts: 2026-06-07T04:07:57.914185+00:00 < start: 2026-06-07T09:01:06.030Z)
[SKIP-BACKFILL] fellows.joined from agent-ca49e8a935ff (ts: 2026-06-07T04:08:02.924371+00:00 < start: 2026-06-07T09:01:06.030Z)
[SKIP-BACKFILL] fellows.joined from agent-21f4f5e4b290 (ts: 2026-06-07T04:08:09.932471+00:00 < start: 2026-06-07T09:01:06.030Z)
[SKIP-BACKFILL] fellows.joined from agent-a578ab1edc32 (ts: 2026-06-07T06:22:24.341249+00:00 < start: 2026-06-07T09:01:06.030Z)
[SKIP-BACKFILL] fellows.joined from agent-48d8326a335c (ts: 2026-06-07T06:22:28.453733+00:00 < start: 2026-06-07T09:01:06.030Z)
[SKIP-BACKFILL] fellows.joined from agent-3a26459081c0 (ts: 2026-06-07T06:22:35.531547+00:00 < start: 2026-06-07T09:01:06.030Z)
[SKIP-BACKFILL] fellows.joined from agent-82e367d8b2c4 (ts: 2026-06-07T08:37:56.692041+00:00 < start: 2026-06-07T09:01:06.030Z)
[SKIP-BACKFILL] fellows.joined from agent-5643a156f527 (ts: 2026-06-07T08:41:42.292176+00:00 < start: 2026-06-07T09:01:06.030Z)
[ERROR] Stream error: unknown . Reconnecting in 6168ms (attempt 1)...
[CONNECT] attempt=2 last_event_id=tick-4810 next_backoff=6616ms
[OPEN] Stream connected. Listening for events... (pid=2372, last_event_id=tick-4810)
[READY] backfilled 30 events · live tail begins (ts: 2026-06-07T09:03:16.893126+00:00)
[SKIP-BACKFILL] fellows.joined from agent-c834d5e5b078 (ts: 2026-06-07T03:12:13.625417+00:00 < start: 2026-06-07T09:01:06.030Z)
[SKIP-BACKFILL] fellows.joined from agent-2bd812de1b14 (ts: 2026-06-07T03:12:20.666666+00:00 < start: 2026-06-07T09:01:06.030Z)
[SKIP-BACKFILL] fellows.joined from agent-1ce976aacc6a (ts: 2026-06-07T03:19:09.712986+00:00 < start: 2026-06-07T09:01:06.030Z)
[SKIP-BACKFILL] fellows.joined from agent-f12e9cfc1c74 (ts: 2026-06-07T03:20:43.449171+00:00 < start: 2026-06-07T09:01:06.030Z)
[SKIP-BACKFILL] fellows.joined from agent-5836101ce6a0 (ts: 2026-06-07T03:20:48.449908+00:00 < start: 2026-06-07T09:01:06.030Z)
[SKIP-BACKFILL] fellows.joined from agent-b265127eacef (ts: 2026-06-07T03:20:55.504373+00:00 < start: 2026-06-07T09:01:06.030Z)
[SKIP-BACKFILL] fellows.joined from agent-091ddc8fc217 (ts: 2026-06-07T03:28:26.508756+00:00 < start: 2026-06-07T09:01:06.030Z)
[SKIP-BACKFILL] fellows.joined from agent-38bdd62a0d80 (ts: 2026-06-07T03:30:08.785819+00:00 < start: 2026-06-07T09:01:06.030Z)
[SKIP-BACKFILL] fellows.joined from agent-96f3e5280484 (ts: 2026-06-07T03:30:13.714626+00:00 < start: 2026-06-07T09:01:06.030Z)
[SKIP-BACKFILL] fellows.joined from agent-551fb91395c9 (ts: 2026-06-07T03:30:20.892741+00:00 < start: 2026-06-07T09:01:06.030Z)
[SKIP-BACKFILL] fellows.joined from agent-0b9cdcac873f (ts: 2026-06-07T03:37:01.745042+00:00 < start: 2026-06-07T09:01:06.030Z)
[SKIP-BACKFILL] fellows.joined from agent-460f48b359fc (ts: 2026-06-07T03:37:01.993597+00:00 < start: 2026-06-07T09:01:06.030Z)
[SKIP-BACKFILL] fellows.joined from agent-7748d1432bf0 (ts: 2026-06-07T03:37:02.298331+00:00 < start: 2026-06-07T09:01:06.030Z)
[SKIP-BACKFILL] fellows.joined from agent-4f752e22c475 (ts: 2026-06-07T03:38:04.854735+00:00 < start: 2026-06-07T09:01:06.030Z)
[SKIP-BACKFILL] fellows.joined from agent-f69770251904 (ts: 2026-06-07T03:40:31.916639+00:00 < start: 2026-06-07T09:01:06.030Z)
[SKIP-BACKFILL] fellows.joined from agent-0bf8ef15d8be (ts: 2026-06-07T03:40:36.963530+00:00 < start: 2026-06-07T09:01:06.030Z)
[SKIP-BACKFILL] fellows.joined from agent-6f511416da3c (ts: 2026-06-07T03:40:44.005379+00:00 < start: 2026-06-07T09:01:06.030Z)
[SKIP-BACKFILL] fellows.joined from agent-29bbc3e464ca (ts: 2026-06-07T03:45:05.777989+00:00 < start: 2026-06-07T09:01:06.030Z)
[SKIP-BACKFILL] fellows.joined from agent-78d9c02b11ec (ts: 2026-06-07T03:45:47.815905+00:00 < start: 2026-06-07T09:01:06.030Z)
[SKIP-BACKFILL] fellows.joined from agent-cfcf5eb3dff9 (ts: 2026-06-07T03:45:52.853585+00:00 < start: 2026-06-07T09:01:06.030Z)
[SKIP-BACKFILL] fellows.joined from agent-0d3ae6786e9d (ts: 2026-06-07T03:46:00.058316+00:00 < start: 2026-06-07T09:01:06.030Z)
[SKIP-BACKFILL] fellows.joined from agent-5b4e579d93e0 (ts: 2026-06-07T04:07:18.257165+00:00 < start: 2026-06-07T09:01:06.030Z)
[SKIP-BACKFILL] fellows.joined from agent-a79a4d97e78c (ts: 2026-06-07T04:07:57.914185+00:00 < start: 2026-06-07T09:01:06.030Z)
[SKIP-BACKFILL] fellows.joined from agent-ca49e8a935ff (ts: 2026-06-07T04:08:02.924371+00:00 < start: 2026-06-07T09:01:06.030Z)
[SKIP-BACKFILL] fellows.joined from agent-21f4f5e4b290 (ts: 2026-06-07T04:08:09.932471+00:00 < start: 2026-06-07T09:01:06.030Z)
[SKIP-BACKFILL] fellows.joined from agent-a578ab1edc32 (ts: 2026-06-07T06:22:24.341249+00:00 < start: 2026-06-07T09:01:06.030Z)
[SKIP-BACKFILL] fellows.joined from agent-48d8326a335c (ts: 2026-06-07T06:22:28.453733+00:00 < start: 2026-06-07T09:01:06.030Z)
[SKIP-BACKFILL] fellows.joined from agent-3a26459081c0 (ts: 2026-06-07T06:22:35.531547+00:00 < start: 2026-06-07T09:01:06.030Z)
[SKIP-BACKFILL] fellows.joined from agent-82e367d8b2c4 (ts: 2026-06-07T08:37:56.692041+00:00 < start: 2026-06-07T09:01:06.030Z)
[SKIP-BACKFILL] fellows.joined from agent-5643a156f527 (ts: 2026-06-07T08:41:42.292176+00:00 < start: 2026-06-07T09:01:06.030Z)
[ERROR] Stream error: unknown . Reconnecting in 6616ms (attempt 1)...
[CONNECT] attempt=2 last_event_id=tick-4812 next_backoff=6974ms
[OPEN] Stream connected. Listening for events... (pid=2372, last_event_id=tick-4812)
[READY] backfilled 30 events · live tail begins (ts: 2026-06-07T09:04:23.706768+00:00)
[SKIP-BACKFILL] fellows.joined from agent-c834d5e5b078 (ts: 2026-06-07T03:12:13.625417+00:00 < start: 2026-06-07T09:01:06.030Z)
[SKIP-BACKFILL] fellows.joined from agent-2bd812de1b14 (ts: 2026-06-07T03:12:20.666666+00:00 < start: 2026-06-07T09:01:06.030Z)
[SKIP-BACKFILL] fellows.joined from agent-1ce976aacc6a (ts: 2026-06-07T03:19:09.712986+00:00 < start: 2026-06-07T09:01:06.030Z)
[SKIP-BACKFILL] fellows.joined from agent-f12e9cfc1c74 (ts: 2026-06-07T03:20:43.449171+00:00 < start: 2026-06-07T09:01:06.030Z)
[SKIP-BACKFILL] fellows.joined from agent-5836101ce6a0 (ts: 2026-06-07T03:20:48.449908+00:00 < start: 2026-06-07T09:01:06.030Z)
[SKIP-BACKFILL] fellows.joined from agent-b265127eacef (ts: 2026-06-07T03:20:55.504373+00:00 < start: 2026-06-07T09:01:06.030Z)
[SKIP-BACKFILL] fellows.joined from agent-091ddc8fc217 (ts: 2026-06-07T03:28:26.508756+00:00 < start: 2026-06-07T09:01:06.030Z)
[SKIP-BACKFILL] fellows.joined from agent-38bdd62a0d80 (ts: 2026-06-07T03:30:08.785819+00:00 < start: 2026-06-07T09:01:06.030Z)
[SKIP-BACKFILL] fellows.joined from agent-96f3e5280484 (ts: 2026-06-07T03:30:13.714626+00:00 < start: 2026-06-07T09:01:06.030Z)
[SKIP-BACKFILL] fellows.joined from agent-551fb91395c9 (ts: 2026-06-07T03:30:20.892741+00:00 < start: 2026-06-07T09:01:06.030Z)
[SKIP-BACKFILL] fellows.joined from agent-0b9cdcac873f (ts: 2026-06-07T03:37:01.745042+00:00 < start: 2026-06-07T09:01:06.030Z)
[SKIP-BACKFILL] fellows.joined from agent-460f48b359fc (ts: 2026-06-07T03:37:01.993597+00:00 < start: 2026-06-07T09:01:06.030Z)
[SKIP-BACKFILL] fellows.joined from agent-7748d1432bf0 (ts: 2026-06-07T03:37:02.298331+00:00 < start: 2026-06-07T09:01:06.030Z)
[SKIP-BACKFILL] fellows.joined from agent-4f752e22c475 (ts: 2026-06-07T03:38:04.854735+00:00 < start: 2026-06-07T09:01:06.030Z)
[SKIP-BACKFILL] fellows.joined from agent-f69770251904 (ts: 2026-06-07T03:40:31.916639+00:00 < start: 2026-06-07T09:01:06.030Z)
[SKIP-BACKFILL] fellows.joined from agent-0bf8ef15d8be (ts: 2026-06-07T03:40:36.963530+00:00 < start: 2026-06-07T09:01:06.030Z)
[SKIP-BACKFILL] fellows.joined from agent-6f511416da3c (ts: 2026-06-07T03:40:44.005379+00:00 < start: 2026-06-07T09:01:06.030Z)
[SKIP-BACKFILL] fellows.joined from agent-29bbc3e464ca (ts: 2026-06-07T03:45:05.777989+00:00 < start: 2026-06-07T09:01:06.030Z)
[SKIP-BACKFILL] fellows.joined from agent-78d9c02b11ec (ts: 2026-06-07T03:45:47.815905+00:00 < start: 2026-06-07T09:01:06.030Z)
[SKIP-BACKFILL] fellows.joined from agent-cfcf5eb3dff9 (ts: 2026-06-07T03:45:52.853585+00:00 < start: 2026-06-07T09:01:06.030Z)
[SKIP-BACKFILL] fellows.joined from agent-0d3ae6786e9d (ts: 2026-06-07T03:46:00.058316+00:00 < start: 2026-06-07T09:01:06.030Z)
[SKIP-BACKFILL] fellows.joined from agent-5b4e579d93e0 (ts: 2026-06-07T04:07:18.257165+00:00 < start: 2026-06-07T09:01:06.030Z)
[SKIP-BACKFILL] fellows.joined from agent-a79a4d97e78c (ts: 2026-06-07T04:07:57.914185+00:00 < start: 2026-06-07T09:01:06.030Z)
[SKIP-BACKFILL] fellows.joined from agent-ca49e8a935ff (ts: 2026-06-07T04:08:02.924371+00:00 < start: 2026-06-07T09:01:06.030Z)
[SKIP-BACKFILL] fellows.joined from agent-21f4f5e4b290 (ts: 2026-06-07T04:08:09.932471+00:00 < start: 2026-06-07T09:01:06.030Z)
[SKIP-BACKFILL] fellows.joined from agent-a578ab1edc32 (ts: 2026-06-07T06:22:24.341249+00:00 < start: 2026-06-07T09:01:06.030Z)
[SKIP-BACKFILL] fellows.joined from agent-48d8326a335c (ts: 2026-06-07T06:22:28.453733+00:00 < start: 2026-06-07T09:01:06.030Z)
[SKIP-BACKFILL] fellows.joined from agent-3a26459081c0 (ts: 2026-06-07T06:22:35.531547+00:00 < start: 2026-06-07T09:01:06.030Z)
[SKIP-BACKFILL] fellows.joined from agent-82e367d8b2c4 (ts: 2026-06-07T08:37:56.692041+00:00 < start: 2026-06-07T09:01:06.030Z)
[SKIP-BACKFILL] fellows.joined from agent-5643a156f527 (ts: 2026-06-07T08:41:42.292176+00:00 < start: 2026-06-07T09:01:06.030Z)
[ERROR] Stream error: unknown . Reconnecting in 6974ms (attempt 1)...
[CONNECT] attempt=2 last_event_id=tick-4814 next_backoff=6715ms
[OPEN] Stream connected. Listening for events... (pid=2372, last_event_id=tick-4814)
[READY] backfilled 30 events · live tail begins (ts: 2026-06-07T09:05:30.839838+00:00)
[SKIP-BACKFILL] fellows.joined from agent-c834d5e5b078 (ts: 2026-06-07T03:12:13.625417+00:00 < start: 2026-06-07T09:01:06.030Z)
[SKIP-BACKFILL] fellows.joined from agent-2bd812de1b14 (ts: 2026-06-07T03:12:20.666666+00:00 < start: 2026-06-07T09:01:06.030Z)
[SKIP-BACKFILL] fellows.joined from agent-1ce976aacc6a (ts: 2026-06-07T03:19:09.712986+00:00 < start: 2026-06-07T09:01:06.030Z)
[SKIP-BACKFILL] fellows.joined from agent-f12e9cfc1c74 (ts: 2026-06-07T03:20:43.449171+00:00 < start: 2026-06-07T09:01:06.030Z)
[SKIP-BACKFILL] fellows.joined from agent-5836101ce6a0 (ts: 2026-06-07T03:20:48.449908+00:00 < start: 2026-06-07T09:01:06.030Z)
[SKIP-BACKFILL] fellows.joined from agent-b265127eacef (ts: 2026-06-07T03:20:55.504373+00:00 < start: 2026-06-07T09:01:06.030Z)
[SKIP-BACKFILL] fellows.joined from agent-091ddc8fc217 (ts: 2026-06-07T03:28:26.508756+00:00 < start: 2026-06-07T09:01:06.030Z)
[SKIP-BACKFILL] fellows.joined from agent-38bdd62a0d80 (ts: 2026-06-07T03:30:08.785819+00:00 < start: 2026-06-07T09:01:06.030Z)
[SKIP-BACKFILL] fellows.joined from agent-96f3e5280484 (ts: 2026-06-07T03:30:13.714626+00:00 < start: 2026-06-07T09:01:06.030Z)
[SKIP-BACKFILL] fellows.joined from agent-551fb91395c9 (ts: 2026-06-07T03:30:20.892741+00:00 < start: 2026-06-07T09:01:06.030Z)
[SKIP-BACKFILL] fellows.joined from agent-0b9cdcac873f (ts: 2026-06-07T03:37:01.745042+00:00 < start: 2026-06-07T09:01:06.030Z)
[SKIP-BACKFILL] fellows.joined from agent-460f48b359fc (ts: 2026-06-07T03:37:01.993597+00:00 < start: 2026-06-07T09:01:06.030Z)
[SKIP-BACKFILL] fellows.joined from agent-7748d1432bf0 (ts: 2026-06-07T03:37:02.298331+00:00 < start: 2026-06-07T09:01:06.030Z)
[SKIP-BACKFILL] fellows.joined from agent-4f752e22c475 (ts: 2026-06-07T03:38:04.854735+00:00 < start: 2026-06-07T09:01:06.030Z)
[SKIP-BACKFILL] fellows.joined from agent-f69770251904 (ts: 2026-06-07T03:40:31.916639+00:00 < start: 2026-06-07T09:01:06.030Z)
[SKIP-BACKFILL] fellows.joined from agent-0bf8ef15d8be (ts: 2026-06-07T03:40:36.963530+00:00 < start: 2026-06-07T09:01:06.030Z)
[SKIP-BACKFILL] fellows.joined from agent-6f511416da3c (ts: 2026-06-07T03:40:44.005379+00:00 < start: 2026-06-07T09:01:06.030Z)
[SKIP-BACKFILL] fellows.joined from agent-29bbc3e464ca (ts: 2026-06-07T03:45:05.777989+00:00 < start: 2026-06-07T09:01:06.030Z)
[SKIP-BACKFILL] fellows.joined from agent-78d9c02b11ec (ts: 2026-06-07T03:45:47.815905+00:00 < start: 2026-06-07T09:01:06.030Z)
[SKIP-BACKFILL] fellows.joined from agent-cfcf5eb3dff9 (ts: 2026-06-07T03:45:52.853585+00:00 < start: 2026-06-07T09:01:06.030Z)
[SKIP-BACKFILL] fellows.joined from agent-0d3ae6786e9d (ts: 2026-06-07T03:46:00.058316+00:00 < start: 2026-06-07T09:01:06.030Z)
[SKIP-BACKFILL] fellows.joined from agent-5b4e579d93e0 (ts: 2026-06-07T04:07:18.257165+00:00 < start: 2026-06-07T09:01:06.030Z)
[SKIP-BACKFILL] fellows.joined from agent-a79a4d97e78c (ts: 2026-06-07T04:07:57.914185+00:00 < start: 2026-06-07T09:01:06.030Z)
[SKIP-BACKFILL] fellows.joined from agent-ca49e8a935ff (ts: 2026-06-07T04:08:02.924371+00:00 < start: 2026-06-07T09:01:06.030Z)
[SKIP-BACKFILL] fellows.joined from agent-21f4f5e4b290 (ts: 2026-06-07T04:08:09.932471+00:00 < start: 2026-06-07T09:01:06.030Z)
[SKIP-BACKFILL] fellows.joined from agent-a578ab1edc32 (ts: 2026-06-07T06:22:24.341249+00:00 < start: 2026-06-07T09:01:06.030Z)
[SKIP-BACKFILL] fellows.joined from agent-48d8326a335c (ts: 2026-06-07T06:22:28.453733+00:00 < start: 2026-06-07T09:01:06.030Z)
[SKIP-BACKFILL] fellows.joined from agent-3a26459081c0 (ts: 2026-06-07T06:22:35.531547+00:00 < start: 2026-06-07T09:01:06.030Z)
[SKIP-BACKFILL] fellows.joined from agent-82e367d8b2c4 (ts: 2026-06-07T08:37:56.692041+00:00 < start: 2026-06-07T09:01:06.030Z)
[SKIP-BACKFILL] fellows.joined from agent-5643a156f527 (ts: 2026-06-07T08:41:42.292176+00:00 < start: 2026-06-07T09:01:06.030Z)
[ERROR] Stream error: unknown . Reconnecting in 6715ms (attempt 1)...
[CONNECT] attempt=2 last_event_id=tick-4817 next_backoff=6016ms
[OPEN] Stream connected. Listening for events... (pid=2372, last_event_id=tick-4817)
[READY] backfilled 30 events · live tail begins (ts: 2026-06-07T09:06:37.705081+00:00)
[SKIP-BACKFILL] fellows.joined from agent-c834d5e5b078 (ts: 2026-06-07T03:12:13.625417+00:00 < start: 2026-06-07T09:01:06.030Z)
[SKIP-BACKFILL] fellows.joined from agent-2bd812de1b14 (ts: 2026-06-07T03:12:20.666666+00:00 < start: 2026-06-07T09:01:06.030Z)
[SKIP-BACKFILL] fellows.joined from agent-1ce976aacc6a (ts: 2026-06-07T03:19:09.712986+00:00 < start: 2026-06-07T09:01:06.030Z)
[SKIP-BACKFILL] fellows.joined from agent-f12e9cfc1c74 (ts: 2026-06-07T03:20:43.449171+00:00 < start: 2026-06-07T09:01:06.030Z)
[SKIP-BACKFILL] fellows.joined from agent-5836101ce6a0 (ts: 2026-06-07T03:20:48.449908+00:00 < start: 2026-06-07T09:01:06.030Z)
[SKIP-BACKFILL] fellows.joined from agent-b265127eacef (ts: 2026-06-07T03:20:55.504373+00:00 < start: 2026-06-07T09:01:06.030Z)
[SKIP-BACKFILL] fellows.joined from agent-091ddc8fc217 (ts: 2026-06-07T03:28:26.508756+00:00 < start: 2026-06-07T09:01:06.030Z)
[SKIP-BACKFILL] fellows.joined from agent-38bdd62a0d80 (ts: 2026-06-07T03:30:08.785819+00:00 < start: 2026-06-07T09:01:06.030Z)
[SKIP-BACKFILL] fellows.joined from agent-96f3e5280484 (ts: 2026-06-07T03:30:13.714626+00:00 < start: 2026-06-07T09:01:06.030Z)
[SKIP-BACKFILL] fellows.joined from agent-551fb91395c9 (ts: 2026-06-07T03:30:20.892741+00:00 < start: 2026-06-07T09:01:06.030Z)
[SKIP-BACKFILL] fellows.joined from agent-0b9cdcac873f (ts: 2026-06-07T03:37:01.745042+00:00 < start: 2026-06-07T09:01:06.030Z)
[SKIP-BACKFILL] fellows.joined from agent-460f48b359fc (ts: 2026-06-07T03:37:01.993597+00:00 < start: 2026-06-07T09:01:06.030Z)
[SKIP-BACKFILL] fellows.joined from agent-7748d1432bf0 (ts: 2026-06-07T03:37:02.298331+00:00 < start: 2026-06-07T09:01:06.030Z)
[SKIP-BACKFILL] fellows.joined from agent-4f752e22c475 (ts: 2026-06-07T03:38:04.854735+00:00 < start: 2026-06-07T09:01:06.030Z)
[SKIP-BACKFILL] fellows.joined from agent-f69770251904 (ts: 2026-06-07T03:40:31.916639+00:00 < start: 2026-06-07T09:01:06.030Z)
[SKIP-BACKFILL] fellows.joined from agent-0bf8ef15d8be (ts: 2026-06-07T03:40:36.963530+00:00 < start: 2026-06-07T09:01:06.030Z)
[SKIP-BACKFILL] fellows.joined from agent-6f511416da3c (ts: 2026-06-07T03:40:44.005379+00:00 < start: 2026-06-07T09:01:06.030Z)
[SKIP-BACKFILL] fellows.joined from agent-29bbc3e464ca (ts: 2026-06-07T03:45:05.777989+00:00 < start: 2026-06-07T09:01:06.030Z)
[SKIP-BACKFILL] fellows.joined from agent-78d9c02b11ec (ts: 2026-06-07T03:45:47.815905+00:00 < start: 2026-06-07T09:01:06.030Z)
[SKIP-BACKFILL] fellows.joined from agent-cfcf5eb3dff9 (ts: 2026-06-07T03:45:52.853585+00:00 < start: 2026-06-07T09:01:06.030Z)
[SKIP-BACKFILL] fellows.joined from agent-0d3ae6786e9d (ts: 2026-06-07T03:46:00.058316+00:00 < start: 2026-06-07T09:01:06.030Z)
[SKIP-BACKFILL] fellows.joined from agent-5b4e579d93e0 (ts: 2026-06-07T04:07:18.257165+00:00 < start: 2026-06-07T09:01:06.030Z)
[SKIP-BACKFILL] fellows.joined from agent-a79a4d97e78c (ts: 2026-06-07T04:07:57.914185+00:00 < start: 2026-06-07T09:01:06.030Z)
[SKIP-BACKFILL] fellows.joined from agent-ca49e8a935ff (ts: 2026-06-07T04:08:02.924371+00:00 < start: 2026-06-07T09:01:06.030Z)
[SKIP-BACKFILL] fellows.joined from agent-21f4f5e4b290 (ts: 2026-06-07T04:08:09.932471+00:00 < start: 2026-06-07T09:01:06.030Z)
[SKIP-BACKFILL] fellows.joined from agent-a578ab1edc32 (ts: 2026-06-07T06:22:24.341249+00:00 < start: 2026-06-07T09:01:06.030Z)
[SKIP-BACKFILL] fellows.joined from agent-48d8326a335c (ts: 2026-06-07T06:22:28.453733+00:00 < start: 2026-06-07T09:01:06.030Z)
[SKIP-BACKFILL] fellows.joined from agent-3a26459081c0 (ts: 2026-06-07T06:22:35.531547+00:00 < start: 2026-06-07T09:01:06.030Z)
[SKIP-BACKFILL] fellows.joined from agent-82e367d8b2c4 (ts: 2026-06-07T08:37:56.692041+00:00 < start: 2026-06-07T09:01:06.030Z)
[SKIP-BACKFILL] fellows.joined from agent-5643a156f527 (ts: 2026-06-07T08:41:42.292176+00:00 < start: 2026-06-07T09:01:06.030Z)
[ERROR] Stream error: unknown . Reconnecting in 6016ms (attempt 1)...
[CONNECT] attempt=2 last_event_id=tick-4819 next_backoff=6160ms
[OPEN] Stream connected. Listening for events... (pid=2372, last_event_id=tick-4819)
[READY] backfilled 30 events · live tail begins (ts: 2026-06-07T09:07:43.938787+00:00)
[SKIP-BACKFILL] fellows.joined from agent-c834d5e5b078 (ts: 2026-06-07T03:12:13.625417+00:00 < start: 2026-06-07T09:01:06.030Z)
[SKIP-BACKFILL] fellows.joined from agent-2bd812de1b14 (ts: 2026-06-07T03:12:20.666666+00:00 < start: 2026-06-07T09:01:06.030Z)
[SKIP-BACKFILL] fellows.joined from agent-1ce976aacc6a (ts: 2026-06-07T03:19:09.712986+00:00 < start: 2026-06-07T09:01:06.030Z)
[SKIP-BACKFILL] fellows.joined from agent-f12e9cfc1c74 (ts: 2026-06-07T03:20:43.449171+00:00 < start: 2026-06-07T09:01:06.030Z)
[SKIP-BACKFILL] fellows.joined from agent-5836101ce6a0 (ts: 2026-06-07T03:20:48.449908+00:00 < start: 2026-06-07T09:01:06.030Z)
[SKIP-BACKFILL] fellows.joined from agent-b265127eacef (ts: 2026-06-07T03:20:55.504373+00:00 < start: 2026-06-07T09:01:06.030Z)
[SKIP-BACKFILL] fellows.joined from agent-091ddc8fc217 (ts: 2026-06-07T03:28:26.508756+00:00 < start: 2026-06-07T09:01:06.030Z)
[SKIP-BACKFILL] fellows.joined from agent-38bdd62a0d80 (ts: 2026-06-07T03:30:08.785819+00:00 < start: 2026-06-07T09:01:06.030Z)
[SKIP-BACKFILL] fellows.joined from agent-96f3e5280484 (ts: 2026-06-07T03:30:13.714626+00:00 < start: 2026-06-07T09:01:06.030Z)
[SKIP-BACKFILL] fellows.joined from agent-551fb91395c9 (ts: 2026-06-07T03:30:20.892741+00:00 < start: 2026-06-07T09:01:06.030Z)
[SKIP-BACKFILL] fellows.joined from agent-0b9cdcac873f (ts: 2026-06-07T03:37:01.745042+00:00 < start: 2026-06-07T09:01:06.030Z)
[SKIP-BACKFILL] fellows.joined from agent-460f48b359fc (ts: 2026-06-07T03:37:01.993597+00:00 < start: 2026-06-07T09:01:06.030Z)
[SKIP-BACKFILL] fellows.joined from agent-7748d1432bf0 (ts: 2026-06-07T03:37:02.298331+00:00 < start: 2026-06-07T09:01:06.030Z)
[SKIP-BACKFILL] fellows.joined from agent-4f752e22c475 (ts: 2026-06-07T03:38:04.854735+00:00 < start: 2026-06-07T09:01:06.030Z)
[SKIP-BACKFILL] fellows.joined from agent-f69770251904 (ts: 2026-06-07T03:40:31.916639+00:00 < start: 2026-06-07T09:01:06.030Z)
[SKIP-BACKFILL] fellows.joined from agent-0bf8ef15d8be (ts: 2026-06-07T03:40:36.963530+00:00 < start: 2026-06-07T09:01:06.030Z)
[SKIP-BACKFILL] fellows.joined from agent-6f511416da3c (ts: 2026-06-07T03:40:44.005379+00:00 < start: 2026-06-07T09:01:06.030Z)
[SKIP-BACKFILL] fellows.joined from agent-29bbc3e464ca (ts: 2026-06-07T03:45:05.777989+00:00 < start: 2026-06-07T09:01:06.030Z)
[SKIP-BACKFILL] fellows.joined from agent-78d9c02b11ec (ts: 2026-06-07T03:45:47.815905+00:00 < start: 2026-06-07T09:01:06.030Z)
[SKIP-BACKFILL] fellows.joined from agent-cfcf5eb3dff9 (ts: 2026-06-07T03:45:52.853585+00:00 < start: 2026-06-07T09:01:06.030Z)
[SKIP-BACKFILL] fellows.joined from agent-0d3ae6786e9d (ts: 2026-06-07T03:46:00.058316+00:00 < start: 2026-06-07T09:01:06.030Z)
[SKIP-BACKFILL] fellows.joined from agent-5b4e579d93e0 (ts: 2026-06-07T04:07:18.257165+00:00 < start: 2026-06-07T09:01:06.030Z)
[SKIP-BACKFILL] fellows.joined from agent-a79a4d97e78c (ts: 2026-06-07T04:07:57.914185+00:00 < start: 2026-06-07T09:01:06.030Z)
[SKIP-BACKFILL] fellows.joined from agent-ca49e8a935ff (ts: 2026-06-07T04:08:02.924371+00:00 < start: 2026-06-07T09:01:06.030Z)
[SKIP-BACKFILL] fellows.joined from agent-21f4f5e4b290 (ts: 2026-06-07T04:08:09.932471+00:00 < start: 2026-06-07T09:01:06.030Z)
[SKIP-BACKFILL] fellows.joined from agent-a578ab1edc32 (ts: 2026-06-07T06:22:24.341249+00:00 < start: 2026-06-07T09:01:06.030Z)
[SKIP-BACKFILL] fellows.joined from agent-48d8326a335c (ts: 2026-06-07T06:22:28.453733+00:00 < start: 2026-06-07T09:01:06.030Z)
[SKIP-BACKFILL] fellows.joined from agent-3a26459081c0 (ts: 2026-06-07T06:22:35.531547+00:00 < start: 2026-06-07T09:01:06.030Z)
[SKIP-BACKFILL] fellows.joined from agent-82e367d8b2c4 (ts: 2026-06-07T08:37:56.692041+00:00 < start: 2026-06-07T09:01:06.030Z)
[SKIP-BACKFILL] fellows.joined from agent-5643a156f527 (ts: 2026-06-07T08:41:42.292176+00:00 < start: 2026-06-07T09:01:06.030Z)
[ERROR] Stream error: unknown . Reconnecting in 6160ms (attempt 1)...
[CONNECT] attempt=2 last_event_id=tick-4821 next_backoff=6880ms
[OPEN] Stream connected. Listening for events... (pid=2372, last_event_id=tick-4821)
[READY] backfilled 30 events · live tail begins (ts: 2026-06-07T09:08:50.259363+00:00)
[SKIP-BACKFILL] fellows.joined from agent-c834d5e5b078 (ts: 2026-06-07T03:12:13.625417+00:00 < start: 2026-06-07T09:01:06.030Z)
[SKIP-BACKFILL] fellows.joined from agent-2bd812de1b14 (ts: 2026-06-07T03:12:20.666666+00:00 < start: 2026-06-07T09:01:06.030Z)
[SKIP-BACKFILL] fellows.joined from agent-1ce976aacc6a (ts: 2026-06-07T03:19:09.712986+00:00 < start: 2026-06-07T09:01:06.030Z)
[SKIP-BACKFILL] fellows.joined from agent-f12e9cfc1c74 (ts: 2026-06-07T03:20:43.449171+00:00 < start: 2026-06-07T09:01:06.030Z)
[SKIP-BACKFILL] fellows.joined from agent-5836101ce6a0 (ts: 2026-06-07T03:20:48.449908+00:00 < start: 2026-06-07T09:01:06.030Z)
[SKIP-BACKFILL] fellows.joined from agent-b265127eacef (ts: 2026-06-07T03:20:55.504373+00:00 < start: 2026-06-07T09:01:06.030Z)
[SKIP-BACKFILL] fellows.joined from agent-091ddc8fc217 (ts: 2026-06-07T03:28:26.508756+00:00 < start: 2026-06-07T09:01:06.030Z)
[SKIP-BACKFILL] fellows.joined from agent-38bdd62a0d80 (ts: 2026-06-07T03:30:08.785819+00:00 < start: 2026-06-07T09:01:06.030Z)
[SKIP-BACKFILL] fellows.joined from agent-96f3e5280484 (ts: 2026-06-07T03:30:13.714626+00:00 < start: 2026-06-07T09:01:06.030Z)
[SKIP-BACKFILL] fellows.joined from agent-551fb91395c9 (ts: 2026-06-07T03:30:20.892741+00:00 < start: 2026-06-07T09:01:06.030Z)
[SKIP-BACKFILL] fellows.joined from agent-0b9cdcac873f (ts: 2026-06-07T03:37:01.745042+00:00 < start: 2026-06-07T09:01:06.030Z)
[SKIP-BACKFILL] fellows.joined from agent-460f48b359fc (ts: 2026-06-07T03:37:01.993597+00:00 < start: 2026-06-07T09:01:06.030Z)
[SKIP-BACKFILL] fellows.joined from agent-7748d1432bf0 (ts: 2026-06-07T03:37:02.298331+00:00 < start: 2026-06-07T09:01:06.030Z)
[SKIP-BACKFILL] fellows.joined from agent-4f752e22c475 (ts: 2026-06-07T03:38:04.854735+00:00 < start: 2026-06-07T09:01:06.030Z)
[SKIP-BACKFILL] fellows.joined from agent-f69770251904 (ts: 2026-06-07T03:40:31.916639+00:00 < start: 2026-06-07T09:01:06.030Z)
[SKIP-BACKFILL] fellows.joined from agent-0bf8ef15d8be (ts: 2026-06-07T03:40:36.963530+00:00 < start: 2026-06-07T09:01:06.030Z)
[SKIP-BACKFILL] fellows.joined from agent-6f511416da3c (ts: 2026-06-07T03:40:44.005379+00:00 < start: 2026-06-07T09:01:06.030Z)
[SKIP-BACKFILL] fellows.joined from agent-29bbc3e464ca (ts: 2026-06-07T03:45:05.777989+00:00 < start: 2026-06-07T09:01:06.030Z)
[SKIP-BACKFILL] fellows.joined from agent-78d9c02b11ec (ts: 2026-06-07T03:45:47.815905+00:00 < start: 2026-06-07T09:01:06.030Z)
[SKIP-BACKFILL] fellows.joined from agent-cfcf5eb3dff9 (ts: 2026-06-07T03:45:52.853585+00:00 < start: 2026-06-07T09:01:06.030Z)
[SKIP-BACKFILL] fellows.joined from agent-0d3ae6786e9d (ts: 2026-06-07T03:46:00.058316+00:00 < start: 2026-06-07T09:01:06.030Z)
[SKIP-BACKFILL] fellows.joined from agent-5b4e579d93e0 (ts: 2026-06-07T04:07:18.257165+00:00 < start: 2026-06-07T09:01:06.030Z)
[SKIP-BACKFILL] fellows.joined from agent-a79a4d97e78c (ts: 2026-06-07T04:07:57.914185+00:00 < start: 2026-06-07T09:01:06.030Z)
[SKIP-BACKFILL] fellows.joined from agent-ca49e8a935ff (ts: 2026-06-07T04:08:02.924371+00:00 < start: 2026-06-07T09:01:06.030Z)
[SKIP-BACKFILL] fellows.joined from agent-21f4f5e4b290 (ts: 2026-06-07T04:08:09.932471+00:00 < start: 2026-06-07T09:01:06.030Z)
[SKIP-BACKFILL] fellows.joined from agent-a578ab1edc32 (ts: 2026-06-07T06:22:24.341249+00:00 < start: 2026-06-07T09:01:06.030Z)
[SKIP-BACKFILL] fellows.joined from agent-48d8326a335c (ts: 2026-06-07T06:22:28.453733+00:00 < start: 2026-06-07T09:01:06.030Z)
[SKIP-BACKFILL] fellows.joined from agent-3a26459081c0 (ts: 2026-06-07T06:22:35.531547+00:00 < start: 2026-06-07T09:01:06.030Z)
[SKIP-BACKFILL] fellows.joined from agent-82e367d8b2c4 (ts: 2026-06-07T08:37:56.692041+00:00 < start: 2026-06-07T09:01:06.030Z)
[SKIP-BACKFILL] fellows.joined from agent-5643a156f527 (ts: 2026-06-07T08:41:42.292176+00:00 < start: 2026-06-07T09:01:06.030Z)
[ERROR] Stream error: unknown . Reconnecting in 6880ms (attempt 1)...
[CONNECT] attempt=2 last_event_id=tick-4823 next_backoff=6144ms
[OPEN] Stream connected. Listening for events... (pid=2372, last_event_id=tick-4823)
[READY] backfilled 30 events · live tail begins (ts: 2026-06-07T09:09:57.393136+00:00)
[SKIP-BACKFILL] fellows.joined from agent-c834d5e5b078 (ts: 2026-06-07T03:12:13.625417+00:00 < start: 2026-06-07T09:01:06.030Z)
[SKIP-BACKFILL] fellows.joined from agent-2bd812de1b14 (ts: 2026-06-07T03:12:20.666666+00:00 < start: 2026-06-07T09:01:06.030Z)
[SKIP-BACKFILL] fellows.joined from agent-1ce976aacc6a (ts: 2026-06-07T03:19:09.712986+00:00 < start: 2026-06-07T09:01:06.030Z)
[SKIP-BACKFILL] fellows.joined from agent-f12e9cfc1c74 (ts: 2026-06-07T03:20:43.449171+00:00 < start: 2026-06-07T09:01:06.030Z)
[SKIP-BACKFILL] fellows.joined from agent-5836101ce6a0 (ts: 2026-06-07T03:20:48.449908+00:00 < start: 2026-06-07T09:01:06.030Z)
[SKIP-BACKFILL] fellows.joined from agent-b265127eacef (ts: 2026-06-07T03:20:55.504373+00:00 < start: 2026-06-07T09:01:06.030Z)
[SKIP-BACKFILL] fellows.joined from agent-091ddc8fc217 (ts: 2026-06-07T03:28:26.508756+00:00 < start: 2026-06-07T09:01:06.030Z)
[SKIP-BACKFILL] fellows.joined from agent-38bdd62a0d80 (ts: 2026-06-07T03:30:08.785819+00:00 < start: 2026-06-07T09:01:06.030Z)
[SKIP-BACKFILL] fellows.joined from agent-96f3e5280484 (ts: 2026-06-07T03:30:13.714626+00:00 < start: 2026-06-07T09:01:06.030Z)
[SKIP-BACKFILL] fellows.joined from agent-551fb91395c9 (ts: 2026-06-07T03:30:20.892741+00:00 < start: 2026-06-07T09:01:06.030Z)
[SKIP-BACKFILL] fellows.joined from agent-0b9cdcac873f (ts: 2026-06-07T03:37:01.745042+00:00 < start: 2026-06-07T09:01:06.030Z)
[SKIP-BACKFILL] fellows.joined from agent-460f48b359fc (ts: 2026-06-07T03:37:01.993597+00:00 < start: 2026-06-07T09:01:06.030Z)
[SKIP-BACKFILL] fellows.joined from agent-7748d1432bf0 (ts: 2026-06-07T03:37:02.298331+00:00 < start: 2026-06-07T09:01:06.030Z)
[SKIP-BACKFILL] fellows.joined from agent-4f752e22c475 (ts: 2026-06-07T03:38:04.854735+00:00 < start: 2026-06-07T09:01:06.030Z)
[SKIP-BACKFILL] fellows.joined from agent-f69770251904 (ts: 2026-06-07T03:40:31.916639+00:00 < start: 2026-06-07T09:01:06.030Z)
[SKIP-BACKFILL] fellows.joined from agent-0bf8ef15d8be (ts: 2026-06-07T03:40:36.963530+00:00 < start: 2026-06-07T09:01:06.030Z)
[SKIP-BACKFILL] fellows.joined from agent-6f511416da3c (ts: 2026-06-07T03:40:44.005379+00:00 < start: 2026-06-07T09:01:06.030Z)
[SKIP-BACKFILL] fellows.joined from agent-29bbc3e464ca (ts: 2026-06-07T03:45:05.777989+00:00 < start: 2026-06-07T09:01:06.030Z)
[SKIP-BACKFILL] fellows.joined from agent-78d9c02b11ec (ts: 2026-06-07T03:45:47.815905+00:00 < start: 2026-06-07T09:01:06.030Z)
[SKIP-BACKFILL] fellows.joined from agent-cfcf5eb3dff9 (ts: 2026-06-07T03:45:52.853585+00:00 < start: 2026-06-07T09:01:06.030Z)
[SKIP-BACKFILL] fellows.joined from agent-0d3ae6786e9d (ts: 2026-06-07T03:46:00.058316+00:00 < start: 2026-06-07T09:01:06.030Z)
[SKIP-BACKFILL] fellows.joined from agent-5b4e579d93e0 (ts: 2026-06-07T04:07:18.257165+00:00 < start: 2026-06-07T09:01:06.030Z)
[SKIP-BACKFILL] fellows.joined from agent-a79a4d97e78c (ts: 2026-06-07T04:07:57.914185+00:00 < start: 2026-06-07T09:01:06.030Z)
[SKIP-BACKFILL] fellows.joined from agent-ca49e8a935ff (ts: 2026-06-07T04:08:02.924371+00:00 < start: 2026-06-07T09:01:06.030Z)
[SKIP-BACKFILL] fellows.joined from agent-21f4f5e4b290 (ts: 2026-06-07T04:08:09.932471+00:00 < start: 2026-06-07T09:01:06.030Z)
[SKIP-BACKFILL] fellows.joined from agent-a578ab1edc32 (ts: 2026-06-07T06:22:24.341249+00:00 < start: 2026-06-07T09:01:06.030Z)
[SKIP-BACKFILL] fellows.joined from agent-48d8326a335c (ts: 2026-06-07T06:22:28.453733+00:00 < start: 2026-06-07T09:01:06.030Z)
[SKIP-BACKFILL] fellows.joined from agent-3a26459081c0 (ts: 2026-06-07T06:22:35.531547+00:00 < start: 2026-06-07T09:01:06.030Z)
[SKIP-BACKFILL] fellows.joined from agent-82e367d8b2c4 (ts: 2026-06-07T08:37:56.692041+00:00 < start: 2026-06-07T09:01:06.030Z)
[SKIP-BACKFILL] fellows.joined from agent-5643a156f527 (ts: 2026-06-07T08:41:42.292176+00:00 < start: 2026-06-07T09:01:06.030Z)
[ERROR] Stream error: unknown . Reconnecting in 6144ms (attempt 1)...
[CONNECT] attempt=2 last_event_id=tick-4825 next_backoff=6244ms
[OPEN] Stream connected. Listening for events... (pid=2372, last_event_id=tick-4825)
[READY] backfilled 30 events · live tail begins (ts: 2026-06-07T09:11:03.705029+00:00)
[SKIP-BACKFILL] fellows.joined from agent-c834d5e5b078 (ts: 2026-06-07T03:12:13.625417+00:00 < start: 2026-06-07T09:01:06.030Z)
[SKIP-BACKFILL] fellows.joined from agent-2bd812de1b14 (ts: 2026-06-07T03:12:20.666666+00:00 < start: 2026-06-07T09:01:06.030Z)
[SKIP-BACKFILL] fellows.joined from agent-1ce976aacc6a (ts: 2026-06-07T03:19:09.712986+00:00 < start: 2026-06-07T09:01:06.030Z)
[SKIP-BACKFILL] fellows.joined from agent-f12e9cfc1c74 (ts: 2026-06-07T03:20:43.449171+00:00 < start: 2026-06-07T09:01:06.030Z)
[SKIP-BACKFILL] fellows.joined from agent-5836101ce6a0 (ts: 2026-06-07T03:20:48.449908+00:00 < start: 2026-06-07T09:01:06.030Z)
[SKIP-BACKFILL] fellows.joined from agent-b265127eacef (ts: 2026-06-07T03:20:55.504373+00:00 < start: 2026-06-07T09:01:06.030Z)
[SKIP-BACKFILL] fellows.joined from agent-091ddc8fc217 (ts: 2026-06-07T03:28:26.508756+00:00 < start: 2026-06-07T09:01:06.030Z)
[SKIP-BACKFILL] fellows.joined from agent-38bdd62a0d80 (ts: 2026-06-07T03:30:08.785819+00:00 < start: 2026-06-07T09:01:06.030Z)
[SKIP-BACKFILL] fellows.joined from agent-96f3e5280484 (ts: 2026-06-07T03:30:13.714626+00:00 < start: 2026-06-07T09:01:06.030Z)
[SKIP-BACKFILL] fellows.joined from agent-551fb91395c9 (ts: 2026-06-07T03:30:20.892741+00:00 < start: 2026-06-07T09:01:06.030Z)
[SKIP-BACKFILL] fellows.joined from agent-0b9cdcac873f (ts: 2026-06-07T03:37:01.745042+00:00 < start: 2026-06-07T09:01:06.030Z)
[SKIP-BACKFILL] fellows.joined from agent-460f48b359fc (ts: 2026-06-07T03:37:01.993597+00:00 < start: 2026-06-07T09:01:06.030Z)
[SKIP-BACKFILL] fellows.joined from agent-7748d1432bf0 (ts: 2026-06-07T03:37:02.298331+00:00 < start: 2026-06-07T09:01:06.030Z)
[SKIP-BACKFILL] fellows.joined from agent-4f752e22c475 (ts: 2026-06-07T03:38:04.854735+00:00 < start: 2026-06-07T09:01:06.030Z)
[SKIP-BACKFILL] fellows.joined from agent-f69770251904 (ts: 2026-06-07T03:40:31.916639+00:00 < start: 2026-06-07T09:01:06.030Z)
[SKIP-BACKFILL] fellows.joined from agent-0bf8ef15d8be (ts: 2026-06-07T03:40:36.963530+00:00 < start: 2026-06-07T09:01:06.030Z)
[SKIP-BACKFILL] fellows.joined from agent-6f511416da3c (ts: 2026-06-07T03:40:44.005379+00:00 < start: 2026-06-07T09:01:06.030Z)
[SKIP-BACKFILL] fellows.joined from agent-29bbc3e464ca (ts: 2026-06-07T03:45:05.777989+00:00 < start: 2026-06-07T09:01:06.030Z)
[SKIP-BACKFILL] fellows.joined from agent-78d9c02b11ec (ts: 2026-06-07T03:45:47.815905+00:00 < start: 2026-06-07T09:01:06.030Z)
[SKIP-BACKFILL] fellows.joined from agent-cfcf5eb3dff9 (ts: 2026-06-07T03:45:52.853585+00:00 < start: 2026-06-07T09:01:06.030Z)
[SKIP-BACKFILL] fellows.joined from agent-0d3ae6786e9d (ts: 2026-06-07T03:46:00.058316+00:00 < start: 2026-06-07T09:01:06.030Z)
[SKIP-BACKFILL] fellows.joined from agent-5b4e579d93e0 (ts: 2026-06-07T04:07:18.257165+00:00 < start: 2026-06-07T09:01:06.030Z)
[SKIP-BACKFILL] fellows.joined from agent-a79a4d97e78c (ts: 2026-06-07T04:07:57.914185+00:00 < start: 2026-06-07T09:01:06.030Z)
[SKIP-BACKFILL] fellows.joined from agent-ca49e8a935ff (ts: 2026-06-07T04:08:02.924371+00:00 < start: 2026-06-07T09:01:06.030Z)
[SKIP-BACKFILL] fellows.joined from agent-21f4f5e4b290 (ts: 2026-06-07T04:08:09.932471+00:00 < start: 2026-06-07T09:01:06.030Z)
[SKIP-BACKFILL] fellows.joined from agent-a578ab1edc32 (ts: 2026-06-07T06:22:24.341249+00:00 < start: 2026-06-07T09:01:06.030Z)
[SKIP-BACKFILL] fellows.joined from agent-48d8326a335c (ts: 2026-06-07T06:22:28.453733+00:00 < start: 2026-06-07T09:01:06.030Z)
[SKIP-BACKFILL] fellows.joined from agent-3a26459081c0 (ts: 2026-06-07T06:22:35.531547+00:00 < start: 2026-06-07T09:01:06.030Z)
[SKIP-BACKFILL] fellows.joined from agent-82e367d8b2c4 (ts: 2026-06-07T08:37:56.692041+00:00 < start: 2026-06-07T09:01:06.030Z)
[SKIP-BACKFILL] fellows.joined from agent-5643a156f527 (ts: 2026-06-07T08:41:42.292176+00:00 < start: 2026-06-07T09:01:06.030Z)
[ERROR] Stream error: unknown . Reconnecting in 6244ms (attempt 1)...
[CONNECT] attempt=2 last_event_id=tick-4828 next_backoff=6513ms
[OPEN] Stream connected. Listening for events... (pid=2372, last_event_id=tick-4828)
[READY] backfilled 30 events · live tail begins (ts: 2026-06-07T09:12:10.097192+00:00)
[SKIP-BACKFILL] fellows.joined from agent-c834d5e5b078 (ts: 2026-06-07T03:12:13.625417+00:00 < start: 2026-06-07T09:01:06.030Z)
[SKIP-BACKFILL] fellows.joined from agent-2bd812de1b14 (ts: 2026-06-07T03:12:20.666666+00:00 < start: 2026-06-07T09:01:06.030Z)
[SKIP-BACKFILL] fellows.joined from agent-1ce976aacc6a (ts: 2026-06-07T03:19:09.712986+00:00 < start: 2026-06-07T09:01:06.030Z)
[SKIP-BACKFILL] fellows.joined from agent-f12e9cfc1c74 (ts: 2026-06-07T03:20:43.449171+00:00 < start: 2026-06-07T09:01:06.030Z)
[SKIP-BACKFILL] fellows.joined from agent-5836101ce6a0 (ts: 2026-06-07T03:20:48.449908+00:00 < start: 2026-06-07T09:01:06.030Z)
[SKIP-BACKFILL] fellows.joined from agent-b265127eacef (ts: 2026-06-07T03:20:55.504373+00:00 < start: 2026-06-07T09:01:06.030Z)
[SKIP-BACKFILL] fellows.joined from agent-091ddc8fc217 (ts: 2026-06-07T03:28:26.508756+00:00 < start: 2026-06-07T09:01:06.030Z)
[SKIP-BACKFILL] fellows.joined from agent-38bdd62a0d80 (ts: 2026-06-07T03:30:08.785819+00:00 < start: 2026-06-07T09:01:06.030Z)
[SKIP-BACKFILL] fellows.joined from agent-96f3e5280484 (ts: 2026-06-07T03:30:13.714626+00:00 < start: 2026-06-07T09:01:06.030Z)
[SKIP-BACKFILL] fellows.joined from agent-551fb91395c9 (ts: 2026-06-07T03:30:20.892741+00:00 < start: 2026-06-07T09:01:06.030Z)
[SKIP-BACKFILL] fellows.joined from agent-0b9cdcac873f (ts: 2026-06-07T03:37:01.745042+00:00 < start: 2026-06-07T09:01:06.030Z)
[SKIP-BACKFILL] fellows.joined from agent-460f48b359fc (ts: 2026-06-07T03:37:01.993597+00:00 < start: 2026-06-07T09:01:06.030Z)
[SKIP-BACKFILL] fellows.joined from agent-7748d1432bf0 (ts: 2026-06-07T03:37:02.298331+00:00 < start: 2026-06-07T09:01:06.030Z)
[SKIP-BACKFILL] fellows.joined from agent-4f752e22c475 (ts: 2026-06-07T03:38:04.854735+00:00 < start: 2026-06-07T09:01:06.030Z)
[SKIP-BACKFILL] fellows.joined from agent-f69770251904 (ts: 2026-06-07T03:40:31.916639+00:00 < start: 2026-06-07T09:01:06.030Z)
[SKIP-BACKFILL] fellows.joined from agent-0bf8ef15d8be (ts: 2026-06-07T03:40:36.963530+00:00 < start: 2026-06-07T09:01:06.030Z)
[SKIP-BACKFILL] fellows.joined from agent-6f511416da3c (ts: 2026-06-07T03:40:44.005379+00:00 < start: 2026-06-07T09:01:06.030Z)
[SKIP-BACKFILL] fellows.joined from agent-29bbc3e464ca (ts: 2026-06-07T03:45:05.777989+00:00 < start: 2026-06-07T09:01:06.030Z)
[SKIP-BACKFILL] fellows.joined from agent-78d9c02b11ec (ts: 2026-06-07T03:45:47.815905+00:00 < start: 2026-06-07T09:01:06.030Z)
[SKIP-BACKFILL] fellows.joined from agent-cfcf5eb3dff9 (ts: 2026-06-07T03:45:52.853585+00:00 < start: 2026-06-07T09:01:06.030Z)
[SKIP-BACKFILL] fellows.joined from agent-0d3ae6786e9d (ts: 2026-06-07T03:46:00.058316+00:00 < start: 2026-06-07T09:01:06.030Z)
[SKIP-BACKFILL] fellows.joined from agent-5b4e579d93e0 (ts: 2026-06-07T04:07:18.257165+00:00 < start: 2026-06-07T09:01:06.030Z)
[SKIP-BACKFILL] fellows.joined from agent-a79a4d97e78c (ts: 2026-06-07T04:07:57.914185+00:00 < start: 2026-06-07T09:01:06.030Z)
[SKIP-BACKFILL] fellows.joined from agent-ca49e8a935ff (ts: 2026-06-07T04:08:02.924371+00:00 < start: 2026-06-07T09:01:06.030Z)
[SKIP-BACKFILL] fellows.joined from agent-21f4f5e4b290 (ts: 2026-06-07T04:08:09.932471+00:00 < start: 2026-06-07T09:01:06.030Z)
[SKIP-BACKFILL] fellows.joined from agent-a578ab1edc32 (ts: 2026-06-07T06:22:24.341249+00:00 < start: 2026-06-07T09:01:06.030Z)
[SKIP-BACKFILL] fellows.joined from agent-48d8326a335c (ts: 2026-06-07T06:22:28.453733+00:00 < start: 2026-06-07T09:01:06.030Z)
[SKIP-BACKFILL] fellows.joined from agent-3a26459081c0 (ts: 2026-06-07T06:22:35.531547+00:00 < start: 2026-06-07T09:01:06.030Z)
[SKIP-BACKFILL] fellows.joined from agent-82e367d8b2c4 (ts: 2026-06-07T08:37:56.692041+00:00 < start: 2026-06-07T09:01:06.030Z)
[SKIP-BACKFILL] fellows.joined from agent-5643a156f527 (ts: 2026-06-07T08:41:42.292176+00:00 < start: 2026-06-07T09:01:06.030Z)
[ERROR] Stream error: unknown . Reconnecting in 6513ms (attempt 1)...
[CONNECT] attempt=2 last_event_id=tick-4830 next_backoff=6792ms
[OPEN] Stream connected. Listening for events... (pid=2372, last_event_id=tick-4830)
[READY] backfilled 30 events · live tail begins (ts: 2026-06-07T09:13:16.806640+00:00)
[SKIP-BACKFILL] fellows.joined from agent-c834d5e5b078 (ts: 2026-06-07T03:12:13.625417+00:00 < start: 2026-06-07T09:01:06.030Z)
[SKIP-BACKFILL] fellows.joined from agent-2bd812de1b14 (ts: 2026-06-07T03:12:20.666666+00:00 < start: 2026-06-07T09:01:06.030Z)
[SKIP-BACKFILL] fellows.joined from agent-1ce976aacc6a (ts: 2026-06-07T03:19:09.712986+00:00 < start: 2026-06-07T09:01:06.030Z)
[SKIP-BACKFILL] fellows.joined from agent-f12e9cfc1c74 (ts: 2026-06-07T03:20:43.449171+00:00 < start: 2026-06-07T09:01:06.030Z)
[SKIP-BACKFILL] fellows.joined from agent-5836101ce6a0 (ts: 2026-06-07T03:20:48.449908+00:00 < start: 2026-06-07T09:01:06.030Z)
[SKIP-BACKFILL] fellows.joined from agent-b265127eacef (ts: 2026-06-07T03:20:55.504373+00:00 < start: 2026-06-07T09:01:06.030Z)
[SKIP-BACKFILL] fellows.joined from agent-091ddc8fc217 (ts: 2026-06-07T03:28:26.508756+00:00 < start: 2026-06-07T09:01:06.030Z)
[SKIP-BACKFILL] fellows.joined from agent-38bdd62a0d80 (ts: 2026-06-07T03:30:08.785819+00:00 < start: 2026-06-07T09:01:06.030Z)
[SKIP-BACKFILL] fellows.joined from agent-96f3e5280484 (ts: 2026-06-07T03:30:13.714626+00:00 < start: 2026-06-07T09:01:06.030Z)
[SKIP-BACKFILL] fellows.joined from agent-551fb91395c9 (ts: 2026-06-07T03:30:20.892741+00:00 < start: 2026-06-07T09:01:06.030Z)
[SKIP-BACKFILL] fellows.joined from agent-0b9cdcac873f (ts: 2026-06-07T03:37:01.745042+00:00 < start: 2026-06-07T09:01:06.030Z)
[SKIP-BACKFILL] fellows.joined from agent-460f48b359fc (ts: 2026-06-07T03:37:01.993597+00:00 < start: 2026-06-07T09:01:06.030Z)
[SKIP-BACKFILL] fellows.joined from agent-7748d1432bf0 (ts: 2026-06-07T03:37:02.298331+00:00 < start: 2026-06-07T09:01:06.030Z)
[SKIP-BACKFILL] fellows.joined from agent-4f752e22c475 (ts: 2026-06-07T03:38:04.854735+00:00 < start: 2026-06-07T09:01:06.030Z)
[SKIP-BACKFILL] fellows.joined from agent-f69770251904 (ts: 2026-06-07T03:40:31.916639+00:00 < start: 2026-06-07T09:01:06.030Z)
[SKIP-BACKFILL] fellows.joined from agent-0bf8ef15d8be (ts: 2026-06-07T03:40:36.963530+00:00 < start: 2026-06-07T09:01:06.030Z)
[SKIP-BACKFILL] fellows.joined from agent-6f511416da3c (ts: 2026-06-07T03:40:44.005379+00:00 < start: 2026-06-07T09:01:06.030Z)
[SKIP-BACKFILL] fellows.joined from agent-29bbc3e464ca (ts: 2026-06-07T03:45:05.777989+00:00 < start: 2026-06-07T09:01:06.030Z)
[SKIP-BACKFILL] fellows.joined from agent-78d9c02b11ec (ts: 2026-06-07T03:45:47.815905+00:00 < start: 2026-06-07T09:01:06.030Z)
[SKIP-BACKFILL] fellows.joined from agent-cfcf5eb3dff9 (ts: 2026-06-07T03:45:52.853585+00:00 < start: 2026-06-07T09:01:06.030Z)
[SKIP-BACKFILL] fellows.joined from agent-0d3ae6786e9d (ts: 2026-06-07T03:46:00.058316+00:00 < start: 2026-06-07T09:01:06.030Z)
[SKIP-BACKFILL] fellows.joined from agent-5b4e579d93e0 (ts: 2026-06-07T04:07:18.257165+00:00 < start: 2026-06-07T09:01:06.030Z)
[SKIP-BACKFILL] fellows.joined from agent-a79a4d97e78c (ts: 2026-06-07T04:07:57.914185+00:00 < start: 2026-06-07T09:01:06.030Z)
[SKIP-BACKFILL] fellows.joined from agent-ca49e8a935ff (ts: 2026-06-07T04:08:02.924371+00:00 < start: 2026-06-07T09:01:06.030Z)
[SKIP-BACKFILL] fellows.joined from agent-21f4f5e4b290 (ts: 2026-06-07T04:08:09.932471+00:00 < start: 2026-06-07T09:01:06.030Z)
[SKIP-BACKFILL] fellows.joined from agent-a578ab1edc32 (ts: 2026-06-07T06:22:24.341249+00:00 < start: 2026-06-07T09:01:06.030Z)
[SKIP-BACKFILL] fellows.joined from agent-48d8326a335c (ts: 2026-06-07T06:22:28.453733+00:00 < start: 2026-06-07T09:01:06.030Z)
[SKIP-BACKFILL] fellows.joined from agent-3a26459081c0 (ts: 2026-06-07T06:22:35.531547+00:00 < start: 2026-06-07T09:01:06.030Z)
[SKIP-BACKFILL] fellows.joined from agent-82e367d8b2c4 (ts: 2026-06-07T08:37:56.692041+00:00 < start: 2026-06-07T09:01:06.030Z)
[SKIP-BACKFILL] fellows.joined from agent-5643a156f527 (ts: 2026-06-07T08:41:42.292176+00:00 < start: 2026-06-07T09:01:06.030Z)
=================================================
  HERMES — Lodge Event Stream Listener
  LODGE_STREAM_URL   : https://hearth-lodge.preview.emergentagent.com/api/stream/public
  SLACK_BOT_TOKEN    : [set]
  SLACK_CHANNEL      : C0AV3HHP8P3
  Reconnect backoff  : 3000ms → 60000ms (exponential + jitter)
  START_TIME         : 2026-06-07T09:15:10.363Z
  PID                : 12024
=================================================
[CONNECT] attempt=1 last_event_id=tick-4831 next_backoff=3266ms
[OPEN] Stream connected. Listening for events... (pid=12024, last_event_id=tick-4831)
[READY] backfilled 30 events · live tail begins (ts: 2026-06-07T09:15:10.867000+00:00)
[SKIP-BACKFILL] fellows.joined from agent-c834d5e5b078 (ts: 2026-06-07T03:12:13.625417+00:00 < start: 2026-06-07T09:15:10.363Z)
[SKIP-BACKFILL] fellows.joined from agent-2bd812de1b14 (ts: 2026-06-07T03:12:20.666666+00:00 < start: 2026-06-07T09:15:10.363Z)
[SKIP-BACKFILL] fellows.joined from agent-1ce976aacc6a (ts: 2026-06-07T03:19:09.712986+00:00 < start: 2026-06-07T09:15:10.363Z)
[SKIP-BACKFILL] fellows.joined from agent-f12e9cfc1c74 (ts: 2026-06-07T03:20:43.449171+00:00 < start: 2026-06-07T09:15:10.363Z)
[SKIP-BACKFILL] fellows.joined from agent-5836101ce6a0 (ts: 2026-06-07T03:20:48.449908+00:00 < start: 2026-06-07T09:15:10.363Z)
[SKIP-BACKFILL] fellows.joined from agent-b265127eacef (ts: 2026-06-07T03:20:55.504373+00:00 < start: 2026-06-07T09:15:10.363Z)
[SKIP-BACKFILL] fellows.joined from agent-091ddc8fc217 (ts: 2026-06-07T03:28:26.508756+00:00 < start: 2026-06-07T09:15:10.363Z)
[SKIP-BACKFILL] fellows.joined from agent-38bdd62a0d80 (ts: 2026-06-07T03:30:08.785819+00:00 < start: 2026-06-07T09:15:10.363Z)
[SKIP-BACKFILL] fellows.joined from agent-96f3e5280484 (ts: 2026-06-07T03:30:13.714626+00:00 < start: 2026-06-07T09:15:10.363Z)
[SKIP-BACKFILL] fellows.joined from agent-551fb91395c9 (ts: 2026-06-07T03:30:20.892741+00:00 < start: 2026-06-07T09:15:10.363Z)
[SKIP-BACKFILL] fellows.joined from agent-0b9cdcac873f (ts: 2026-06-07T03:37:01.745042+00:00 < start: 2026-06-07T09:15:10.363Z)
[SKIP-BACKFILL] fellows.joined from agent-460f48b359fc (ts: 2026-06-07T03:37:01.993597+00:00 < start: 2026-06-07T09:15:10.363Z)
[SKIP-BACKFILL] fellows.joined from agent-7748d1432bf0 (ts: 2026-06-07T03:37:02.298331+00:00 < start: 2026-06-07T09:15:10.363Z)
[SKIP-BACKFILL] fellows.joined from agent-4f752e22c475 (ts: 2026-06-07T03:38:04.854735+00:00 < start: 2026-06-07T09:15:10.363Z)
[SKIP-BACKFILL] fellows.joined from agent-f69770251904 (ts: 2026-06-07T03:40:31.916639+00:00 < start: 2026-06-07T09:15:10.363Z)
[SKIP-BACKFILL] fellows.joined from agent-0bf8ef15d8be (ts: 2026-06-07T03:40:36.963530+00:00 < start: 2026-06-07T09:15:10.363Z)
[SKIP-BACKFILL] fellows.joined from agent-6f511416da3c (ts: 2026-06-07T03:40:44.005379+00:00 < start: 2026-06-07T09:15:10.363Z)
[SKIP-BACKFILL] fellows.joined from agent-29bbc3e464ca (ts: 2026-06-07T03:45:05.777989+00:00 < start: 2026-06-07T09:15:10.363Z)
[SKIP-BACKFILL] fellows.joined from agent-78d9c02b11ec (ts: 2026-06-07T03:45:47.815905+00:00 < start: 2026-06-07T09:15:10.363Z)
[SKIP-BACKFILL] fellows.joined from agent-cfcf5eb3dff9 (ts: 2026-06-07T03:45:52.853585+00:00 < start: 2026-06-07T09:15:10.363Z)
[SKIP-BACKFILL] fellows.joined from agent-0d3ae6786e9d (ts: 2026-06-07T03:46:00.058316+00:00 < start: 2026-06-07T09:15:10.363Z)
[SKIP-BACKFILL] fellows.joined from agent-5b4e579d93e0 (ts: 2026-06-07T04:07:18.257165+00:00 < start: 2026-06-07T09:15:10.363Z)
[SKIP-BACKFILL] fellows.joined from agent-a79a4d97e78c (ts: 2026-06-07T04:07:57.914185+00:00 < start: 2026-06-07T09:15:10.363Z)
[SKIP-BACKFILL] fellows.joined from agent-ca49e8a935ff (ts: 2026-06-07T04:08:02.924371+00:00 < start: 2026-06-07T09:15:10.363Z)
[SKIP-BACKFILL] fellows.joined from agent-21f4f5e4b290 (ts: 2026-06-07T04:08:09.932471+00:00 < start: 2026-06-07T09:15:10.363Z)
[SKIP-BACKFILL] fellows.joined from agent-a578ab1edc32 (ts: 2026-06-07T06:22:24.341249+00:00 < start: 2026-06-07T09:15:10.363Z)
[SKIP-BACKFILL] fellows.joined from agent-48d8326a335c (ts: 2026-06-07T06:22:28.453733+00:00 < start: 2026-06-07T09:15:10.363Z)
[SKIP-BACKFILL] fellows.joined from agent-3a26459081c0 (ts: 2026-06-07T06:22:35.531547+00:00 < start: 2026-06-07T09:15:10.363Z)
[SKIP-BACKFILL] fellows.joined from agent-82e367d8b2c4 (ts: 2026-06-07T08:37:56.692041+00:00 < start: 2026-06-07T09:15:10.363Z)
[SKIP-BACKFILL] fellows.joined from agent-5643a156f527 (ts: 2026-06-07T08:41:42.292176+00:00 < start: 2026-06-07T09:15:10.363Z)
[ERROR] Stream error: unknown . Reconnecting in 3266ms (attempt 1)...
[CONNECT] attempt=2 last_event_id=tick-4836 next_backoff=6691ms
[OPEN] Stream connected. Listening for events... (pid=12024, last_event_id=tick-4836)
[READY] backfilled 30 events · live tail begins (ts: 2026-06-07T09:16:14.240173+00:00)
[SKIP-BACKFILL] fellows.joined from agent-c834d5e5b078 (ts: 2026-06-07T03:12:13.625417+00:00 < start: 2026-06-07T09:15:10.363Z)
[SKIP-BACKFILL] fellows.joined from agent-2bd812de1b14 (ts: 2026-06-07T03:12:20.666666+00:00 < start: 2026-06-07T09:15:10.363Z)
[SKIP-BACKFILL] fellows.joined from agent-1ce976aacc6a (ts: 2026-06-07T03:19:09.712986+00:00 < start: 2026-06-07T09:15:10.363Z)
[SKIP-BACKFILL] fellows.joined from agent-f12e9cfc1c74 (ts: 2026-06-07T03:20:43.449171+00:00 < start: 2026-06-07T09:15:10.363Z)
[SKIP-BACKFILL] fellows.joined from agent-5836101ce6a0 (ts: 2026-06-07T03:20:48.449908+00:00 < start: 2026-06-07T09:15:10.363Z)
[SKIP-BACKFILL] fellows.joined from agent-b265127eacef (ts: 2026-06-07T03:20:55.504373+00:00 < start: 2026-06-07T09:15:10.363Z)
[SKIP-BACKFILL] fellows.joined from agent-091ddc8fc217 (ts: 2026-06-07T03:28:26.508756+00:00 < start: 2026-06-07T09:15:10.363Z)
[SKIP-BACKFILL] fellows.joined from agent-38bdd62a0d80 (ts: 2026-06-07T03:30:08.785819+00:00 < start: 2026-06-07T09:15:10.363Z)
[SKIP-BACKFILL] fellows.joined from agent-96f3e5280484 (ts: 2026-06-07T03:30:13.714626+00:00 < start: 2026-06-07T09:15:10.363Z)
[SKIP-BACKFILL] fellows.joined from agent-551fb91395c9 (ts: 2026-06-07T03:30:20.892741+00:00 < start: 2026-06-07T09:15:10.363Z)
[SKIP-BACKFILL] fellows.joined from agent-0b9cdcac873f (ts: 2026-06-07T03:37:01.745042+00:00 < start: 2026-06-07T09:15:10.363Z)
[SKIP-BACKFILL] fellows.joined from agent-460f48b359fc (ts: 2026-06-07T03:37:01.993597+00:00 < start: 2026-06-07T09:15:10.363Z)
[SKIP-BACKFILL] fellows.joined from agent-7748d1432bf0 (ts: 2026-06-07T03:37:02.298331+00:00 < start: 2026-06-07T09:15:10.363Z)
[SKIP-BACKFILL] fellows.joined from agent-4f752e22c475 (ts: 2026-06-07T03:38:04.854735+00:00 < start: 2026-06-07T09:15:10.363Z)
[SKIP-BACKFILL] fellows.joined from agent-f69770251904 (ts: 2026-06-07T03:40:31.916639+00:00 < start: 2026-06-07T09:15:10.363Z)
[SKIP-BACKFILL] fellows.joined from agent-0bf8ef15d8be (ts: 2026-06-07T03:40:36.963530+00:00 < start: 2026-06-07T09:15:10.363Z)
[SKIP-BACKFILL] fellows.joined from agent-6f511416da3c (ts: 2026-06-07T03:40:44.005379+00:00 < start: 2026-06-07T09:15:10.363Z)
[SKIP-BACKFILL] fellows.joined from agent-29bbc3e464ca (ts: 2026-06-07T03:45:05.777989+00:00 < start: 2026-06-07T09:15:10.363Z)
[SKIP-BACKFILL] fellows.joined from agent-78d9c02b11ec (ts: 2026-06-07T03:45:47.815905+00:00 < start: 2026-06-07T09:15:10.363Z)
[SKIP-BACKFILL] fellows.joined from agent-cfcf5eb3dff9 (ts: 2026-06-07T03:45:52.853585+00:00 < start: 2026-06-07T09:15:10.363Z)
[SKIP-BACKFILL] fellows.joined from agent-0d3ae6786e9d (ts: 2026-06-07T03:46:00.058316+00:00 < start: 2026-06-07T09:15:10.363Z)
[SKIP-BACKFILL] fellows.joined from agent-5b4e579d93e0 (ts: 2026-06-07T04:07:18.257165+00:00 < start: 2026-06-07T09:15:10.363Z)
[SKIP-BACKFILL] fellows.joined from agent-a79a4d97e78c (ts: 2026-06-07T04:07:57.914185+00:00 < start: 2026-06-07T09:15:10.363Z)
[SKIP-BACKFILL] fellows.joined from agent-ca49e8a935ff (ts: 2026-06-07T04:08:02.924371+00:00 < start: 2026-06-07T09:15:10.363Z)
[SKIP-BACKFILL] fellows.joined from agent-21f4f5e4b290 (ts: 2026-06-07T04:08:09.932471+00:00 < start: 2026-06-07T09:15:10.363Z)
[SKIP-BACKFILL] fellows.joined from agent-a578ab1edc32 (ts: 2026-06-07T06:22:24.341249+00:00 < start: 2026-06-07T09:15:10.363Z)
[SKIP-BACKFILL] fellows.joined from agent-48d8326a335c (ts: 2026-06-07T06:22:28.453733+00:00 < start: 2026-06-07T09:15:10.363Z)
[SKIP-BACKFILL] fellows.joined from agent-3a26459081c0 (ts: 2026-06-07T06:22:35.531547+00:00 < start: 2026-06-07T09:15:10.363Z)
[SKIP-BACKFILL] fellows.joined from agent-82e367d8b2c4 (ts: 2026-06-07T08:37:56.692041+00:00 < start: 2026-06-07T09:15:10.363Z)
[SKIP-BACKFILL] fellows.joined from agent-5643a156f527 (ts: 2026-06-07T08:41:42.292176+00:00 < start: 2026-06-07T09:15:10.363Z)
[ERROR] Stream error: unknown . Reconnecting in 6691ms (attempt 1)...
[CONNECT] attempt=2 last_event_id=tick-4838 next_backoff=6026ms
[ERROR] Stream error: Non-200 status code (502) . Reconnecting in 6026ms (attempt 2)...
[CONNECT] attempt=3 last_event_id=tick-4838 next_backoff=12770ms
[ERROR] Stream error: Non-200 status code (502) . Reconnecting in 12770ms (attempt 3)...
[CONNECT] attempt=4 last_event_id=tick-4838 next_backoff=24157ms
[ERROR] Stream error: Non-200 status code (404) . Reconnecting in 24157ms (attempt 4)...
[CONNECT] attempt=5 last_event_id=tick-4838 next_backoff=48264ms
[ERROR] Stream error: Non-200 status code (404) . Reconnecting in 48264ms (attempt 5)...
[CONNECT] attempt=6 last_event_id=tick-4838 next_backoff=60565ms
[ERROR] Stream error: Non-200 status code (404) . Reconnecting in 60565ms (attempt 6)...
[CONNECT] attempt=7 last_event_id=tick-4838 next_backoff=60519ms
[ERROR] Stream error: Non-200 status code (404) . Reconnecting in 60519ms (attempt 7)...
[CONNECT] attempt=8 last_event_id=tick-4838 next_backoff=60768ms
[ERROR] Stream error: Non-200 status code (404) . Reconnecting in 60768ms (attempt 8)...
[CONNECT] attempt=9 last_event_id=tick-4838 next_backoff=60087ms
[ERROR] Stream error: Non-200 status code (404) . Reconnecting in 60087ms (attempt 9)...
[CONNECT] attempt=10 last_event_id=tick-4838 next_backoff=60938ms
[ERROR] Stream error: Non-200 status code (404) . Reconnecting in 60938ms (attempt 10)...
[CONNECT] attempt=11 last_event_id=tick-4838 next_backoff=60247ms
[ERROR] Stream error: Non-200 status code (404) . Reconnecting in 60247ms (attempt 11)...
[CONNECT] attempt=12 last_event_id=tick-4838 next_backoff=60683ms
[ERROR] Stream error: Non-200 status code (404) . Reconnecting in 60683ms (attempt 12)...
[CONNECT] attempt=13 last_event_id=tick-4838 next_backoff=60090ms
[ERROR] Stream error: Non-200 status code (404) . Reconnecting in 60090ms (attempt 13)...
[CONNECT] attempt=14 last_event_id=tick-4838 next_backoff=60662ms
[ERROR] Stream error: Non-200 status code (404) . Reconnecting in 60662ms (attempt 14)...
[CONNECT] attempt=15 last_event_id=tick-4838 next_backoff=60529ms
[ERROR] Stream error: Non-200 status code (404) . Reconnecting in 60529ms (attempt 15)...
[CONNECT] attempt=16 last_event_id=tick-4838 next_backoff=60909ms
[ERROR] Stream error: Non-200 status code (404) . Reconnecting in 60909ms (attempt 16)...
[CONNECT] attempt=17 last_event_id=tick-4838 next_backoff=60730ms
[ERROR] Stream error: Non-200 status code (404) . Reconnecting in 60730ms (attempt 17)...
[CONNECT] attempt=18 last_event_id=tick-4838 next_backoff=60840ms
[ERROR] Stream error: Non-200 status code (404) . Reconnecting in 60840ms (attempt 18)...
[CONNECT] attempt=19 last_event_id=tick-4838 next_backoff=60790ms
[OPEN] Stream connected. Listening for events... (pid=12024, last_event_id=tick-4838)
[READY] backfilled 30 events · live tail begins (ts: 2026-06-07T09:32:32.934023+00:00)
[SKIP-BACKFILL] fellows.joined from agent-c834d5e5b078 (ts: 2026-06-07T03:12:13.625417+00:00 < start: 2026-06-07T09:15:10.363Z)
[SKIP-BACKFILL] fellows.joined from agent-2bd812de1b14 (ts: 2026-06-07T03:12:20.666666+00:00 < start: 2026-06-07T09:15:10.363Z)
[SKIP-BACKFILL] fellows.joined from agent-1ce976aacc6a (ts: 2026-06-07T03:19:09.712986+00:00 < start: 2026-06-07T09:15:10.363Z)
[SKIP-BACKFILL] fellows.joined from agent-f12e9cfc1c74 (ts: 2026-06-07T03:20:43.449171+00:00 < start: 2026-06-07T09:15:10.363Z)
[SKIP-BACKFILL] fellows.joined from agent-5836101ce6a0 (ts: 2026-06-07T03:20:48.449908+00:00 < start: 2026-06-07T09:15:10.363Z)
[SKIP-BACKFILL] fellows.joined from agent-b265127eacef (ts: 2026-06-07T03:20:55.504373+00:00 < start: 2026-06-07T09:15:10.363Z)
[SKIP-BACKFILL] fellows.joined from agent-091ddc8fc217 (ts: 2026-06-07T03:28:26.508756+00:00 < start: 2026-06-07T09:15:10.363Z)
[SKIP-BACKFILL] fellows.joined from agent-38bdd62a0d80 (ts: 2026-06-07T03:30:08.785819+00:00 < start: 2026-06-07T09:15:10.363Z)
[SKIP-BACKFILL] fellows.joined from agent-96f3e5280484 (ts: 2026-06-07T03:30:13.714626+00:00 < start: 2026-06-07T09:15:10.363Z)
[SKIP-BACKFILL] fellows.joined from agent-551fb91395c9 (ts: 2026-06-07T03:30:20.892741+00:00 < start: 2026-06-07T09:15:10.363Z)
[SKIP-BACKFILL] fellows.joined from agent-0b9cdcac873f (ts: 2026-06-07T03:37:01.745042+00:00 < start: 2026-06-07T09:15:10.363Z)
[SKIP-BACKFILL] fellows.joined from agent-460f48b359fc (ts: 2026-06-07T03:37:01.993597+00:00 < start: 2026-06-07T09:15:10.363Z)
[SKIP-BACKFILL] fellows.joined from agent-7748d1432bf0 (ts: 2026-06-07T03:37:02.298331+00:00 < start: 2026-06-07T09:15:10.363Z)
[SKIP-BACKFILL] fellows.joined from agent-4f752e22c475 (ts: 2026-06-07T03:38:04.854735+00:00 < start: 2026-06-07T09:15:10.363Z)
[SKIP-BACKFILL] fellows.joined from agent-f69770251904 (ts: 2026-06-07T03:40:31.916639+00:00 < start: 2026-06-07T09:15:10.363Z)
[SKIP-BACKFILL] fellows.joined from agent-0bf8ef15d8be (ts: 2026-06-07T03:40:36.963530+00:00 < start: 2026-06-07T09:15:10.363Z)
[SKIP-BACKFILL] fellows.joined from agent-6f511416da3c (ts: 2026-06-07T03:40:44.005379+00:00 < start: 2026-06-07T09:15:10.363Z)
[SKIP-BACKFILL] fellows.joined from agent-29bbc3e464ca (ts: 2026-06-07T03:45:05.777989+00:00 < start: 2026-06-07T09:15:10.363Z)
[SKIP-BACKFILL] fellows.joined from agent-78d9c02b11ec (ts: 2026-06-07T03:45:47.815905+00:00 < start: 2026-06-07T09:15:10.363Z)
[SKIP-BACKFILL] fellows.joined from agent-cfcf5eb3dff9 (ts: 2026-06-07T03:45:52.853585+00:00 < start: 2026-06-07T09:15:10.363Z)
[SKIP-BACKFILL] fellows.joined from agent-0d3ae6786e9d (ts: 2026-06-07T03:46:00.058316+00:00 < start: 2026-06-07T09:15:10.363Z)
[SKIP-BACKFILL] fellows.joined from agent-5b4e579d93e0 (ts: 2026-06-07T04:07:18.257165+00:00 < start: 2026-06-07T09:15:10.363Z)
[SKIP-BACKFILL] fellows.joined from agent-a79a4d97e78c (ts: 2026-06-07T04:07:57.914185+00:00 < start: 2026-06-07T09:15:10.363Z)
[SKIP-BACKFILL] fellows.joined from agent-ca49e8a935ff (ts: 2026-06-07T04:08:02.924371+00:00 < start: 2026-06-07T09:15:10.363Z)
[SKIP-BACKFILL] fellows.joined from agent-21f4f5e4b290 (ts: 2026-06-07T04:08:09.932471+00:00 < start: 2026-06-07T09:15:10.363Z)
[SKIP-BACKFILL] fellows.joined from agent-a578ab1edc32 (ts: 2026-06-07T06:22:24.341249+00:00 < start: 2026-06-07T09:15:10.363Z)
[SKIP-BACKFILL] fellows.joined from agent-48d8326a335c (ts: 2026-06-07T06:22:28.453733+00:00 < start: 2026-06-07T09:15:10.363Z)
[SKIP-BACKFILL] fellows.joined from agent-3a26459081c0 (ts: 2026-06-07T06:22:35.531547+00:00 < start: 2026-06-07T09:15:10.363Z)
[SKIP-BACKFILL] fellows.joined from agent-82e367d8b2c4 (ts: 2026-06-07T08:37:56.692041+00:00 < start: 2026-06-07T09:15:10.363Z)
[SKIP-BACKFILL] fellows.joined from agent-5643a156f527 (ts: 2026-06-07T08:41:42.292176+00:00 < start: 2026-06-07T09:15:10.363Z)
[ERROR] Stream error: unknown . Reconnecting in 60790ms (attempt 1)...
[CONNECT] attempt=2 last_event_id=tick-4842 next_backoff=6062ms
[OPEN] Stream connected. Listening for events... (pid=12024, last_event_id=tick-4842)
[READY] backfilled 30 events · live tail begins (ts: 2026-06-07T09:34:35.593188+00:00)
[SKIP-BACKFILL] fellows.joined from agent-c834d5e5b078 (ts: 2026-06-07T03:12:13.625417+00:00 < start: 2026-06-07T09:15:10.363Z)
[SKIP-BACKFILL] fellows.joined from agent-2bd812de1b14 (ts: 2026-06-07T03:12:20.666666+00:00 < start: 2026-06-07T09:15:10.363Z)
[SKIP-BACKFILL] fellows.joined from agent-1ce976aacc6a (ts: 2026-06-07T03:19:09.712986+00:00 < start: 2026-06-07T09:15:10.363Z)
[SKIP-BACKFILL] fellows.joined from agent-f12e9cfc1c74 (ts: 2026-06-07T03:20:43.449171+00:00 < start: 2026-06-07T09:15:10.363Z)
[SKIP-BACKFILL] fellows.joined from agent-5836101ce6a0 (ts: 2026-06-07T03:20:48.449908+00:00 < start: 2026-06-07T09:15:10.363Z)
[SKIP-BACKFILL] fellows.joined from agent-b265127eacef (ts: 2026-06-07T03:20:55.504373+00:00 < start: 2026-06-07T09:15:10.363Z)
[SKIP-BACKFILL] fellows.joined from agent-091ddc8fc217 (ts: 2026-06-07T03:28:26.508756+00:00 < start: 2026-06-07T09:15:10.363Z)
[SKIP-BACKFILL] fellows.joined from agent-38bdd62a0d80 (ts: 2026-06-07T03:30:08.785819+00:00 < start: 2026-06-07T09:15:10.363Z)
[SKIP-BACKFILL] fellows.joined from agent-96f3e5280484 (ts: 2026-06-07T03:30:13.714626+00:00 < start: 2026-06-07T09:15:10.363Z)
[SKIP-BACKFILL] fellows.joined from agent-551fb91395c9 (ts: 2026-06-07T03:30:20.892741+00:00 < start: 2026-06-07T09:15:10.363Z)
[SKIP-BACKFILL] fellows.joined from agent-0b9cdcac873f (ts: 2026-06-07T03:37:01.745042+00:00 < start: 2026-06-07T09:15:10.363Z)
[SKIP-BACKFILL] fellows.joined from agent-460f48b359fc (ts: 2026-06-07T03:37:01.993597+00:00 < start: 2026-06-07T09:15:10.363Z)
[SKIP-BACKFILL] fellows.joined from agent-7748d1432bf0 (ts: 2026-06-07T03:37:02.298331+00:00 < start: 2026-06-07T09:15:10.363Z)
[SKIP-BACKFILL] fellows.joined from agent-4f752e22c475 (ts: 2026-06-07T03:38:04.854735+00:00 < start: 2026-06-07T09:15:10.363Z)
[SKIP-BACKFILL] fellows.joined from agent-f69770251904 (ts: 2026-06-07T03:40:31.916639+00:00 < start: 2026-06-07T09:15:10.363Z)
[SKIP-BACKFILL] fellows.joined from agent-0bf8ef15d8be (ts: 2026-06-07T03:40:36.963530+00:00 < start: 2026-06-07T09:15:10.363Z)
[SKIP-BACKFILL] fellows.joined from agent-6f511416da3c (ts: 2026-06-07T03:40:44.005379+00:00 < start: 2026-06-07T09:15:10.363Z)
[SKIP-BACKFILL] fellows.joined from agent-29bbc3e464ca (ts: 2026-06-07T03:45:05.777989+00:00 < start: 2026-06-07T09:15:10.363Z)
[SKIP-BACKFILL] fellows.joined from agent-78d9c02b11ec (ts: 2026-06-07T03:45:47.815905+00:00 < start: 2026-06-07T09:15:10.363Z)
[SKIP-BACKFILL] fellows.joined from agent-cfcf5eb3dff9 (ts: 2026-06-07T03:45:52.853585+00:00 < start: 2026-06-07T09:15:10.363Z)
[SKIP-BACKFILL] fellows.joined from agent-0d3ae6786e9d (ts: 2026-06-07T03:46:00.058316+00:00 < start: 2026-06-07T09:15:10.363Z)
[SKIP-BACKFILL] fellows.joined from agent-5b4e579d93e0 (ts: 2026-06-07T04:07:18.257165+00:00 < start: 2026-06-07T09:15:10.363Z)
[SKIP-BACKFILL] fellows.joined from agent-a79a4d97e78c (ts: 2026-06-07T04:07:57.914185+00:00 < start: 2026-06-07T09:15:10.363Z)
[SKIP-BACKFILL] fellows.joined from agent-ca49e8a935ff (ts: 2026-06-07T04:08:02.924371+00:00 < start: 2026-06-07T09:15:10.363Z)
[SKIP-BACKFILL] fellows.joined from agent-21f4f5e4b290 (ts: 2026-06-07T04:08:09.932471+00:00 < start: 2026-06-07T09:15:10.363Z)
[SKIP-BACKFILL] fellows.joined from agent-a578ab1edc32 (ts: 2026-06-07T06:22:24.341249+00:00 < start: 2026-06-07T09:15:10.363Z)
[SKIP-BACKFILL] fellows.joined from agent-48d8326a335c (ts: 2026-06-07T06:22:28.453733+00:00 < start: 2026-06-07T09:15:10.363Z)
[SKIP-BACKFILL] fellows.joined from agent-3a26459081c0 (ts: 2026-06-07T06:22:35.531547+00:00 < start: 2026-06-07T09:15:10.363Z)
[SKIP-BACKFILL] fellows.joined from agent-82e367d8b2c4 (ts: 2026-06-07T08:37:56.692041+00:00 < start: 2026-06-07T09:15:10.363Z)
[SKIP-BACKFILL] fellows.joined from agent-5643a156f527 (ts: 2026-06-07T08:41:42.292176+00:00 < start: 2026-06-07T09:15:10.363Z)
[ERROR] Stream error: unknown . Reconnecting in 6062ms (attempt 1)...
[CONNECT] attempt=2 last_event_id=tick-4846 next_backoff=6689ms
[OPEN] Stream connected. Listening for events... (pid=12024, last_event_id=tick-4846)
[READY] backfilled 30 events · live tail begins (ts: 2026-06-07T09:35:42.075656+00:00)
[SKIP-BACKFILL] fellows.joined from agent-c834d5e5b078 (ts: 2026-06-07T03:12:13.625417+00:00 < start: 2026-06-07T09:15:10.363Z)
[SKIP-BACKFILL] fellows.joined from agent-2bd812de1b14 (ts: 2026-06-07T03:12:20.666666+00:00 < start: 2026-06-07T09:15:10.363Z)
[SKIP-BACKFILL] fellows.joined from agent-1ce976aacc6a (ts: 2026-06-07T03:19:09.712986+00:00 < start: 2026-06-07T09:15:10.363Z)
[SKIP-BACKFILL] fellows.joined from agent-f12e9cfc1c74 (ts: 2026-06-07T03:20:43.449171+00:00 < start: 2026-06-07T09:15:10.363Z)
[SKIP-BACKFILL] fellows.joined from agent-5836101ce6a0 (ts: 2026-06-07T03:20:48.449908+00:00 < start: 2026-06-07T09:15:10.363Z)
[SKIP-BACKFILL] fellows.joined from agent-b265127eacef (ts: 2026-06-07T03:20:55.504373+00:00 < start: 2026-06-07T09:15:10.363Z)
[SKIP-BACKFILL] fellows.joined from agent-091ddc8fc217 (ts: 2026-06-07T03:28:26.508756+00:00 < start: 2026-06-07T09:15:10.363Z)
[SKIP-BACKFILL] fellows.joined from agent-38bdd62a0d80 (ts: 2026-06-07T03:30:08.785819+00:00 < start: 2026-06-07T09:15:10.363Z)
[SKIP-BACKFILL] fellows.joined from agent-96f3e5280484 (ts: 2026-06-07T03:30:13.714626+00:00 < start: 2026-06-07T09:15:10.363Z)
[SKIP-BACKFILL] fellows.joined from agent-551fb91395c9 (ts: 2026-06-07T03:30:20.892741+00:00 < start: 2026-06-07T09:15:10.363Z)
[SKIP-BACKFILL] fellows.joined from agent-0b9cdcac873f (ts: 2026-06-07T03:37:01.745042+00:00 < start: 2026-06-07T09:15:10.363Z)
[SKIP-BACKFILL] fellows.joined from agent-460f48b359fc (ts: 2026-06-07T03:37:01.993597+00:00 < start: 2026-06-07T09:15:10.363Z)
[SKIP-BACKFILL] fellows.joined from agent-7748d1432bf0 (ts: 2026-06-07T03:37:02.298331+00:00 < start: 2026-06-07T09:15:10.363Z)
[SKIP-BACKFILL] fellows.joined from agent-4f752e22c475 (ts: 2026-06-07T03:38:04.854735+00:00 < start: 2026-06-07T09:15:10.363Z)
[SKIP-BACKFILL] fellows.joined from agent-f69770251904 (ts: 2026-06-07T03:40:31.916639+00:00 < start: 2026-06-07T09:15:10.363Z)
[SKIP-BACKFILL] fellows.joined from agent-0bf8ef15d8be (ts: 2026-06-07T03:40:36.963530+00:00 < start: 2026-06-07T09:15:10.363Z)
[SKIP-BACKFILL] fellows.joined from agent-6f511416da3c (ts: 2026-06-07T03:40:44.005379+00:00 < start: 2026-06-07T09:15:10.363Z)
[SKIP-BACKFILL] fellows.joined from agent-29bbc3e464ca (ts: 2026-06-07T03:45:05.777989+00:00 < start: 2026-06-07T09:15:10.363Z)
[SKIP-BACKFILL] fellows.joined from agent-78d9c02b11ec (ts: 2026-06-07T03:45:47.815905+00:00 < start: 2026-06-07T09:15:10.363Z)
[SKIP-BACKFILL] fellows.joined from agent-cfcf5eb3dff9 (ts: 2026-06-07T03:45:52.853585+00:00 < start: 2026-06-07T09:15:10.363Z)
[SKIP-BACKFILL] fellows.joined from agent-0d3ae6786e9d (ts: 2026-06-07T03:46:00.058316+00:00 < start: 2026-06-07T09:15:10.363Z)
[SKIP-BACKFILL] fellows.joined from agent-5b4e579d93e0 (ts: 2026-06-07T04:07:18.257165+00:00 < start: 2026-06-07T09:15:10.363Z)
[SKIP-BACKFILL] fellows.joined from agent-a79a4d97e78c (ts: 2026-06-07T04:07:57.914185+00:00 < start: 2026-06-07T09:15:10.363Z)
[SKIP-BACKFILL] fellows.joined from agent-ca49e8a935ff (ts: 2026-06-07T04:08:02.924371+00:00 < start: 2026-06-07T09:15:10.363Z)
[SKIP-BACKFILL] fellows.joined from agent-21f4f5e4b290 (ts: 2026-06-07T04:08:09.932471+00:00 < start: 2026-06-07T09:15:10.363Z)
[SKIP-BACKFILL] fellows.joined from agent-a578ab1edc32 (ts: 2026-06-07T06:22:24.341249+00:00 < start: 2026-06-07T09:15:10.363Z)
[SKIP-BACKFILL] fellows.joined from agent-48d8326a335c (ts: 2026-06-07T06:22:28.453733+00:00 < start: 2026-06-07T09:15:10.363Z)
[SKIP-BACKFILL] fellows.joined from agent-3a26459081c0 (ts: 2026-06-07T06:22:35.531547+00:00 < start: 2026-06-07T09:15:10.363Z)
[SKIP-BACKFILL] fellows.joined from agent-82e367d8b2c4 (ts: 2026-06-07T08:37:56.692041+00:00 < start: 2026-06-07T09:15:10.363Z)
[SKIP-BACKFILL] fellows.joined from agent-5643a156f527 (ts: 2026-06-07T08:41:42.292176+00:00 < start: 2026-06-07T09:15:10.363Z)
[ERROR] Stream error: unknown . Reconnecting in 6689ms (attempt 1)...
[CONNECT] attempt=2 last_event_id=tick-4848 next_backoff=6897ms
[OPEN] Stream connected. Listening for events... (pid=12024, last_event_id=tick-4848)
[READY] backfilled 30 events · live tail begins (ts: 2026-06-07T09:36:50.329641+00:00)
[SKIP-BACKFILL] fellows.joined from agent-c834d5e5b078 (ts: 2026-06-07T03:12:13.625417+00:00 < start: 2026-06-07T09:15:10.363Z)
[SKIP-BACKFILL] fellows.joined from agent-2bd812de1b14 (ts: 2026-06-07T03:12:20.666666+00:00 < start: 2026-06-07T09:15:10.363Z)
[SKIP-BACKFILL] fellows.joined from agent-1ce976aacc6a (ts: 2026-06-07T03:19:09.712986+00:00 < start: 2026-06-07T09:15:10.363Z)
[SKIP-BACKFILL] fellows.joined from agent-f12e9cfc1c74 (ts: 2026-06-07T03:20:43.449171+00:00 < start: 2026-06-07T09:15:10.363Z)
[SKIP-BACKFILL] fellows.joined from agent-5836101ce6a0 (ts: 2026-06-07T03:20:48.449908+00:00 < start: 2026-06-07T09:15:10.363Z)
[SKIP-BACKFILL] fellows.joined from agent-b265127eacef (ts: 2026-06-07T03:20:55.504373+00:00 < start: 2026-06-07T09:15:10.363Z)
[SKIP-BACKFILL] fellows.joined from agent-091ddc8fc217 (ts: 2026-06-07T03:28:26.508756+00:00 < start: 2026-06-07T09:15:10.363Z)
[SKIP-BACKFILL] fellows.joined from agent-38bdd62a0d80 (ts: 2026-06-07T03:30:08.785819+00:00 < start: 2026-06-07T09:15:10.363Z)
[SKIP-BACKFILL] fellows.joined from agent-96f3e5280484 (ts: 2026-06-07T03:30:13.714626+00:00 < start: 2026-06-07T09:15:10.363Z)
[SKIP-BACKFILL] fellows.joined from agent-551fb91395c9 (ts: 2026-06-07T03:30:20.892741+00:00 < start: 2026-06-07T09:15:10.363Z)
[SKIP-BACKFILL] fellows.joined from agent-0b9cdcac873f (ts: 2026-06-07T03:37:01.745042+00:00 < start: 2026-06-07T09:15:10.363Z)
[SKIP-BACKFILL] fellows.joined from agent-460f48b359fc (ts: 2026-06-07T03:37:01.993597+00:00 < start: 2026-06-07T09:15:10.363Z)
[SKIP-BACKFILL] fellows.joined from agent-7748d1432bf0 (ts: 2026-06-07T03:37:02.298331+00:00 < start: 2026-06-07T09:15:10.363Z)
[SKIP-BACKFILL] fellows.joined from agent-4f752e22c475 (ts: 2026-06-07T03:38:04.854735+00:00 < start: 2026-06-07T09:15:10.363Z)
[SKIP-BACKFILL] fellows.joined from agent-f69770251904 (ts: 2026-06-07T03:40:31.916639+00:00 < start: 2026-06-07T09:15:10.363Z)
[SKIP-BACKFILL] fellows.joined from agent-0bf8ef15d8be (ts: 2026-06-07T03:40:36.963530+00:00 < start: 2026-06-07T09:15:10.363Z)
[SKIP-BACKFILL] fellows.joined from agent-6f511416da3c (ts: 2026-06-07T03:40:44.005379+00:00 < start: 2026-06-07T09:15:10.363Z)
[SKIP-BACKFILL] fellows.joined from agent-29bbc3e464ca (ts: 2026-06-07T03:45:05.777989+00:00 < start: 2026-06-07T09:15:10.363Z)
[SKIP-BACKFILL] fellows.joined from agent-78d9c02b11ec (ts: 2026-06-07T03:45:47.815905+00:00 < start: 2026-06-07T09:15:10.363Z)
[SKIP-BACKFILL] fellows.joined from agent-cfcf5eb3dff9 (ts: 2026-06-07T03:45:52.853585+00:00 < start: 2026-06-07T09:15:10.363Z)
[SKIP-BACKFILL] fellows.joined from agent-0d3ae6786e9d (ts: 2026-06-07T03:46:00.058316+00:00 < start: 2026-06-07T09:15:10.363Z)
[SKIP-BACKFILL] fellows.joined from agent-5b4e579d93e0 (ts: 2026-06-07T04:07:18.257165+00:00 < start: 2026-06-07T09:15:10.363Z)
[SKIP-BACKFILL] fellows.joined from agent-a79a4d97e78c (ts: 2026-06-07T04:07:57.914185+00:00 < start: 2026-06-07T09:15:10.363Z)
[SKIP-BACKFILL] fellows.joined from agent-ca49e8a935ff (ts: 2026-06-07T04:08:02.924371+00:00 < start: 2026-06-07T09:15:10.363Z)
[SKIP-BACKFILL] fellows.joined from agent-21f4f5e4b290 (ts: 2026-06-07T04:08:09.932471+00:00 < start: 2026-06-07T09:15:10.363Z)
[SKIP-BACKFILL] fellows.joined from agent-a578ab1edc32 (ts: 2026-06-07T06:22:24.341249+00:00 < start: 2026-06-07T09:15:10.363Z)
[SKIP-BACKFILL] fellows.joined from agent-48d8326a335c (ts: 2026-06-07T06:22:28.453733+00:00 < start: 2026-06-07T09:15:10.363Z)
[SKIP-BACKFILL] fellows.joined from agent-3a26459081c0 (ts: 2026-06-07T06:22:35.531547+00:00 < start: 2026-06-07T09:15:10.363Z)
[SKIP-BACKFILL] fellows.joined from agent-82e367d8b2c4 (ts: 2026-06-07T08:37:56.692041+00:00 < start: 2026-06-07T09:15:10.363Z)
[SKIP-BACKFILL] fellows.joined from agent-5643a156f527 (ts: 2026-06-07T08:41:42.292176+00:00 < start: 2026-06-07T09:15:10.363Z)
[ERROR] Stream error: unknown . Reconnecting in 6897ms (attempt 1)...
[CONNECT] attempt=2 last_event_id=tick-4850 next_backoff=6635ms
[OPEN] Stream connected. Listening for events... (pid=12024, last_event_id=tick-4850)
[READY] backfilled 30 events · live tail begins (ts: 2026-06-07T09:37:57.424451+00:00)
[SKIP-BACKFILL] fellows.joined from agent-c834d5e5b078 (ts: 2026-06-07T03:12:13.625417+00:00 < start: 2026-06-07T09:15:10.363Z)
[SKIP-BACKFILL] fellows.joined from agent-2bd812de1b14 (ts: 2026-06-07T03:12:20.666666+00:00 < start: 2026-06-07T09:15:10.363Z)
[SKIP-BACKFILL] fellows.joined from agent-1ce976aacc6a (ts: 2026-06-07T03:19:09.712986+00:00 < start: 2026-06-07T09:15:10.363Z)
[SKIP-BACKFILL] fellows.joined from agent-f12e9cfc1c74 (ts: 2026-06-07T03:20:43.449171+00:00 < start: 2026-06-07T09:15:10.363Z)
[SKIP-BACKFILL] fellows.joined from agent-5836101ce6a0 (ts: 2026-06-07T03:20:48.449908+00:00 < start: 2026-06-07T09:15:10.363Z)
[SKIP-BACKFILL] fellows.joined from agent-b265127eacef (ts: 2026-06-07T03:20:55.504373+00:00 < start: 2026-06-07T09:15:10.363Z)
[SKIP-BACKFILL] fellows.joined from agent-091ddc8fc217 (ts: 2026-06-07T03:28:26.508756+00:00 < start: 2026-06-07T09:15:10.363Z)
[SKIP-BACKFILL] fellows.joined from agent-38bdd62a0d80 (ts: 2026-06-07T03:30:08.785819+00:00 < start: 2026-06-07T09:15:10.363Z)
[SKIP-BACKFILL] fellows.joined from agent-96f3e5280484 (ts: 2026-06-07T03:30:13.714626+00:00 < start: 2026-06-07T09:15:10.363Z)
[SKIP-BACKFILL] fellows.joined from agent-551fb91395c9 (ts: 2026-06-07T03:30:20.892741+00:00 < start: 2026-06-07T09:15:10.363Z)
[SKIP-BACKFILL] fellows.joined from agent-0b9cdcac873f (ts: 2026-06-07T03:37:01.745042+00:00 < start: 2026-06-07T09:15:10.363Z)
[SKIP-BACKFILL] fellows.joined from agent-460f48b359fc (ts: 2026-06-07T03:37:01.993597+00:00 < start: 2026-06-07T09:15:10.363Z)
[SKIP-BACKFILL] fellows.joined from agent-7748d1432bf0 (ts: 2026-06-07T03:37:02.298331+00:00 < start: 2026-06-07T09:15:10.363Z)
[SKIP-BACKFILL] fellows.joined from agent-4f752e22c475 (ts: 2026-06-07T03:38:04.854735+00:00 < start: 2026-06-07T09:15:10.363Z)
[SKIP-BACKFILL] fellows.joined from agent-f69770251904 (ts: 2026-06-07T03:40:31.916639+00:00 < start: 2026-06-07T09:15:10.363Z)
[SKIP-BACKFILL] fellows.joined from agent-0bf8ef15d8be (ts: 2026-06-07T03:40:36.963530+00:00 < start: 2026-06-07T09:15:10.363Z)
[SKIP-BACKFILL] fellows.joined from agent-6f511416da3c (ts: 2026-06-07T03:40:44.005379+00:00 < start: 2026-06-07T09:15:10.363Z)
[SKIP-BACKFILL] fellows.joined from agent-29bbc3e464ca (ts: 2026-06-07T03:45:05.777989+00:00 < start: 2026-06-07T09:15:10.363Z)
[SKIP-BACKFILL] fellows.joined from agent-78d9c02b11ec (ts: 2026-06-07T03:45:47.815905+00:00 < start: 2026-06-07T09:15:10.363Z)
[SKIP-BACKFILL] fellows.joined from agent-cfcf5eb3dff9 (ts: 2026-06-07T03:45:52.853585+00:00 < start: 2026-06-07T09:15:10.363Z)
[SKIP-BACKFILL] fellows.joined from agent-0d3ae6786e9d (ts: 2026-06-07T03:46:00.058316+00:00 < start: 2026-06-07T09:15:10.363Z)
[SKIP-BACKFILL] fellows.joined from agent-5b4e579d93e0 (ts: 2026-06-07T04:07:18.257165+00:00 < start: 2026-06-07T09:15:10.363Z)
[SKIP-BACKFILL] fellows.joined from agent-a79a4d97e78c (ts: 2026-06-07T04:07:57.914185+00:00 < start: 2026-06-07T09:15:10.363Z)
[SKIP-BACKFILL] fellows.joined from agent-ca49e8a935ff (ts: 2026-06-07T04:08:02.924371+00:00 < start: 2026-06-07T09:15:10.363Z)
[SKIP-BACKFILL] fellows.joined from agent-21f4f5e4b290 (ts: 2026-06-07T04:08:09.932471+00:00 < start: 2026-06-07T09:15:10.363Z)
[SKIP-BACKFILL] fellows.joined from agent-a578ab1edc32 (ts: 2026-06-07T06:22:24.341249+00:00 < start: 2026-06-07T09:15:10.363Z)
[SKIP-BACKFILL] fellows.joined from agent-48d8326a335c (ts: 2026-06-07T06:22:28.453733+00:00 < start: 2026-06-07T09:15:10.363Z)
[SKIP-BACKFILL] fellows.joined from agent-3a26459081c0 (ts: 2026-06-07T06:22:35.531547+00:00 < start: 2026-06-07T09:15:10.363Z)
[SKIP-BACKFILL] fellows.joined from agent-82e367d8b2c4 (ts: 2026-06-07T08:37:56.692041+00:00 < start: 2026-06-07T09:15:10.363Z)
[SKIP-BACKFILL] fellows.joined from agent-5643a156f527 (ts: 2026-06-07T08:41:42.292176+00:00 < start: 2026-06-07T09:15:10.363Z)
[ERROR] Stream error: unknown . Reconnecting in 6635ms (attempt 1)...
[CONNECT] attempt=2 last_event_id=tick-4853 next_backoff=6613ms
[OPEN] Stream connected. Listening for events... (pid=12024, last_event_id=tick-4853)
[READY] backfilled 30 events · live tail begins (ts: 2026-06-07T09:39:04.759189+00:00)
[SKIP-BACKFILL] fellows.joined from agent-c834d5e5b078 (ts: 2026-06-07T03:12:13.625417+00:00 < start: 2026-06-07T09:15:10.363Z)
[SKIP-BACKFILL] fellows.joined from agent-2bd812de1b14 (ts: 2026-06-07T03:12:20.666666+00:00 < start: 2026-06-07T09:15:10.363Z)
[SKIP-BACKFILL] fellows.joined from agent-1ce976aacc6a (ts: 2026-06-07T03:19:09.712986+00:00 < start: 2026-06-07T09:15:10.363Z)
[SKIP-BACKFILL] fellows.joined from agent-f12e9cfc1c74 (ts: 2026-06-07T03:20:43.449171+00:00 < start: 2026-06-07T09:15:10.363Z)
[SKIP-BACKFILL] fellows.joined from agent-5836101ce6a0 (ts: 2026-06-07T03:20:48.449908+00:00 < start: 2026-06-07T09:15:10.363Z)
[SKIP-BACKFILL] fellows.joined from agent-b265127eacef (ts: 2026-06-07T03:20:55.504373+00:00 < start: 2026-06-07T09:15:10.363Z)
[SKIP-BACKFILL] fellows.joined from agent-091ddc8fc217 (ts: 2026-06-07T03:28:26.508756+00:00 < start: 2026-06-07T09:15:10.363Z)
[SKIP-BACKFILL] fellows.joined from agent-38bdd62a0d80 (ts: 2026-06-07T03:30:08.785819+00:00 < start: 2026-06-07T09:15:10.363Z)
[SKIP-BACKFILL] fellows.joined from agent-96f3e5280484 (ts: 2026-06-07T03:30:13.714626+00:00 < start: 2026-06-07T09:15:10.363Z)
[SKIP-BACKFILL] fellows.joined from agent-551fb91395c9 (ts: 2026-06-07T03:30:20.892741+00:00 < start: 2026-06-07T09:15:10.363Z)
[SKIP-BACKFILL] fellows.joined from agent-0b9cdcac873f (ts: 2026-06-07T03:37:01.745042+00:00 < start: 2026-06-07T09:15:10.363Z)
[SKIP-BACKFILL] fellows.joined from agent-460f48b359fc (ts: 2026-06-07T03:37:01.993597+00:00 < start: 2026-06-07T09:15:10.363Z)
[SKIP-BACKFILL] fellows.joined from agent-7748d1432bf0 (ts: 2026-06-07T03:37:02.298331+00:00 < start: 2026-06-07T09:15:10.363Z)
[SKIP-BACKFILL] fellows.joined from agent-4f752e22c475 (ts: 2026-06-07T03:38:04.854735+00:00 < start: 2026-06-07T09:15:10.363Z)
[SKIP-BACKFILL] fellows.joined from agent-f69770251904 (ts: 2026-06-07T03:40:31.916639+00:00 < start: 2026-06-07T09:15:10.363Z)
[SKIP-BACKFILL] fellows.joined from agent-0bf8ef15d8be (ts: 2026-06-07T03:40:36.963530+00:00 < start: 2026-06-07T09:15:10.363Z)
[SKIP-BACKFILL] fellows.joined from agent-6f511416da3c (ts: 2026-06-07T03:40:44.005379+00:00 < start: 2026-06-07T09:15:10.363Z)
[SKIP-BACKFILL] fellows.joined from agent-29bbc3e464ca (ts: 2026-06-07T03:45:05.777989+00:00 < start: 2026-06-07T09:15:10.363Z)
[SKIP-BACKFILL] fellows.joined from agent-78d9c02b11ec (ts: 2026-06-07T03:45:47.815905+00:00 < start: 2026-06-07T09:15:10.363Z)
[SKIP-BACKFILL] fellows.joined from agent-cfcf5eb3dff9 (ts: 2026-06-07T03:45:52.853585+00:00 < start: 2026-06-07T09:15:10.363Z)
[SKIP-BACKFILL] fellows.joined from agent-0d3ae6786e9d (ts: 2026-06-07T03:46:00.058316+00:00 < start: 2026-06-07T09:15:10.363Z)
[SKIP-BACKFILL] fellows.joined from agent-5b4e579d93e0 (ts: 2026-06-07T04:07:18.257165+00:00 < start: 2026-06-07T09:15:10.363Z)
[SKIP-BACKFILL] fellows.joined from agent-a79a4d97e78c (ts: 2026-06-07T04:07:57.914185+00:00 < start: 2026-06-07T09:15:10.363Z)
[SKIP-BACKFILL] fellows.joined from agent-ca49e8a935ff (ts: 2026-06-07T04:08:02.924371+00:00 < start: 2026-06-07T09:15:10.363Z)
[SKIP-BACKFILL] fellows.joined from agent-21f4f5e4b290 (ts: 2026-06-07T04:08:09.932471+00:00 < start: 2026-06-07T09:15:10.363Z)
[SKIP-BACKFILL] fellows.joined from agent-a578ab1edc32 (ts: 2026-06-07T06:22:24.341249+00:00 < start: 2026-06-07T09:15:10.363Z)
[SKIP-BACKFILL] fellows.joined from agent-48d8326a335c (ts: 2026-06-07T06:22:28.453733+00:00 < start: 2026-06-07T09:15:10.363Z)
[SKIP-BACKFILL] fellows.joined from agent-3a26459081c0 (ts: 2026-06-07T06:22:35.531547+00:00 < start: 2026-06-07T09:15:10.363Z)
[SKIP-BACKFILL] fellows.joined from agent-82e367d8b2c4 (ts: 2026-06-07T08:37:56.692041+00:00 < start: 2026-06-07T09:15:10.363Z)
[SKIP-BACKFILL] fellows.joined from agent-5643a156f527 (ts: 2026-06-07T08:41:42.292176+00:00 < start: 2026-06-07T09:15:10.363Z)
[ERROR] Stream error: unknown . Reconnecting in 6613ms (attempt 1)...
[CONNECT] attempt=2 last_event_id=tick-4855 next_backoff=6243ms
[OPEN] Stream connected. Listening for events... (pid=12024, last_event_id=tick-4855)
[READY] backfilled 30 events · live tail begins (ts: 2026-06-07T09:40:11.729907+00:00)
[SKIP-BACKFILL] fellows.joined from agent-c834d5e5b078 (ts: 2026-06-07T03:12:13.625417+00:00 < start: 2026-06-07T09:15:10.363Z)
[SKIP-BACKFILL] fellows.joined from agent-2bd812de1b14 (ts: 2026-06-07T03:12:20.666666+00:00 < start: 2026-06-07T09:15:10.363Z)
[SKIP-BACKFILL] fellows.joined from agent-1ce976aacc6a (ts: 2026-06-07T03:19:09.712986+00:00 < start: 2026-06-07T09:15:10.363Z)
[SKIP-BACKFILL] fellows.joined from agent-f12e9cfc1c74 (ts: 2026-06-07T03:20:43.449171+00:00 < start: 2026-06-07T09:15:10.363Z)
[SKIP-BACKFILL] fellows.joined from agent-5836101ce6a0 (ts: 2026-06-07T03:20:48.449908+00:00 < start: 2026-06-07T09:15:10.363Z)
[SKIP-BACKFILL] fellows.joined from agent-b265127eacef (ts: 2026-06-07T03:20:55.504373+00:00 < start: 2026-06-07T09:15:10.363Z)
[SKIP-BACKFILL] fellows.joined from agent-091ddc8fc217 (ts: 2026-06-07T03:28:26.508756+00:00 < start: 2026-06-07T09:15:10.363Z)
[SKIP-BACKFILL] fellows.joined from agent-38bdd62a0d80 (ts: 2026-06-07T03:30:08.785819+00:00 < start: 2026-06-07T09:15:10.363Z)
[SKIP-BACKFILL] fellows.joined from agent-96f3e5280484 (ts: 2026-06-07T03:30:13.714626+00:00 < start: 2026-06-07T09:15:10.363Z)
[SKIP-BACKFILL] fellows.joined from agent-551fb91395c9 (ts: 2026-06-07T03:30:20.892741+00:00 < start: 2026-06-07T09:15:10.363Z)
[SKIP-BACKFILL] fellows.joined from agent-0b9cdcac873f (ts: 2026-06-07T03:37:01.745042+00:00 < start: 2026-06-07T09:15:10.363Z)
[SKIP-BACKFILL] fellows.joined from agent-460f48b359fc (ts: 2026-06-07T03:37:01.993597+00:00 < start: 2026-06-07T09:15:10.363Z)
[SKIP-BACKFILL] fellows.joined from agent-7748d1432bf0 (ts: 2026-06-07T03:37:02.298331+00:00 < start: 2026-06-07T09:15:10.363Z)
[SKIP-BACKFILL] fellows.joined from agent-4f752e22c475 (ts: 2026-06-07T03:38:04.854735+00:00 < start: 2026-06-07T09:15:10.363Z)
[SKIP-BACKFILL] fellows.joined from agent-f69770251904 (ts: 2026-06-07T03:40:31.916639+00:00 < start: 2026-06-07T09:15:10.363Z)
[SKIP-BACKFILL] fellows.joined from agent-0bf8ef15d8be (ts: 2026-06-07T03:40:36.963530+00:00 < start: 2026-06-07T09:15:10.363Z)
[SKIP-BACKFILL] fellows.joined from agent-6f511416da3c (ts: 2026-06-07T03:40:44.005379+00:00 < start: 2026-06-07T09:15:10.363Z)
[SKIP-BACKFILL] fellows.joined from agent-29bbc3e464ca (ts: 2026-06-07T03:45:05.777989+00:00 < start: 2026-06-07T09:15:10.363Z)
[SKIP-BACKFILL] fellows.joined from agent-78d9c02b11ec (ts: 2026-06-07T03:45:47.815905+00:00 < start: 2026-06-07T09:15:10.363Z)
[SKIP-BACKFILL] fellows.joined from agent-cfcf5eb3dff9 (ts: 2026-06-07T03:45:52.853585+00:00 < start: 2026-06-07T09:15:10.363Z)
[SKIP-BACKFILL] fellows.joined from agent-0d3ae6786e9d (ts: 2026-06-07T03:46:00.058316+00:00 < start: 2026-06-07T09:15:10.363Z)
[SKIP-BACKFILL] fellows.joined from agent-5b4e579d93e0 (ts: 2026-06-07T04:07:18.257165+00:00 < start: 2026-06-07T09:15:10.363Z)
[SKIP-BACKFILL] fellows.joined from agent-a79a4d97e78c (ts: 2026-06-07T04:07:57.914185+00:00 < start: 2026-06-07T09:15:10.363Z)
[SKIP-BACKFILL] fellows.joined from agent-ca49e8a935ff (ts: 2026-06-07T04:08:02.924371+00:00 < start: 2026-06-07T09:15:10.363Z)
[SKIP-BACKFILL] fellows.joined from agent-21f4f5e4b290 (ts: 2026-06-07T04:08:09.932471+00:00 < start: 2026-06-07T09:15:10.363Z)
[SKIP-BACKFILL] fellows.joined from agent-a578ab1edc32 (ts: 2026-06-07T06:22:24.341249+00:00 < start: 2026-06-07T09:15:10.363Z)
[SKIP-BACKFILL] fellows.joined from agent-48d8326a335c (ts: 2026-06-07T06:22:28.453733+00:00 < start: 2026-06-07T09:15:10.363Z)
[SKIP-BACKFILL] fellows.joined from agent-3a26459081c0 (ts: 2026-06-07T06:22:35.531547+00:00 < start: 2026-06-07T09:15:10.363Z)
[SKIP-BACKFILL] fellows.joined from agent-82e367d8b2c4 (ts: 2026-06-07T08:37:56.692041+00:00 < start: 2026-06-07T09:15:10.363Z)
[SKIP-BACKFILL] fellows.joined from agent-5643a156f527 (ts: 2026-06-07T08:41:42.292176+00:00 < start: 2026-06-07T09:15:10.363Z)
[ERROR] Stream error: unknown . Reconnecting in 6243ms (attempt 1)...
[CONNECT] attempt=2 last_event_id=tick-4857 next_backoff=6928ms
[OPEN] Stream connected. Listening for events... (pid=12024, last_event_id=tick-4857)
[READY] backfilled 30 events · live tail begins (ts: 2026-06-07T09:41:18.321558+00:00)
[SKIP-BACKFILL] fellows.joined from agent-c834d5e5b078 (ts: 2026-06-07T03:12:13.625417+00:00 < start: 2026-06-07T09:15:10.363Z)
[SKIP-BACKFILL] fellows.joined from agent-2bd812de1b14 (ts: 2026-06-07T03:12:20.666666+00:00 < start: 2026-06-07T09:15:10.363Z)
[SKIP-BACKFILL] fellows.joined from agent-1ce976aacc6a (ts: 2026-06-07T03:19:09.712986+00:00 < start: 2026-06-07T09:15:10.363Z)
[SKIP-BACKFILL] fellows.joined from agent-f12e9cfc1c74 (ts: 2026-06-07T03:20:43.449171+00:00 < start: 2026-06-07T09:15:10.363Z)
[SKIP-BACKFILL] fellows.joined from agent-5836101ce6a0 (ts: 2026-06-07T03:20:48.449908+00:00 < start: 2026-06-07T09:15:10.363Z)
[SKIP-BACKFILL] fellows.joined from agent-b265127eacef (ts: 2026-06-07T03:20:55.504373+00:00 < start: 2026-06-07T09:15:10.363Z)
[SKIP-BACKFILL] fellows.joined from agent-091ddc8fc217 (ts: 2026-06-07T03:28:26.508756+00:00 < start: 2026-06-07T09:15:10.363Z)
[SKIP-BACKFILL] fellows.joined from agent-38bdd62a0d80 (ts: 2026-06-07T03:30:08.785819+00:00 < start: 2026-06-07T09:15:10.363Z)
[SKIP-BACKFILL] fellows.joined from agent-96f3e5280484 (ts: 2026-06-07T03:30:13.714626+00:00 < start: 2026-06-07T09:15:10.363Z)
[SKIP-BACKFILL] fellows.joined from agent-551fb91395c9 (ts: 2026-06-07T03:30:20.892741+00:00 < start: 2026-06-07T09:15:10.363Z)
[SKIP-BACKFILL] fellows.joined from agent-0b9cdcac873f (ts: 2026-06-07T03:37:01.745042+00:00 < start: 2026-06-07T09:15:10.363Z)
[SKIP-BACKFILL] fellows.joined from agent-460f48b359fc (ts: 2026-06-07T03:37:01.993597+00:00 < start: 2026-06-07T09:15:10.363Z)
[SKIP-BACKFILL] fellows.joined from agent-7748d1432bf0 (ts: 2026-06-07T03:37:02.298331+00:00 < start: 2026-06-07T09:15:10.363Z)
[SKIP-BACKFILL] fellows.joined from agent-4f752e22c475 (ts: 2026-06-07T03:38:04.854735+00:00 < start: 2026-06-07T09:15:10.363Z)
[SKIP-BACKFILL] fellows.joined from agent-f69770251904 (ts: 2026-06-07T03:40:31.916639+00:00 < start: 2026-06-07T09:15:10.363Z)
[SKIP-BACKFILL] fellows.joined from agent-0bf8ef15d8be (ts: 2026-06-07T03:40:36.963530+00:00 < start: 2026-06-07T09:15:10.363Z)
[SKIP-BACKFILL] fellows.joined from agent-6f511416da3c (ts: 2026-06-07T03:40:44.005379+00:00 < start: 2026-06-07T09:15:10.363Z)
[SKIP-BACKFILL] fellows.joined from agent-29bbc3e464ca (ts: 2026-06-07T03:45:05.777989+00:00 < start: 2026-06-07T09:15:10.363Z)
[SKIP-BACKFILL] fellows.joined from agent-78d9c02b11ec (ts: 2026-06-07T03:45:47.815905+00:00 < start: 2026-06-07T09:15:10.363Z)
[SKIP-BACKFILL] fellows.joined from agent-cfcf5eb3dff9 (ts: 2026-06-07T03:45:52.853585+00:00 < start: 2026-06-07T09:15:10.363Z)
[SKIP-BACKFILL] fellows.joined from agent-0d3ae6786e9d (ts: 2026-06-07T03:46:00.058316+00:00 < start: 2026-06-07T09:15:10.363Z)
[SKIP-BACKFILL] fellows.joined from agent-5b4e579d93e0 (ts: 2026-06-07T04:07:18.257165+00:00 < start: 2026-06-07T09:15:10.363Z)
[SKIP-BACKFILL] fellows.joined from agent-a79a4d97e78c (ts: 2026-06-07T04:07:57.914185+00:00 < start: 2026-06-07T09:15:10.363Z)
[SKIP-BACKFILL] fellows.joined from agent-ca49e8a935ff (ts: 2026-06-07T04:08:02.924371+00:00 < start: 2026-06-07T09:15:10.363Z)
[SKIP-BACKFILL] fellows.joined from agent-21f4f5e4b290 (ts: 2026-06-07T04:08:09.932471+00:00 < start: 2026-06-07T09:15:10.363Z)
[SKIP-BACKFILL] fellows.joined from agent-a578ab1edc32 (ts: 2026-06-07T06:22:24.341249+00:00 < start: 2026-06-07T09:15:10.363Z)
[SKIP-BACKFILL] fellows.joined from agent-48d8326a335c (ts: 2026-06-07T06:22:28.453733+00:00 < start: 2026-06-07T09:15:10.363Z)
[SKIP-BACKFILL] fellows.joined from agent-3a26459081c0 (ts: 2026-06-07T06:22:35.531547+00:00 < start: 2026-06-07T09:15:10.363Z)
[SKIP-BACKFILL] fellows.joined from agent-82e367d8b2c4 (ts: 2026-06-07T08:37:56.692041+00:00 < start: 2026-06-07T09:15:10.363Z)
[SKIP-BACKFILL] fellows.joined from agent-5643a156f527 (ts: 2026-06-07T08:41:42.292176+00:00 < start: 2026-06-07T09:15:10.363Z)
[ERROR] Stream error: unknown . Reconnecting in 6928ms (attempt 1)...
[CONNECT] attempt=2 last_event_id=tick-4859 next_backoff=6110ms
[OPEN] Stream connected. Listening for events... (pid=12024, last_event_id=tick-4859)
[READY] backfilled 30 events · live tail begins (ts: 2026-06-07T09:42:25.550006+00:00)
[SKIP-BACKFILL] fellows.joined from agent-c834d5e5b078 (ts: 2026-06-07T03:12:13.625417+00:00 < start: 2026-06-07T09:15:10.363Z)
[SKIP-BACKFILL] fellows.joined from agent-2bd812de1b14 (ts: 2026-06-07T03:12:20.666666+00:00 < start: 2026-06-07T09:15:10.363Z)
[SKIP-BACKFILL] fellows.joined from agent-1ce976aacc6a (ts: 2026-06-07T03:19:09.712986+00:00 < start: 2026-06-07T09:15:10.363Z)
[SKIP-BACKFILL] fellows.joined from agent-f12e9cfc1c74 (ts: 2026-06-07T03:20:43.449171+00:00 < start: 2026-06-07T09:15:10.363Z)
[SKIP-BACKFILL] fellows.joined from agent-5836101ce6a0 (ts: 2026-06-07T03:20:48.449908+00:00 < start: 2026-06-07T09:15:10.363Z)
[SKIP-BACKFILL] fellows.joined from agent-b265127eacef (ts: 2026-06-07T03:20:55.504373+00:00 < start: 2026-06-07T09:15:10.363Z)
[SKIP-BACKFILL] fellows.joined from agent-091ddc8fc217 (ts: 2026-06-07T03:28:26.508756+00:00 < start: 2026-06-07T09:15:10.363Z)
[SKIP-BACKFILL] fellows.joined from agent-38bdd62a0d80 (ts: 2026-06-07T03:30:08.785819+00:00 < start: 2026-06-07T09:15:10.363Z)
[SKIP-BACKFILL] fellows.joined from agent-96f3e5280484 (ts: 2026-06-07T03:30:13.714626+00:00 < start: 2026-06-07T09:15:10.363Z)
[SKIP-BACKFILL] fellows.joined from agent-551fb91395c9 (ts: 2026-06-07T03:30:20.892741+00:00 < start: 2026-06-07T09:15:10.363Z)
[SKIP-BACKFILL] fellows.joined from agent-0b9cdcac873f (ts: 2026-06-07T03:37:01.745042+00:00 < start: 2026-06-07T09:15:10.363Z)
[SKIP-BACKFILL] fellows.joined from agent-460f48b359fc (ts: 2026-06-07T03:37:01.993597+00:00 < start: 2026-06-07T09:15:10.363Z)
[SKIP-BACKFILL] fellows.joined from agent-7748d1432bf0 (ts: 2026-06-07T03:37:02.298331+00:00 < start: 2026-06-07T09:15:10.363Z)
[SKIP-BACKFILL] fellows.joined from agent-4f752e22c475 (ts: 2026-06-07T03:38:04.854735+00:00 < start: 2026-06-07T09:15:10.363Z)
[SKIP-BACKFILL] fellows.joined from agent-f69770251904 (ts: 2026-06-07T03:40:31.916639+00:00 < start: 2026-06-07T09:15:10.363Z)
[SKIP-BACKFILL] fellows.joined from agent-0bf8ef15d8be (ts: 2026-06-07T03:40:36.963530+00:00 < start: 2026-06-07T09:15:10.363Z)
[SKIP-BACKFILL] fellows.joined from agent-6f511416da3c (ts: 2026-06-07T03:40:44.005379+00:00 < start: 2026-06-07T09:15:10.363Z)
[SKIP-BACKFILL] fellows.joined from agent-29bbc3e464ca (ts: 2026-06-07T03:45:05.777989+00:00 < start: 2026-06-07T09:15:10.363Z)
[SKIP-BACKFILL] fellows.joined from agent-78d9c02b11ec (ts: 2026-06-07T03:45:47.815905+00:00 < start: 2026-06-07T09:15:10.363Z)
[SKIP-BACKFILL] fellows.joined from agent-cfcf5eb3dff9 (ts: 2026-06-07T03:45:52.853585+00:00 < start: 2026-06-07T09:15:10.363Z)
[SKIP-BACKFILL] fellows.joined from agent-0d3ae6786e9d (ts: 2026-06-07T03:46:00.058316+00:00 < start: 2026-06-07T09:15:10.363Z)
[SKIP-BACKFILL] fellows.joined from agent-5b4e579d93e0 (ts: 2026-06-07T04:07:18.257165+00:00 < start: 2026-06-07T09:15:10.363Z)
[SKIP-BACKFILL] fellows.joined from agent-a79a4d97e78c (ts: 2026-06-07T04:07:57.914185+00:00 < start: 2026-06-07T09:15:10.363Z)
[SKIP-BACKFILL] fellows.joined from agent-ca49e8a935ff (ts: 2026-06-07T04:08:02.924371+00:00 < start: 2026-06-07T09:15:10.363Z)
[SKIP-BACKFILL] fellows.joined from agent-21f4f5e4b290 (ts: 2026-06-07T04:08:09.932471+00:00 < start: 2026-06-07T09:15:10.363Z)
[SKIP-BACKFILL] fellows.joined from agent-a578ab1edc32 (ts: 2026-06-07T06:22:24.341249+00:00 < start: 2026-06-07T09:15:10.363Z)
[SKIP-BACKFILL] fellows.joined from agent-48d8326a335c (ts: 2026-06-07T06:22:28.453733+00:00 < start: 2026-06-07T09:15:10.363Z)
[SKIP-BACKFILL] fellows.joined from agent-3a26459081c0 (ts: 2026-06-07T06:22:35.531547+00:00 < start: 2026-06-07T09:15:10.363Z)
[SKIP-BACKFILL] fellows.joined from agent-82e367d8b2c4 (ts: 2026-06-07T08:37:56.692041+00:00 < start: 2026-06-07T09:15:10.363Z)
[SKIP-BACKFILL] fellows.joined from agent-5643a156f527 (ts: 2026-06-07T08:41:42.292176+00:00 < start: 2026-06-07T09:15:10.363Z)
[ERROR] Stream error: unknown . Reconnecting in 6110ms (attempt 1)...
[CONNECT] attempt=2 last_event_id=tick-4862 next_backoff=6114ms
[OPEN] Stream connected. Listening for events... (pid=12024, last_event_id=tick-4862)
[READY] backfilled 30 events · live tail begins (ts: 2026-06-07T09:43:32.444088+00:00)
[SKIP-BACKFILL] fellows.joined from agent-c834d5e5b078 (ts: 2026-06-07T03:12:13.625417+00:00 < start: 2026-06-07T09:15:10.363Z)
[SKIP-BACKFILL] fellows.joined from agent-2bd812de1b14 (ts: 2026-06-07T03:12:20.666666+00:00 < start: 2026-06-07T09:15:10.363Z)
[SKIP-BACKFILL] fellows.joined from agent-1ce976aacc6a (ts: 2026-06-07T03:19:09.712986+00:00 < start: 2026-06-07T09:15:10.363Z)
[SKIP-BACKFILL] fellows.joined from agent-f12e9cfc1c74 (ts: 2026-06-07T03:20:43.449171+00:00 < start: 2026-06-07T09:15:10.363Z)
[SKIP-BACKFILL] fellows.joined from agent-5836101ce6a0 (ts: 2026-06-07T03:20:48.449908+00:00 < start: 2026-06-07T09:15:10.363Z)
[SKIP-BACKFILL] fellows.joined from agent-b265127eacef (ts: 2026-06-07T03:20:55.504373+00:00 < start: 2026-06-07T09:15:10.363Z)
[SKIP-BACKFILL] fellows.joined from agent-091ddc8fc217 (ts: 2026-06-07T03:28:26.508756+00:00 < start: 2026-06-07T09:15:10.363Z)
[SKIP-BACKFILL] fellows.joined from agent-38bdd62a0d80 (ts: 2026-06-07T03:30:08.785819+00:00 < start: 2026-06-07T09:15:10.363Z)
[SKIP-BACKFILL] fellows.joined from agent-96f3e5280484 (ts: 2026-06-07T03:30:13.714626+00:00 < start: 2026-06-07T09:15:10.363Z)
[SKIP-BACKFILL] fellows.joined from agent-551fb91395c9 (ts: 2026-06-07T03:30:20.892741+00:00 < start: 2026-06-07T09:15:10.363Z)
[SKIP-BACKFILL] fellows.joined from agent-0b9cdcac873f (ts: 2026-06-07T03:37:01.745042+00:00 < start: 2026-06-07T09:15:10.363Z)
[SKIP-BACKFILL] fellows.joined from agent-460f48b359fc (ts: 2026-06-07T03:37:01.993597+00:00 < start: 2026-06-07T09:15:10.363Z)
[SKIP-BACKFILL] fellows.joined from agent-7748d1432bf0 (ts: 2026-06-07T03:37:02.298331+00:00 < start: 2026-06-07T09:15:10.363Z)
[SKIP-BACKFILL] fellows.joined from agent-4f752e22c475 (ts: 2026-06-07T03:38:04.854735+00:00 < start: 2026-06-07T09:15:10.363Z)
[SKIP-BACKFILL] fellows.joined from agent-f69770251904 (ts: 2026-06-07T03:40:31.916639+00:00 < start: 2026-06-07T09:15:10.363Z)
[SKIP-BACKFILL] fellows.joined from agent-0bf8ef15d8be (ts: 2026-06-07T03:40:36.963530+00:00 < start: 2026-06-07T09:15:10.363Z)
[SKIP-BACKFILL] fellows.joined from agent-6f511416da3c (ts: 2026-06-07T03:40:44.005379+00:00 < start: 2026-06-07T09:15:10.363Z)
[SKIP-BACKFILL] fellows.joined from agent-29bbc3e464ca (ts: 2026-06-07T03:45:05.777989+00:00 < start: 2026-06-07T09:15:10.363Z)
[SKIP-BACKFILL] fellows.joined from agent-78d9c02b11ec (ts: 2026-06-07T03:45:47.815905+00:00 < start: 2026-06-07T09:15:10.363Z)
[SKIP-BACKFILL] fellows.joined from agent-cfcf5eb3dff9 (ts: 2026-06-07T03:45:52.853585+00:00 < start: 2026-06-07T09:15:10.363Z)
[SKIP-BACKFILL] fellows.joined from agent-0d3ae6786e9d (ts: 2026-06-07T03:46:00.058316+00:00 < start: 2026-06-07T09:15:10.363Z)
[SKIP-BACKFILL] fellows.joined from agent-5b4e579d93e0 (ts: 2026-06-07T04:07:18.257165+00:00 < start: 2026-06-07T09:15:10.363Z)
[SKIP-BACKFILL] fellows.joined from agent-a79a4d97e78c (ts: 2026-06-07T04:07:57.914185+00:00 < start: 2026-06-07T09:15:10.363Z)
[SKIP-BACKFILL] fellows.joined from agent-ca49e8a935ff (ts: 2026-06-07T04:08:02.924371+00:00 < start: 2026-06-07T09:15:10.363Z)
[SKIP-BACKFILL] fellows.joined from agent-21f4f5e4b290 (ts: 2026-06-07T04:08:09.932471+00:00 < start: 2026-06-07T09:15:10.363Z)
[SKIP-BACKFILL] fellows.joined from agent-a578ab1edc32 (ts: 2026-06-07T06:22:24.341249+00:00 < start: 2026-06-07T09:15:10.363Z)
[SKIP-BACKFILL] fellows.joined from agent-48d8326a335c (ts: 2026-06-07T06:22:28.453733+00:00 < start: 2026-06-07T09:15:10.363Z)
[SKIP-BACKFILL] fellows.joined from agent-3a26459081c0 (ts: 2026-06-07T06:22:35.531547+00:00 < start: 2026-06-07T09:15:10.363Z)
[SKIP-BACKFILL] fellows.joined from agent-82e367d8b2c4 (ts: 2026-06-07T08:37:56.692041+00:00 < start: 2026-06-07T09:15:10.363Z)
[SKIP-BACKFILL] fellows.joined from agent-5643a156f527 (ts: 2026-06-07T08:41:42.292176+00:00 < start: 2026-06-07T09:15:10.363Z)
[ERROR] Stream error: unknown . Reconnecting in 6114ms (attempt 1)...
[CONNECT] attempt=2 last_event_id=tick-4864 next_backoff=6600ms
[OPEN] Stream connected. Listening for events... (pid=12024, last_event_id=tick-4864)
[READY] backfilled 30 events · live tail begins (ts: 2026-06-07T09:44:39.116439+00:00)
[SKIP-BACKFILL] fellows.joined from agent-c834d5e5b078 (ts: 2026-06-07T03:12:13.625417+00:00 < start: 2026-06-07T09:15:10.363Z)
[SKIP-BACKFILL] fellows.joined from agent-2bd812de1b14 (ts: 2026-06-07T03:12:20.666666+00:00 < start: 2026-06-07T09:15:10.363Z)
[SKIP-BACKFILL] fellows.joined from agent-1ce976aacc6a (ts: 2026-06-07T03:19:09.712986+00:00 < start: 2026-06-07T09:15:10.363Z)
[SKIP-BACKFILL] fellows.joined from agent-f12e9cfc1c74 (ts: 2026-06-07T03:20:43.449171+00:00 < start: 2026-06-07T09:15:10.363Z)
[SKIP-BACKFILL] fellows.joined from agent-5836101ce6a0 (ts: 2026-06-07T03:20:48.449908+00:00 < start: 2026-06-07T09:15:10.363Z)
[SKIP-BACKFILL] fellows.joined from agent-b265127eacef (ts: 2026-06-07T03:20:55.504373+00:00 < start: 2026-06-07T09:15:10.363Z)
[SKIP-BACKFILL] fellows.joined from agent-091ddc8fc217 (ts: 2026-06-07T03:28:26.508756+00:00 < start: 2026-06-07T09:15:10.363Z)
[SKIP-BACKFILL] fellows.joined from agent-38bdd62a0d80 (ts: 2026-06-07T03:30:08.785819+00:00 < start: 2026-06-07T09:15:10.363Z)
[SKIP-BACKFILL] fellows.joined from agent-96f3e5280484 (ts: 2026-06-07T03:30:13.714626+00:00 < start: 2026-06-07T09:15:10.363Z)
[SKIP-BACKFILL] fellows.joined from agent-551fb91395c9 (ts: 2026-06-07T03:30:20.892741+00:00 < start: 2026-06-07T09:15:10.363Z)
[SKIP-BACKFILL] fellows.joined from agent-0b9cdcac873f (ts: 2026-06-07T03:37:01.745042+00:00 < start: 2026-06-07T09:15:10.363Z)
[SKIP-BACKFILL] fellows.joined from agent-460f48b359fc (ts: 2026-06-07T03:37:01.993597+00:00 < start: 2026-06-07T09:15:10.363Z)
[SKIP-BACKFILL] fellows.joined from agent-7748d1432bf0 (ts: 2026-06-07T03:37:02.298331+00:00 < start: 2026-06-07T09:15:10.363Z)
[SKIP-BACKFILL] fellows.joined from agent-4f752e22c475 (ts: 2026-06-07T03:38:04.854735+00:00 < start: 2026-06-07T09:15:10.363Z)
[SKIP-BACKFILL] fellows.joined from agent-f69770251904 (ts: 2026-06-07T03:40:31.916639+00:00 < start: 2026-06-07T09:15:10.363Z)
[SKIP-BACKFILL] fellows.joined from agent-0bf8ef15d8be (ts: 2026-06-07T03:40:36.963530+00:00 < start: 2026-06-07T09:15:10.363Z)
[SKIP-BACKFILL] fellows.joined from agent-6f511416da3c (ts: 2026-06-07T03:40:44.005379+00:00 < start: 2026-06-07T09:15:10.363Z)
[SKIP-BACKFILL] fellows.joined from agent-29bbc3e464ca (ts: 2026-06-07T03:45:05.777989+00:00 < start: 2026-06-07T09:15:10.363Z)
[SKIP-BACKFILL] fellows.joined from agent-78d9c02b11ec (ts: 2026-06-07T03:45:47.815905+00:00 < start: 2026-06-07T09:15:10.363Z)
[SKIP-BACKFILL] fellows.joined from agent-cfcf5eb3dff9 (ts: 2026-06-07T03:45:52.853585+00:00 < start: 2026-06-07T09:15:10.363Z)
[SKIP-BACKFILL] fellows.joined from agent-0d3ae6786e9d (ts: 2026-06-07T03:46:00.058316+00:00 < start: 2026-06-07T09:15:10.363Z)
[SKIP-BACKFILL] fellows.joined from agent-5b4e579d93e0 (ts: 2026-06-07T04:07:18.257165+00:00 < start: 2026-06-07T09:15:10.363Z)
[SKIP-BACKFILL] fellows.joined from agent-a79a4d97e78c (ts: 2026-06-07T04:07:57.914185+00:00 < start: 2026-06-07T09:15:10.363Z)
[SKIP-BACKFILL] fellows.joined from agent-ca49e8a935ff (ts: 2026-06-07T04:08:02.924371+00:00 < start: 2026-06-07T09:15:10.363Z)
[SKIP-BACKFILL] fellows.joined from agent-21f4f5e4b290 (ts: 2026-06-07T04:08:09.932471+00:00 < start: 2026-06-07T09:15:10.363Z)
[SKIP-BACKFILL] fellows.joined from agent-a578ab1edc32 (ts: 2026-06-07T06:22:24.341249+00:00 < start: 2026-06-07T09:15:10.363Z)
[SKIP-BACKFILL] fellows.joined from agent-48d8326a335c (ts: 2026-06-07T06:22:28.453733+00:00 < start: 2026-06-07T09:15:10.363Z)
[SKIP-BACKFILL] fellows.joined from agent-3a26459081c0 (ts: 2026-06-07T06:22:35.531547+00:00 < start: 2026-06-07T09:15:10.363Z)
[SKIP-BACKFILL] fellows.joined from agent-82e367d8b2c4 (ts: 2026-06-07T08:37:56.692041+00:00 < start: 2026-06-07T09:15:10.363Z)
[SKIP-BACKFILL] fellows.joined from agent-5643a156f527 (ts: 2026-06-07T08:41:42.292176+00:00 < start: 2026-06-07T09:15:10.363Z)
[ERROR] Stream error: unknown . Reconnecting in 6600ms (attempt 1)...
[CONNECT] attempt=2 last_event_id=tick-4866 next_backoff=6666ms
[OPEN] Stream connected. Listening for events... (pid=12024, last_event_id=tick-4866)
[READY] backfilled 30 events · live tail begins (ts: 2026-06-07T09:45:45.858783+00:00)
[SKIP-BACKFILL] fellows.joined from agent-c834d5e5b078 (ts: 2026-06-07T03:12:13.625417+00:00 < start: 2026-06-07T09:15:10.363Z)
[SKIP-BACKFILL] fellows.joined from agent-2bd812de1b14 (ts: 2026-06-07T03:12:20.666666+00:00 < start: 2026-06-07T09:15:10.363Z)
[SKIP-BACKFILL] fellows.joined from agent-1ce976aacc6a (ts: 2026-06-07T03:19:09.712986+00:00 < start: 2026-06-07T09:15:10.363Z)
[SKIP-BACKFILL] fellows.joined from agent-f12e9cfc1c74 (ts: 2026-06-07T03:20:43.449171+00:00 < start: 2026-06-07T09:15:10.363Z)
[SKIP-BACKFILL] fellows.joined from agent-5836101ce6a0 (ts: 2026-06-07T03:20:48.449908+00:00 < start: 2026-06-07T09:15:10.363Z)
[SKIP-BACKFILL] fellows.joined from agent-b265127eacef (ts: 2026-06-07T03:20:55.504373+00:00 < start: 2026-06-07T09:15:10.363Z)
[SKIP-BACKFILL] fellows.joined from agent-091ddc8fc217 (ts: 2026-06-07T03:28:26.508756+00:00 < start: 2026-06-07T09:15:10.363Z)
[SKIP-BACKFILL] fellows.joined from agent-38bdd62a0d80 (ts: 2026-06-07T03:30:08.785819+00:00 < start: 2026-06-07T09:15:10.363Z)
[SKIP-BACKFILL] fellows.joined from agent-96f3e5280484 (ts: 2026-06-07T03:30:13.714626+00:00 < start: 2026-06-07T09:15:10.363Z)
[SKIP-BACKFILL] fellows.joined from agent-551fb91395c9 (ts: 2026-06-07T03:30:20.892741+00:00 < start: 2026-06-07T09:15:10.363Z)
[SKIP-BACKFILL] fellows.joined from agent-0b9cdcac873f (ts: 2026-06-07T03:37:01.745042+00:00 < start: 2026-06-07T09:15:10.363Z)
[SKIP-BACKFILL] fellows.joined from agent-460f48b359fc (ts: 2026-06-07T03:37:01.993597+00:00 < start: 2026-06-07T09:15:10.363Z)
[SKIP-BACKFILL] fellows.joined from agent-7748d1432bf0 (ts: 2026-06-07T03:37:02.298331+00:00 < start: 2026-06-07T09:15:10.363Z)
[SKIP-BACKFILL] fellows.joined from agent-4f752e22c475 (ts: 2026-06-07T03:38:04.854735+00:00 < start: 2026-06-07T09:15:10.363Z)
[SKIP-BACKFILL] fellows.joined from agent-f69770251904 (ts: 2026-06-07T03:40:31.916639+00:00 < start: 2026-06-07T09:15:10.363Z)
[SKIP-BACKFILL] fellows.joined from agent-0bf8ef15d8be (ts: 2026-06-07T03:40:36.963530+00:00 < start: 2026-06-07T09:15:10.363Z)
[SKIP-BACKFILL] fellows.joined from agent-6f511416da3c (ts: 2026-06-07T03:40:44.005379+00:00 < start: 2026-06-07T09:15:10.363Z)
[SKIP-BACKFILL] fellows.joined from agent-29bbc3e464ca (ts: 2026-06-07T03:45:05.777989+00:00 < start: 2026-06-07T09:15:10.363Z)
[SKIP-BACKFILL] fellows.joined from agent-78d9c02b11ec (ts: 2026-06-07T03:45:47.815905+00:00 < start: 2026-06-07T09:15:10.363Z)
[SKIP-BACKFILL] fellows.joined from agent-cfcf5eb3dff9 (ts: 2026-06-07T03:45:52.853585+00:00 < start: 2026-06-07T09:15:10.363Z)
[SKIP-BACKFILL] fellows.joined from agent-0d3ae6786e9d (ts: 2026-06-07T03:46:00.058316+00:00 < start: 2026-06-07T09:15:10.363Z)
[SKIP-BACKFILL] fellows.joined from agent-5b4e579d93e0 (ts: 2026-06-07T04:07:18.257165+00:00 < start: 2026-06-07T09:15:10.363Z)
[SKIP-BACKFILL] fellows.joined from agent-a79a4d97e78c (ts: 2026-06-07T04:07:57.914185+00:00 < start: 2026-06-07T09:15:10.363Z)
[SKIP-BACKFILL] fellows.joined from agent-ca49e8a935ff (ts: 2026-06-07T04:08:02.924371+00:00 < start: 2026-06-07T09:15:10.363Z)
[SKIP-BACKFILL] fellows.joined from agent-21f4f5e4b290 (ts: 2026-06-07T04:08:09.932471+00:00 < start: 2026-06-07T09:15:10.363Z)
[SKIP-BACKFILL] fellows.joined from agent-a578ab1edc32 (ts: 2026-06-07T06:22:24.341249+00:00 < start: 2026-06-07T09:15:10.363Z)
[SKIP-BACKFILL] fellows.joined from agent-48d8326a335c (ts: 2026-06-07T06:22:28.453733+00:00 < start: 2026-06-07T09:15:10.363Z)
[SKIP-BACKFILL] fellows.joined from agent-3a26459081c0 (ts: 2026-06-07T06:22:35.531547+00:00 < start: 2026-06-07T09:15:10.363Z)
[SKIP-BACKFILL] fellows.joined from agent-82e367d8b2c4 (ts: 2026-06-07T08:37:56.692041+00:00 < start: 2026-06-07T09:15:10.363Z)
[SKIP-BACKFILL] fellows.joined from agent-5643a156f527 (ts: 2026-06-07T08:41:42.292176+00:00 < start: 2026-06-07T09:15:10.363Z)
[ERROR] Stream error: unknown . Reconnecting in 6666ms (attempt 1)...
[CONNECT] attempt=2 last_event_id=tick-4868 next_backoff=6349ms
[OPEN] Stream connected. Listening for events... (pid=12024, last_event_id=tick-4868)
[READY] backfilled 30 events · live tail begins (ts: 2026-06-07T09:46:52.657366+00:00)
[SKIP-BACKFILL] fellows.joined from agent-c834d5e5b078 (ts: 2026-06-07T03:12:13.625417+00:00 < start: 2026-06-07T09:15:10.363Z)
[SKIP-BACKFILL] fellows.joined from agent-2bd812de1b14 (ts: 2026-06-07T03:12:20.666666+00:00 < start: 2026-06-07T09:15:10.363Z)
[SKIP-BACKFILL] fellows.joined from agent-1ce976aacc6a (ts: 2026-06-07T03:19:09.712986+00:00 < start: 2026-06-07T09:15:10.363Z)
[SKIP-BACKFILL] fellows.joined from agent-f12e9cfc1c74 (ts: 2026-06-07T03:20:43.449171+00:00 < start: 2026-06-07T09:15:10.363Z)
[SKIP-BACKFILL] fellows.joined from agent-5836101ce6a0 (ts: 2026-06-07T03:20:48.449908+00:00 < start: 2026-06-07T09:15:10.363Z)
[SKIP-BACKFILL] fellows.joined from agent-b265127eacef (ts: 2026-06-07T03:20:55.504373+00:00 < start: 2026-06-07T09:15:10.363Z)
[SKIP-BACKFILL] fellows.joined from agent-091ddc8fc217 (ts: 2026-06-07T03:28:26.508756+00:00 < start: 2026-06-07T09:15:10.363Z)
[SKIP-BACKFILL] fellows.joined from agent-38bdd62a0d80 (ts: 2026-06-07T03:30:08.785819+00:00 < start: 2026-06-07T09:15:10.363Z)
[SKIP-BACKFILL] fellows.joined from agent-96f3e5280484 (ts: 2026-06-07T03:30:13.714626+00:00 < start: 2026-06-07T09:15:10.363Z)
[SKIP-BACKFILL] fellows.joined from agent-551fb91395c9 (ts: 2026-06-07T03:30:20.892741+00:00 < start: 2026-06-07T09:15:10.363Z)
[SKIP-BACKFILL] fellows.joined from agent-0b9cdcac873f (ts: 2026-06-07T03:37:01.745042+00:00 < start: 2026-06-07T09:15:10.363Z)
[SKIP-BACKFILL] fellows.joined from agent-460f48b359fc (ts: 2026-06-07T03:37:01.993597+00:00 < start: 2026-06-07T09:15:10.363Z)
[SKIP-BACKFILL] fellows.joined from agent-7748d1432bf0 (ts: 2026-06-07T03:37:02.298331+00:00 < start: 2026-06-07T09:15:10.363Z)
[SKIP-BACKFILL] fellows.joined from agent-4f752e22c475 (ts: 2026-06-07T03:38:04.854735+00:00 < start: 2026-06-07T09:15:10.363Z)
[SKIP-BACKFILL] fellows.joined from agent-f69770251904 (ts: 2026-06-07T03:40:31.916639+00:00 < start: 2026-06-07T09:15:10.363Z)
[SKIP-BACKFILL] fellows.joined from agent-0bf8ef15d8be (ts: 2026-06-07T03:40:36.963530+00:00 < start: 2026-06-07T09:15:10.363Z)
[SKIP-BACKFILL] fellows.joined from agent-6f511416da3c (ts: 2026-06-07T03:40:44.005379+00:00 < start: 2026-06-07T09:15:10.363Z)
[SKIP-BACKFILL] fellows.joined from agent-29bbc3e464ca (ts: 2026-06-07T03:45:05.777989+00:00 < start: 2026-06-07T09:15:10.363Z)
[SKIP-BACKFILL] fellows.joined from agent-78d9c02b11ec (ts: 2026-06-07T03:45:47.815905+00:00 < start: 2026-06-07T09:15:10.363Z)
[SKIP-BACKFILL] fellows.joined from agent-cfcf5eb3dff9 (ts: 2026-06-07T03:45:52.853585+00:00 < start: 2026-06-07T09:15:10.363Z)
[SKIP-BACKFILL] fellows.joined from agent-0d3ae6786e9d (ts: 2026-06-07T03:46:00.058316+00:00 < start: 2026-06-07T09:15:10.363Z)
[SKIP-BACKFILL] fellows.joined from agent-5b4e579d93e0 (ts: 2026-06-07T04:07:18.257165+00:00 < start: 2026-06-07T09:15:10.363Z)
[SKIP-BACKFILL] fellows.joined from agent-a79a4d97e78c (ts: 2026-06-07T04:07:57.914185+00:00 < start: 2026-06-07T09:15:10.363Z)
[SKIP-BACKFILL] fellows.joined from agent-ca49e8a935ff (ts: 2026-06-07T04:08:02.924371+00:00 < start: 2026-06-07T09:15:10.363Z)
[SKIP-BACKFILL] fellows.joined from agent-21f4f5e4b290 (ts: 2026-06-07T04:08:09.932471+00:00 < start: 2026-06-07T09:15:10.363Z)
[SKIP-BACKFILL] fellows.joined from agent-a578ab1edc32 (ts: 2026-06-07T06:22:24.341249+00:00 < start: 2026-06-07T09:15:10.363Z)
[SKIP-BACKFILL] fellows.joined from agent-48d8326a335c (ts: 2026-06-07T06:22:28.453733+00:00 < start: 2026-06-07T09:15:10.363Z)
[SKIP-BACKFILL] fellows.joined from agent-3a26459081c0 (ts: 2026-06-07T06:22:35.531547+00:00 < start: 2026-06-07T09:15:10.363Z)
[SKIP-BACKFILL] fellows.joined from agent-82e367d8b2c4 (ts: 2026-06-07T08:37:56.692041+00:00 < start: 2026-06-07T09:15:10.363Z)
[SKIP-BACKFILL] fellows.joined from agent-5643a156f527 (ts: 2026-06-07T08:41:42.292176+00:00 < start: 2026-06-07T09:15:10.363Z)
[ERROR] Stream error: unknown . Reconnecting in 6349ms (attempt 1)...
[CONNECT] attempt=2 last_event_id=tick-4870 next_backoff=6822ms
[OPEN] Stream connected. Listening for events... (pid=12024, last_event_id=tick-4870)
[READY] backfilled 30 events · live tail begins (ts: 2026-06-07T09:47:59.291533+00:00)
[SKIP-BACKFILL] fellows.joined from agent-c834d5e5b078 (ts: 2026-06-07T03:12:13.625417+00:00 < start: 2026-06-07T09:15:10.363Z)
[SKIP-BACKFILL] fellows.joined from agent-2bd812de1b14 (ts: 2026-06-07T03:12:20.666666+00:00 < start: 2026-06-07T09:15:10.363Z)
[SKIP-BACKFILL] fellows.joined from agent-1ce976aacc6a (ts: 2026-06-07T03:19:09.712986+00:00 < start: 2026-06-07T09:15:10.363Z)
[SKIP-BACKFILL] fellows.joined from agent-f12e9cfc1c74 (ts: 2026-06-07T03:20:43.449171+00:00 < start: 2026-06-07T09:15:10.363Z)
[SKIP-BACKFILL] fellows.joined from agent-5836101ce6a0 (ts: 2026-06-07T03:20:48.449908+00:00 < start: 2026-06-07T09:15:10.363Z)
[SKIP-BACKFILL] fellows.joined from agent-b265127eacef (ts: 2026-06-07T03:20:55.504373+00:00 < start: 2026-06-07T09:15:10.363Z)
[SKIP-BACKFILL] fellows.joined from agent-091ddc8fc217 (ts: 2026-06-07T03:28:26.508756+00:00 < start: 2026-06-07T09:15:10.363Z)
[SKIP-BACKFILL] fellows.joined from agent-38bdd62a0d80 (ts: 2026-06-07T03:30:08.785819+00:00 < start: 2026-06-07T09:15:10.363Z)
[SKIP-BACKFILL] fellows.joined from agent-96f3e5280484 (ts: 2026-06-07T03:30:13.714626+00:00 < start: 2026-06-07T09:15:10.363Z)
[SKIP-BACKFILL] fellows.joined from agent-551fb91395c9 (ts: 2026-06-07T03:30:20.892741+00:00 < start: 2026-06-07T09:15:10.363Z)
[SKIP-BACKFILL] fellows.joined from agent-0b9cdcac873f (ts: 2026-06-07T03:37:01.745042+00:00 < start: 2026-06-07T09:15:10.363Z)
[SKIP-BACKFILL] fellows.joined from agent-460f48b359fc (ts: 2026-06-07T03:37:01.993597+00:00 < start: 2026-06-07T09:15:10.363Z)
[SKIP-BACKFILL] fellows.joined from agent-7748d1432bf0 (ts: 2026-06-07T03:37:02.298331+00:00 < start: 2026-06-07T09:15:10.363Z)
[SKIP-BACKFILL] fellows.joined from agent-4f752e22c475 (ts: 2026-06-07T03:38:04.854735+00:00 < start: 2026-06-07T09:15:10.363Z)
[SKIP-BACKFILL] fellows.joined from agent-f69770251904 (ts: 2026-06-07T03:40:31.916639+00:00 < start: 2026-06-07T09:15:10.363Z)
[SKIP-BACKFILL] fellows.joined from agent-0bf8ef15d8be (ts: 2026-06-07T03:40:36.963530+00:00 < start: 2026-06-07T09:15:10.363Z)
[SKIP-BACKFILL] fellows.joined from agent-6f511416da3c (ts: 2026-06-07T03:40:44.005379+00:00 < start: 2026-06-07T09:15:10.363Z)
[SKIP-BACKFILL] fellows.joined from agent-29bbc3e464ca (ts: 2026-06-07T03:45:05.777989+00:00 < start: 2026-06-07T09:15:10.363Z)
[SKIP-BACKFILL] fellows.joined from agent-78d9c02b11ec (ts: 2026-06-07T03:45:47.815905+00:00 < start: 2026-06-07T09:15:10.363Z)
[SKIP-BACKFILL] fellows.joined from agent-cfcf5eb3dff9 (ts: 2026-06-07T03:45:52.853585+00:00 < start: 2026-06-07T09:15:10.363Z)
[SKIP-BACKFILL] fellows.joined from agent-0d3ae6786e9d (ts: 2026-06-07T03:46:00.058316+00:00 < start: 2026-06-07T09:15:10.363Z)
[SKIP-BACKFILL] fellows.joined from agent-5b4e579d93e0 (ts: 2026-06-07T04:07:18.257165+00:00 < start: 2026-06-07T09:15:10.363Z)
[SKIP-BACKFILL] fellows.joined from agent-a79a4d97e78c (ts: 2026-06-07T04:07:57.914185+00:00 < start: 2026-06-07T09:15:10.363Z)
[SKIP-BACKFILL] fellows.joined from agent-ca49e8a935ff (ts: 2026-06-07T04:08:02.924371+00:00 < start: 2026-06-07T09:15:10.363Z)
[SKIP-BACKFILL] fellows.joined from agent-21f4f5e4b290 (ts: 2026-06-07T04:08:09.932471+00:00 < start: 2026-06-07T09:15:10.363Z)
[SKIP-BACKFILL] fellows.joined from agent-a578ab1edc32 (ts: 2026-06-07T06:22:24.341249+00:00 < start: 2026-06-07T09:15:10.363Z)
[SKIP-BACKFILL] fellows.joined from agent-48d8326a335c (ts: 2026-06-07T06:22:28.453733+00:00 < start: 2026-06-07T09:15:10.363Z)
[SKIP-BACKFILL] fellows.joined from agent-3a26459081c0 (ts: 2026-06-07T06:22:35.531547+00:00 < start: 2026-06-07T09:15:10.363Z)
[SKIP-BACKFILL] fellows.joined from agent-82e367d8b2c4 (ts: 2026-06-07T08:37:56.692041+00:00 < start: 2026-06-07T09:15:10.363Z)
[SKIP-BACKFILL] fellows.joined from agent-5643a156f527 (ts: 2026-06-07T08:41:42.292176+00:00 < start: 2026-06-07T09:15:10.363Z)
[ERROR] Stream error: unknown . Reconnecting in 6822ms (attempt 1)...
[CONNECT] attempt=2 last_event_id=tick-4873 next_backoff=6105ms
[OPEN] Stream connected. Listening for events... (pid=12024, last_event_id=tick-4873)
[READY] backfilled 30 events · live tail begins (ts: 2026-06-07T09:49:06.442213+00:00)
[SKIP-BACKFILL] fellows.joined from agent-c834d5e5b078 (ts: 2026-06-07T03:12:13.625417+00:00 < start: 2026-06-07T09:15:10.363Z)
[SKIP-BACKFILL] fellows.joined from agent-2bd812de1b14 (ts: 2026-06-07T03:12:20.666666+00:00 < start: 2026-06-07T09:15:10.363Z)
[SKIP-BACKFILL] fellows.joined from agent-1ce976aacc6a (ts: 2026-06-07T03:19:09.712986+00:00 < start: 2026-06-07T09:15:10.363Z)
[SKIP-BACKFILL] fellows.joined from agent-f12e9cfc1c74 (ts: 2026-06-07T03:20:43.449171+00:00 < start: 2026-06-07T09:15:10.363Z)
[SKIP-BACKFILL] fellows.joined from agent-5836101ce6a0 (ts: 2026-06-07T03:20:48.449908+00:00 < start: 2026-06-07T09:15:10.363Z)
[SKIP-BACKFILL] fellows.joined from agent-b265127eacef (ts: 2026-06-07T03:20:55.504373+00:00 < start: 2026-06-07T09:15:10.363Z)
[SKIP-BACKFILL] fellows.joined from agent-091ddc8fc217 (ts: 2026-06-07T03:28:26.508756+00:00 < start: 2026-06-07T09:15:10.363Z)
[SKIP-BACKFILL] fellows.joined from agent-38bdd62a0d80 (ts: 2026-06-07T03:30:08.785819+00:00 < start: 2026-06-07T09:15:10.363Z)
[SKIP-BACKFILL] fellows.joined from agent-96f3e5280484 (ts: 2026-06-07T03:30:13.714626+00:00 < start: 2026-06-07T09:15:10.363Z)
[SKIP-BACKFILL] fellows.joined from agent-551fb91395c9 (ts: 2026-06-07T03:30:20.892741+00:00 < start: 2026-06-07T09:15:10.363Z)
[SKIP-BACKFILL] fellows.joined from agent-0b9cdcac873f (ts: 2026-06-07T03:37:01.745042+00:00 < start: 2026-06-07T09:15:10.363Z)
[SKIP-BACKFILL] fellows.joined from agent-460f48b359fc (ts: 2026-06-07T03:37:01.993597+00:00 < start: 2026-06-07T09:15:10.363Z)
[SKIP-BACKFILL] fellows.joined from agent-7748d1432bf0 (ts: 2026-06-07T03:37:02.298331+00:00 < start: 2026-06-07T09:15:10.363Z)
[SKIP-BACKFILL] fellows.joined from agent-4f752e22c475 (ts: 2026-06-07T03:38:04.854735+00:00 < start: 2026-06-07T09:15:10.363Z)
[SKIP-BACKFILL] fellows.joined from agent-f69770251904 (ts: 2026-06-07T03:40:31.916639+00:00 < start: 2026-06-07T09:15:10.363Z)
[SKIP-BACKFILL] fellows.joined from agent-0bf8ef15d8be (ts: 2026-06-07T03:40:36.963530+00:00 < start: 2026-06-07T09:15:10.363Z)
[SKIP-BACKFILL] fellows.joined from agent-6f511416da3c (ts: 2026-06-07T03:40:44.005379+00:00 < start: 2026-06-07T09:15:10.363Z)
[SKIP-BACKFILL] fellows.joined from agent-29bbc3e464ca (ts: 2026-06-07T03:45:05.777989+00:00 < start: 2026-06-07T09:15:10.363Z)
[SKIP-BACKFILL] fellows.joined from agent-78d9c02b11ec (ts: 2026-06-07T03:45:47.815905+00:00 < start: 2026-06-07T09:15:10.363Z)
[SKIP-BACKFILL] fellows.joined from agent-cfcf5eb3dff9 (ts: 2026-06-07T03:45:52.853585+00:00 < start: 2026-06-07T09:15:10.363Z)
[SKIP-BACKFILL] fellows.joined from agent-0d3ae6786e9d (ts: 2026-06-07T03:46:00.058316+00:00 < start: 2026-06-07T09:15:10.363Z)
[SKIP-BACKFILL] fellows.joined from agent-5b4e579d93e0 (ts: 2026-06-07T04:07:18.257165+00:00 < start: 2026-06-07T09:15:10.363Z)
[SKIP-BACKFILL] fellows.joined from agent-a79a4d97e78c (ts: 2026-06-07T04:07:57.914185+00:00 < start: 2026-06-07T09:15:10.363Z)
[SKIP-BACKFILL] fellows.joined from agent-ca49e8a935ff (ts: 2026-06-07T04:08:02.924371+00:00 < start: 2026-06-07T09:15:10.363Z)
[SKIP-BACKFILL] fellows.joined from agent-21f4f5e4b290 (ts: 2026-06-07T04:08:09.932471+00:00 < start: 2026-06-07T09:15:10.363Z)
[SKIP-BACKFILL] fellows.joined from agent-a578ab1edc32 (ts: 2026-06-07T06:22:24.341249+00:00 < start: 2026-06-07T09:15:10.363Z)
[SKIP-BACKFILL] fellows.joined from agent-48d8326a335c (ts: 2026-06-07T06:22:28.453733+00:00 < start: 2026-06-07T09:15:10.363Z)
[SKIP-BACKFILL] fellows.joined from agent-3a26459081c0 (ts: 2026-06-07T06:22:35.531547+00:00 < start: 2026-06-07T09:15:10.363Z)
[SKIP-BACKFILL] fellows.joined from agent-82e367d8b2c4 (ts: 2026-06-07T08:37:56.692041+00:00 < start: 2026-06-07T09:15:10.363Z)
[SKIP-BACKFILL] fellows.joined from agent-5643a156f527 (ts: 2026-06-07T08:41:42.292176+00:00 < start: 2026-06-07T09:15:10.363Z)
[ERROR] Stream error: unknown . Reconnecting in 6105ms (attempt 1)...
[CONNECT] attempt=2 last_event_id=tick-4875 next_backoff=6386ms
[OPEN] Stream connected. Listening for events... (pid=12024, last_event_id=tick-4875)
[READY] backfilled 30 events · live tail begins (ts: 2026-06-07T09:50:12.794490+00:00)
[SKIP-BACKFILL] fellows.joined from agent-c834d5e5b078 (ts: 2026-06-07T03:12:13.625417+00:00 < start: 2026-06-07T09:15:10.363Z)
[SKIP-BACKFILL] fellows.joined from agent-2bd812de1b14 (ts: 2026-06-07T03:12:20.666666+00:00 < start: 2026-06-07T09:15:10.363Z)
[SKIP-BACKFILL] fellows.joined from agent-1ce976aacc6a (ts: 2026-06-07T03:19:09.712986+00:00 < start: 2026-06-07T09:15:10.363Z)
[SKIP-BACKFILL] fellows.joined from agent-f12e9cfc1c74 (ts: 2026-06-07T03:20:43.449171+00:00 < start: 2026-06-07T09:15:10.363Z)
[SKIP-BACKFILL] fellows.joined from agent-5836101ce6a0 (ts: 2026-06-07T03:20:48.449908+00:00 < start: 2026-06-07T09:15:10.363Z)
[SKIP-BACKFILL] fellows.joined from agent-b265127eacef (ts: 2026-06-07T03:20:55.504373+00:00 < start: 2026-06-07T09:15:10.363Z)
[SKIP-BACKFILL] fellows.joined from agent-091ddc8fc217 (ts: 2026-06-07T03:28:26.508756+00:00 < start: 2026-06-07T09:15:10.363Z)
[SKIP-BACKFILL] fellows.joined from agent-38bdd62a0d80 (ts: 2026-06-07T03:30:08.785819+00:00 < start: 2026-06-07T09:15:10.363Z)
[SKIP-BACKFILL] fellows.joined from agent-96f3e5280484 (ts: 2026-06-07T03:30:13.714626+00:00 < start: 2026-06-07T09:15:10.363Z)
[SKIP-BACKFILL] fellows.joined from agent-551fb91395c9 (ts: 2026-06-07T03:30:20.892741+00:00 < start: 2026-06-07T09:15:10.363Z)
[SKIP-BACKFILL] fellows.joined from agent-0b9cdcac873f (ts: 2026-06-07T03:37:01.745042+00:00 < start: 2026-06-07T09:15:10.363Z)
[SKIP-BACKFILL] fellows.joined from agent-460f48b359fc (ts: 2026-06-07T03:37:01.993597+00:00 < start: 2026-06-07T09:15:10.363Z)
[SKIP-BACKFILL] fellows.joined from agent-7748d1432bf0 (ts: 2026-06-07T03:37:02.298331+00:00 < start: 2026-06-07T09:15:10.363Z)
[SKIP-BACKFILL] fellows.joined from agent-4f752e22c475 (ts: 2026-06-07T03:38:04.854735+00:00 < start: 2026-06-07T09:15:10.363Z)
[SKIP-BACKFILL] fellows.joined from agent-f69770251904 (ts: 2026-06-07T03:40:31.916639+00:00 < start: 2026-06-07T09:15:10.363Z)
[SKIP-BACKFILL] fellows.joined from agent-0bf8ef15d8be (ts: 2026-06-07T03:40:36.963530+00:00 < start: 2026-06-07T09:15:10.363Z)
[SKIP-BACKFILL] fellows.joined from agent-6f511416da3c (ts: 2026-06-07T03:40:44.005379+00:00 < start: 2026-06-07T09:15:10.363Z)
[SKIP-BACKFILL] fellows.joined from agent-29bbc3e464ca (ts: 2026-06-07T03:45:05.777989+00:00 < start: 2026-06-07T09:15:10.363Z)
[SKIP-BACKFILL] fellows.joined from agent-78d9c02b11ec (ts: 2026-06-07T03:45:47.815905+00:00 < start: 2026-06-07T09:15:10.363Z)
[SKIP-BACKFILL] fellows.joined from agent-cfcf5eb3dff9 (ts: 2026-06-07T03:45:52.853585+00:00 < start: 2026-06-07T09:15:10.363Z)
[SKIP-BACKFILL] fellows.joined from agent-0d3ae6786e9d (ts: 2026-06-07T03:46:00.058316+00:00 < start: 2026-06-07T09:15:10.363Z)
[SKIP-BACKFILL] fellows.joined from agent-5b4e579d93e0 (ts: 2026-06-07T04:07:18.257165+00:00 < start: 2026-06-07T09:15:10.363Z)
[SKIP-BACKFILL] fellows.joined from agent-a79a4d97e78c (ts: 2026-06-07T04:07:57.914185+00:00 < start: 2026-06-07T09:15:10.363Z)
[SKIP-BACKFILL] fellows.joined from agent-ca49e8a935ff (ts: 2026-06-07T04:08:02.924371+00:00 < start: 2026-06-07T09:15:10.363Z)
[SKIP-BACKFILL] fellows.joined from agent-21f4f5e4b290 (ts: 2026-06-07T04:08:09.932471+00:00 < start: 2026-06-07T09:15:10.363Z)
[SKIP-BACKFILL] fellows.joined from agent-a578ab1edc32 (ts: 2026-06-07T06:22:24.341249+00:00 < start: 2026-06-07T09:15:10.363Z)
[SKIP-BACKFILL] fellows.joined from agent-48d8326a335c (ts: 2026-06-07T06:22:28.453733+00:00 < start: 2026-06-07T09:15:10.363Z)
[SKIP-BACKFILL] fellows.joined from agent-3a26459081c0 (ts: 2026-06-07T06:22:35.531547+00:00 < start: 2026-06-07T09:15:10.363Z)
[SKIP-BACKFILL] fellows.joined from agent-82e367d8b2c4 (ts: 2026-06-07T08:37:56.692041+00:00 < start: 2026-06-07T09:15:10.363Z)
[SKIP-BACKFILL] fellows.joined from agent-5643a156f527 (ts: 2026-06-07T08:41:42.292176+00:00 < start: 2026-06-07T09:15:10.363Z)
[ERROR] Stream error: unknown . Reconnecting in 6386ms (attempt 1)...
[CONNECT] attempt=2 last_event_id=tick-4877 next_backoff=6821ms
[OPEN] Stream connected. Listening for events... (pid=12024, last_event_id=tick-4877)
[READY] backfilled 30 events · live tail begins (ts: 2026-06-07T09:51:19.369272+00:00)
[SKIP-BACKFILL] fellows.joined from agent-c834d5e5b078 (ts: 2026-06-07T03:12:13.625417+00:00 < start: 2026-06-07T09:15:10.363Z)
[SKIP-BACKFILL] fellows.joined from agent-2bd812de1b14 (ts: 2026-06-07T03:12:20.666666+00:00 < start: 2026-06-07T09:15:10.363Z)
[SKIP-BACKFILL] fellows.joined from agent-1ce976aacc6a (ts: 2026-06-07T03:19:09.712986+00:00 < start: 2026-06-07T09:15:10.363Z)
[SKIP-BACKFILL] fellows.joined from agent-f12e9cfc1c74 (ts: 2026-06-07T03:20:43.449171+00:00 < start: 2026-06-07T09:15:10.363Z)
[SKIP-BACKFILL] fellows.joined from agent-5836101ce6a0 (ts: 2026-06-07T03:20:48.449908+00:00 < start: 2026-06-07T09:15:10.363Z)
[SKIP-BACKFILL] fellows.joined from agent-b265127eacef (ts: 2026-06-07T03:20:55.504373+00:00 < start: 2026-06-07T09:15:10.363Z)
[SKIP-BACKFILL] fellows.joined from agent-091ddc8fc217 (ts: 2026-06-07T03:28:26.508756+00:00 < start: 2026-06-07T09:15:10.363Z)
[SKIP-BACKFILL] fellows.joined from agent-38bdd62a0d80 (ts: 2026-06-07T03:30:08.785819+00:00 < start: 2026-06-07T09:15:10.363Z)
[SKIP-BACKFILL] fellows.joined from agent-96f3e5280484 (ts: 2026-06-07T03:30:13.714626+00:00 < start: 2026-06-07T09:15:10.363Z)
[SKIP-BACKFILL] fellows.joined from agent-551fb91395c9 (ts: 2026-06-07T03:30:20.892741+00:00 < start: 2026-06-07T09:15:10.363Z)
[SKIP-BACKFILL] fellows.joined from agent-0b9cdcac873f (ts: 2026-06-07T03:37:01.745042+00:00 < start: 2026-06-07T09:15:10.363Z)
[SKIP-BACKFILL] fellows.joined from agent-460f48b359fc (ts: 2026-06-07T03:37:01.993597+00:00 < start: 2026-06-07T09:15:10.363Z)
[SKIP-BACKFILL] fellows.joined from agent-7748d1432bf0 (ts: 2026-06-07T03:37:02.298331+00:00 < start: 2026-06-07T09:15:10.363Z)
[SKIP-BACKFILL] fellows.joined from agent-4f752e22c475 (ts: 2026-06-07T03:38:04.854735+00:00 < start: 2026-06-07T09:15:10.363Z)
[SKIP-BACKFILL] fellows.joined from agent-f69770251904 (ts: 2026-06-07T03:40:31.916639+00:00 < start: 2026-06-07T09:15:10.363Z)
[SKIP-BACKFILL] fellows.joined from agent-0bf8ef15d8be (ts: 2026-06-07T03:40:36.963530+00:00 < start: 2026-06-07T09:15:10.363Z)
[SKIP-BACKFILL] fellows.joined from agent-6f511416da3c (ts: 2026-06-07T03:40:44.005379+00:00 < start: 2026-06-07T09:15:10.363Z)
[SKIP-BACKFILL] fellows.joined from agent-29bbc3e464ca (ts: 2026-06-07T03:45:05.777989+00:00 < start: 2026-06-07T09:15:10.363Z)
[SKIP-BACKFILL] fellows.joined from agent-78d9c02b11ec (ts: 2026-06-07T03:45:47.815905+00:00 < start: 2026-06-07T09:15:10.363Z)
[SKIP-BACKFILL] fellows.joined from agent-cfcf5eb3dff9 (ts: 2026-06-07T03:45:52.853585+00:00 < start: 2026-06-07T09:15:10.363Z)
[SKIP-BACKFILL] fellows.joined from agent-0d3ae6786e9d (ts: 2026-06-07T03:46:00.058316+00:00 < start: 2026-06-07T09:15:10.363Z)
[SKIP-BACKFILL] fellows.joined from agent-5b4e579d93e0 (ts: 2026-06-07T04:07:18.257165+00:00 < start: 2026-06-07T09:15:10.363Z)
[SKIP-BACKFILL] fellows.joined from agent-a79a4d97e78c (ts: 2026-06-07T04:07:57.914185+00:00 < start: 2026-06-07T09:15:10.363Z)
[SKIP-BACKFILL] fellows.joined from agent-ca49e8a935ff (ts: 2026-06-07T04:08:02.924371+00:00 < start: 2026-06-07T09:15:10.363Z)
[SKIP-BACKFILL] fellows.joined from agent-21f4f5e4b290 (ts: 2026-06-07T04:08:09.932471+00:00 < start: 2026-06-07T09:15:10.363Z)
[SKIP-BACKFILL] fellows.joined from agent-a578ab1edc32 (ts: 2026-06-07T06:22:24.341249+00:00 < start: 2026-06-07T09:15:10.363Z)
[SKIP-BACKFILL] fellows.joined from agent-48d8326a335c (ts: 2026-06-07T06:22:28.453733+00:00 < start: 2026-06-07T09:15:10.363Z)
[SKIP-BACKFILL] fellows.joined from agent-3a26459081c0 (ts: 2026-06-07T06:22:35.531547+00:00 < start: 2026-06-07T09:15:10.363Z)
[SKIP-BACKFILL] fellows.joined from agent-82e367d8b2c4 (ts: 2026-06-07T08:37:56.692041+00:00 < start: 2026-06-07T09:15:10.363Z)
[SKIP-BACKFILL] fellows.joined from agent-5643a156f527 (ts: 2026-06-07T08:41:42.292176+00:00 < start: 2026-06-07T09:15:10.363Z)
[ERROR] Stream error: unknown . Reconnecting in 6821ms (attempt 1)...
[CONNECT] attempt=2 last_event_id=tick-4879 next_backoff=6540ms
[OPEN] Stream connected. Listening for events... (pid=12024, last_event_id=tick-4879)
[READY] backfilled 30 events · live tail begins (ts: 2026-06-07T09:52:26.557070+00:00)
[SKIP-BACKFILL] fellows.joined from agent-c834d5e5b078 (ts: 2026-06-07T03:12:13.625417+00:00 < start: 2026-06-07T09:15:10.363Z)
[SKIP-BACKFILL] fellows.joined from agent-2bd812de1b14 (ts: 2026-06-07T03:12:20.666666+00:00 < start: 2026-06-07T09:15:10.363Z)
[SKIP-BACKFILL] fellows.joined from agent-1ce976aacc6a (ts: 2026-06-07T03:19:09.712986+00:00 < start: 2026-06-07T09:15:10.363Z)
[SKIP-BACKFILL] fellows.joined from agent-f12e9cfc1c74 (ts: 2026-06-07T03:20:43.449171+00:00 < start: 2026-06-07T09:15:10.363Z)
[SKIP-BACKFILL] fellows.joined from agent-5836101ce6a0 (ts: 2026-06-07T03:20:48.449908+00:00 < start: 2026-06-07T09:15:10.363Z)
[SKIP-BACKFILL] fellows.joined from agent-b265127eacef (ts: 2026-06-07T03:20:55.504373+00:00 < start: 2026-06-07T09:15:10.363Z)
[SKIP-BACKFILL] fellows.joined from agent-091ddc8fc217 (ts: 2026-06-07T03:28:26.508756+00:00 < start: 2026-06-07T09:15:10.363Z)
[SKIP-BACKFILL] fellows.joined from agent-38bdd62a0d80 (ts: 2026-06-07T03:30:08.785819+00:00 < start: 2026-06-07T09:15:10.363Z)
[SKIP-BACKFILL] fellows.joined from agent-96f3e5280484 (ts: 2026-06-07T03:30:13.714626+00:00 < start: 2026-06-07T09:15:10.363Z)
[SKIP-BACKFILL] fellows.joined from agent-551fb91395c9 (ts: 2026-06-07T03:30:20.892741+00:00 < start: 2026-06-07T09:15:10.363Z)
[SKIP-BACKFILL] fellows.joined from agent-0b9cdcac873f (ts: 2026-06-07T03:37:01.745042+00:00 < start: 2026-06-07T09:15:10.363Z)
[SKIP-BACKFILL] fellows.joined from agent-460f48b359fc (ts: 2026-06-07T03:37:01.993597+00:00 < start: 2026-06-07T09:15:10.363Z)
[SKIP-BACKFILL] fellows.joined from agent-7748d1432bf0 (ts: 2026-06-07T03:37:02.298331+00:00 < start: 2026-06-07T09:15:10.363Z)
[SKIP-BACKFILL] fellows.joined from agent-4f752e22c475 (ts: 2026-06-07T03:38:04.854735+00:00 < start: 2026-06-07T09:15:10.363Z)
[SKIP-BACKFILL] fellows.joined from agent-f69770251904 (ts: 2026-06-07T03:40:31.916639+00:00 < start: 2026-06-07T09:15:10.363Z)
[SKIP-BACKFILL] fellows.joined from agent-0bf8ef15d8be (ts: 2026-06-07T03:40:36.963530+00:00 < start: 2026-06-07T09:15:10.363Z)
[SKIP-BACKFILL] fellows.joined from agent-6f511416da3c (ts: 2026-06-07T03:40:44.005379+00:00 < start: 2026-06-07T09:15:10.363Z)
[SKIP-BACKFILL] fellows.joined from agent-29bbc3e464ca (ts: 2026-06-07T03:45:05.777989+00:00 < start: 2026-06-07T09:15:10.363Z)
[SKIP-BACKFILL] fellows.joined from agent-78d9c02b11ec (ts: 2026-06-07T03:45:47.815905+00:00 < start: 2026-06-07T09:15:10.363Z)
[SKIP-BACKFILL] fellows.joined from agent-cfcf5eb3dff9 (ts: 2026-06-07T03:45:52.853585+00:00 < start: 2026-06-07T09:15:10.363Z)
[SKIP-BACKFILL] fellows.joined from agent-0d3ae6786e9d (ts: 2026-06-07T03:46:00.058316+00:00 < start: 2026-06-07T09:15:10.363Z)
[SKIP-BACKFILL] fellows.joined from agent-5b4e579d93e0 (ts: 2026-06-07T04:07:18.257165+00:00 < start: 2026-06-07T09:15:10.363Z)
[SKIP-BACKFILL] fellows.joined from agent-a79a4d97e78c (ts: 2026-06-07T04:07:57.914185+00:00 < start: 2026-06-07T09:15:10.363Z)
[SKIP-BACKFILL] fellows.joined from agent-ca49e8a935ff (ts: 2026-06-07T04:08:02.924371+00:00 < start: 2026-06-07T09:15:10.363Z)
[SKIP-BACKFILL] fellows.joined from agent-21f4f5e4b290 (ts: 2026-06-07T04:08:09.932471+00:00 < start: 2026-06-07T09:15:10.363Z)
[SKIP-BACKFILL] fellows.joined from agent-a578ab1edc32 (ts: 2026-06-07T06:22:24.341249+00:00 < start: 2026-06-07T09:15:10.363Z)
[SKIP-BACKFILL] fellows.joined from agent-48d8326a335c (ts: 2026-06-07T06:22:28.453733+00:00 < start: 2026-06-07T09:15:10.363Z)
[SKIP-BACKFILL] fellows.joined from agent-3a26459081c0 (ts: 2026-06-07T06:22:35.531547+00:00 < start: 2026-06-07T09:15:10.363Z)
[SKIP-BACKFILL] fellows.joined from agent-82e367d8b2c4 (ts: 2026-06-07T08:37:56.692041+00:00 < start: 2026-06-07T09:15:10.363Z)
[SKIP-BACKFILL] fellows.joined from agent-5643a156f527 (ts: 2026-06-07T08:41:42.292176+00:00 < start: 2026-06-07T09:15:10.363Z)
[ERROR] Stream error: unknown . Reconnecting in 6540ms (attempt 1)...
[CONNECT] attempt=2 last_event_id=tick-4882 next_backoff=6780ms
[OPEN] Stream connected. Listening for events... (pid=12024, last_event_id=tick-4882)
[READY] backfilled 30 events · live tail begins (ts: 2026-06-07T09:53:34.043073+00:00)
[SKIP-BACKFILL] fellows.joined from agent-c834d5e5b078 (ts: 2026-06-07T03:12:13.625417+00:00 < start: 2026-06-07T09:15:10.363Z)
[SKIP-BACKFILL] fellows.joined from agent-2bd812de1b14 (ts: 2026-06-07T03:12:20.666666+00:00 < start: 2026-06-07T09:15:10.363Z)
[SKIP-BACKFILL] fellows.joined from agent-1ce976aacc6a (ts: 2026-06-07T03:19:09.712986+00:00 < start: 2026-06-07T09:15:10.363Z)
[SKIP-BACKFILL] fellows.joined from agent-f12e9cfc1c74 (ts: 2026-06-07T03:20:43.449171+00:00 < start: 2026-06-07T09:15:10.363Z)
[SKIP-BACKFILL] fellows.joined from agent-5836101ce6a0 (ts: 2026-06-07T03:20:48.449908+00:00 < start: 2026-06-07T09:15:10.363Z)
[SKIP-BACKFILL] fellows.joined from agent-b265127eacef (ts: 2026-06-07T03:20:55.504373+00:00 < start: 2026-06-07T09:15:10.363Z)
[SKIP-BACKFILL] fellows.joined from agent-091ddc8fc217 (ts: 2026-06-07T03:28:26.508756+00:00 < start: 2026-06-07T09:15:10.363Z)
[SKIP-BACKFILL] fellows.joined from agent-38bdd62a0d80 (ts: 2026-06-07T03:30:08.785819+00:00 < start: 2026-06-07T09:15:10.363Z)
[SKIP-BACKFILL] fellows.joined from agent-96f3e5280484 (ts: 2026-06-07T03:30:13.714626+00:00 < start: 2026-06-07T09:15:10.363Z)
[SKIP-BACKFILL] fellows.joined from agent-551fb91395c9 (ts: 2026-06-07T03:30:20.892741+00:00 < start: 2026-06-07T09:15:10.363Z)
[SKIP-BACKFILL] fellows.joined from agent-0b9cdcac873f (ts: 2026-06-07T03:37:01.745042+00:00 < start: 2026-06-07T09:15:10.363Z)
[SKIP-BACKFILL] fellows.joined from agent-460f48b359fc (ts: 2026-06-07T03:37:01.993597+00:00 < start: 2026-06-07T09:15:10.363Z)
[SKIP-BACKFILL] fellows.joined from agent-7748d1432bf0 (ts: 2026-06-07T03:37:02.298331+00:00 < start: 2026-06-07T09:15:10.363Z)
[SKIP-BACKFILL] fellows.joined from agent-4f752e22c475 (ts: 2026-06-07T03:38:04.854735+00:00 < start: 2026-06-07T09:15:10.363Z)
[SKIP-BACKFILL] fellows.joined from agent-f69770251904 (ts: 2026-06-07T03:40:31.916639+00:00 < start: 2026-06-07T09:15:10.363Z)
[SKIP-BACKFILL] fellows.joined from agent-0bf8ef15d8be (ts: 2026-06-07T03:40:36.963530+00:00 < start: 2026-06-07T09:15:10.363Z)
[SKIP-BACKFILL] fellows.joined from agent-6f511416da3c (ts: 2026-06-07T03:40:44.005379+00:00 < start: 2026-06-07T09:15:10.363Z)
[SKIP-BACKFILL] fellows.joined from agent-29bbc3e464ca (ts: 2026-06-07T03:45:05.777989+00:00 < start: 2026-06-07T09:15:10.363Z)
[SKIP-BACKFILL] fellows.joined from agent-78d9c02b11ec (ts: 2026-06-07T03:45:47.815905+00:00 < start: 2026-06-07T09:15:10.363Z)
[SKIP-BACKFILL] fellows.joined from agent-cfcf5eb3dff9 (ts: 2026-06-07T03:45:52.853585+00:00 < start: 2026-06-07T09:15:10.363Z)
[SKIP-BACKFILL] fellows.joined from agent-0d3ae6786e9d (ts: 2026-06-07T03:46:00.058316+00:00 < start: 2026-06-07T09:15:10.363Z)
[SKIP-BACKFILL] fellows.joined from agent-5b4e579d93e0 (ts: 2026-06-07T04:07:18.257165+00:00 < start: 2026-06-07T09:15:10.363Z)
[SKIP-BACKFILL] fellows.joined from agent-a79a4d97e78c (ts: 2026-06-07T04:07:57.914185+00:00 < start: 2026-06-07T09:15:10.363Z)
[SKIP-BACKFILL] fellows.joined from agent-ca49e8a935ff (ts: 2026-06-07T04:08:02.924371+00:00 < start: 2026-06-07T09:15:10.363Z)
[SKIP-BACKFILL] fellows.joined from agent-21f4f5e4b290 (ts: 2026-06-07T04:08:09.932471+00:00 < start: 2026-06-07T09:15:10.363Z)
[SKIP-BACKFILL] fellows.joined from agent-a578ab1edc32 (ts: 2026-06-07T06:22:24.341249+00:00 < start: 2026-06-07T09:15:10.363Z)
[SKIP-BACKFILL] fellows.joined from agent-48d8326a335c (ts: 2026-06-07T06:22:28.453733+00:00 < start: 2026-06-07T09:15:10.363Z)
[SKIP-BACKFILL] fellows.joined from agent-3a26459081c0 (ts: 2026-06-07T06:22:35.531547+00:00 < start: 2026-06-07T09:15:10.363Z)
[SKIP-BACKFILL] fellows.joined from agent-82e367d8b2c4 (ts: 2026-06-07T08:37:56.692041+00:00 < start: 2026-06-07T09:15:10.363Z)
[SKIP-BACKFILL] fellows.joined from agent-5643a156f527 (ts: 2026-06-07T08:41:42.292176+00:00 < start: 2026-06-07T09:15:10.363Z)
[ERROR] Stream error: unknown . Reconnecting in 6780ms (attempt 1)...
[CONNECT] attempt=2 last_event_id=tick-4884 next_backoff=6817ms
[OPEN] Stream connected. Listening for events... (pid=12024, last_event_id=tick-4884)
[READY] backfilled 30 events · live tail begins (ts: 2026-06-07T09:54:41.195455+00:00)
[SKIP-BACKFILL] fellows.joined from agent-c834d5e5b078 (ts: 2026-06-07T03:12:13.625417+00:00 < start: 2026-06-07T09:15:10.363Z)
[SKIP-BACKFILL] fellows.joined from agent-2bd812de1b14 (ts: 2026-06-07T03:12:20.666666+00:00 < start: 2026-06-07T09:15:10.363Z)
[SKIP-BACKFILL] fellows.joined from agent-1ce976aacc6a (ts: 2026-06-07T03:19:09.712986+00:00 < start: 2026-06-07T09:15:10.363Z)
[SKIP-BACKFILL] fellows.joined from agent-f12e9cfc1c74 (ts: 2026-06-07T03:20:43.449171+00:00 < start: 2026-06-07T09:15:10.363Z)
[SKIP-BACKFILL] fellows.joined from agent-5836101ce6a0 (ts: 2026-06-07T03:20:48.449908+00:00 < start: 2026-06-07T09:15:10.363Z)
[SKIP-BACKFILL] fellows.joined from agent-b265127eacef (ts: 2026-06-07T03:20:55.504373+00:00 < start: 2026-06-07T09:15:10.363Z)
[SKIP-BACKFILL] fellows.joined from agent-091ddc8fc217 (ts: 2026-06-07T03:28:26.508756+00:00 < start: 2026-06-07T09:15:10.363Z)
[SKIP-BACKFILL] fellows.joined from agent-38bdd62a0d80 (ts: 2026-06-07T03:30:08.785819+00:00 < start: 2026-06-07T09:15:10.363Z)
[SKIP-BACKFILL] fellows.joined from agent-96f3e5280484 (ts: 2026-06-07T03:30:13.714626+00:00 < start: 2026-06-07T09:15:10.363Z)
[SKIP-BACKFILL] fellows.joined from agent-551fb91395c9 (ts: 2026-06-07T03:30:20.892741+00:00 < start: 2026-06-07T09:15:10.363Z)
[SKIP-BACKFILL] fellows.joined from agent-0b9cdcac873f (ts: 2026-06-07T03:37:01.745042+00:00 < start: 2026-06-07T09:15:10.363Z)
[SKIP-BACKFILL] fellows.joined from agent-460f48b359fc (ts: 2026-06-07T03:37:01.993597+00:00 < start: 2026-06-07T09:15:10.363Z)
[SKIP-BACKFILL] fellows.joined from agent-7748d1432bf0 (ts: 2026-06-07T03:37:02.298331+00:00 < start: 2026-06-07T09:15:10.363Z)
[SKIP-BACKFILL] fellows.joined from agent-4f752e22c475 (ts: 2026-06-07T03:38:04.854735+00:00 < start: 2026-06-07T09:15:10.363Z)
[SKIP-BACKFILL] fellows.joined from agent-f69770251904 (ts: 2026-06-07T03:40:31.916639+00:00 < start: 2026-06-07T09:15:10.363Z)
[SKIP-BACKFILL] fellows.joined from agent-0bf8ef15d8be (ts: 2026-06-07T03:40:36.963530+00:00 < start: 2026-06-07T09:15:10.363Z)
[SKIP-BACKFILL] fellows.joined from agent-6f511416da3c (ts: 2026-06-07T03:40:44.005379+00:00 < start: 2026-06-07T09:15:10.363Z)
[SKIP-BACKFILL] fellows.joined from agent-29bbc3e464ca (ts: 2026-06-07T03:45:05.777989+00:00 < start: 2026-06-07T09:15:10.363Z)
[SKIP-BACKFILL] fellows.joined from agent-78d9c02b11ec (ts: 2026-06-07T03:45:47.815905+00:00 < start: 2026-06-07T09:15:10.363Z)
[SKIP-BACKFILL] fellows.joined from agent-cfcf5eb3dff9 (ts: 2026-06-07T03:45:52.853585+00:00 < start: 2026-06-07T09:15:10.363Z)
[SKIP-BACKFILL] fellows.joined from agent-0d3ae6786e9d (ts: 2026-06-07T03:46:00.058316+00:00 < start: 2026-06-07T09:15:10.363Z)
[SKIP-BACKFILL] fellows.joined from agent-5b4e579d93e0 (ts: 2026-06-07T04:07:18.257165+00:00 < start: 2026-06-07T09:15:10.363Z)
[SKIP-BACKFILL] fellows.joined from agent-a79a4d97e78c (ts: 2026-06-07T04:07:57.914185+00:00 < start: 2026-06-07T09:15:10.363Z)
[SKIP-BACKFILL] fellows.joined from agent-ca49e8a935ff (ts: 2026-06-07T04:08:02.924371+00:00 < start: 2026-06-07T09:15:10.363Z)
[SKIP-BACKFILL] fellows.joined from agent-21f4f5e4b290 (ts: 2026-06-07T04:08:09.932471+00:00 < start: 2026-06-07T09:15:10.363Z)
[SKIP-BACKFILL] fellows.joined from agent-a578ab1edc32 (ts: 2026-06-07T06:22:24.341249+00:00 < start: 2026-06-07T09:15:10.363Z)
[SKIP-BACKFILL] fellows.joined from agent-48d8326a335c (ts: 2026-06-07T06:22:28.453733+00:00 < start: 2026-06-07T09:15:10.363Z)
[SKIP-BACKFILL] fellows.joined from agent-3a26459081c0 (ts: 2026-06-07T06:22:35.531547+00:00 < start: 2026-06-07T09:15:10.363Z)
[SKIP-BACKFILL] fellows.joined from agent-82e367d8b2c4 (ts: 2026-06-07T08:37:56.692041+00:00 < start: 2026-06-07T09:15:10.363Z)
[SKIP-BACKFILL] fellows.joined from agent-5643a156f527 (ts: 2026-06-07T08:41:42.292176+00:00 < start: 2026-06-07T09:15:10.363Z)
[ERROR] Stream error: unknown . Reconnecting in 6817ms (attempt 1)...
[CONNECT] attempt=2 last_event_id=tick-4886 next_backoff=6957ms
[OPEN] Stream connected. Listening for events... (pid=12024, last_event_id=tick-4886)
[READY] backfilled 30 events · live tail begins (ts: 2026-06-07T09:55:48.596246+00:00)
[SKIP-BACKFILL] fellows.joined from agent-c834d5e5b078 (ts: 2026-06-07T03:12:13.625417+00:00 < start: 2026-06-07T09:15:10.363Z)
[SKIP-BACKFILL] fellows.joined from agent-2bd812de1b14 (ts: 2026-06-07T03:12:20.666666+00:00 < start: 2026-06-07T09:15:10.363Z)
[SKIP-BACKFILL] fellows.joined from agent-1ce976aacc6a (ts: 2026-06-07T03:19:09.712986+00:00 < start: 2026-06-07T09:15:10.363Z)
[SKIP-BACKFILL] fellows.joined from agent-f12e9cfc1c74 (ts: 2026-06-07T03:20:43.449171+00:00 < start: 2026-06-07T09:15:10.363Z)
[SKIP-BACKFILL] fellows.joined from agent-5836101ce6a0 (ts: 2026-06-07T03:20:48.449908+00:00 < start: 2026-06-07T09:15:10.363Z)
[SKIP-BACKFILL] fellows.joined from agent-b265127eacef (ts: 2026-06-07T03:20:55.504373+00:00 < start: 2026-06-07T09:15:10.363Z)
[SKIP-BACKFILL] fellows.joined from agent-091ddc8fc217 (ts: 2026-06-07T03:28:26.508756+00:00 < start: 2026-06-07T09:15:10.363Z)
[SKIP-BACKFILL] fellows.joined from agent-38bdd62a0d80 (ts: 2026-06-07T03:30:08.785819+00:00 < start: 2026-06-07T09:15:10.363Z)
[SKIP-BACKFILL] fellows.joined from agent-96f3e5280484 (ts: 2026-06-07T03:30:13.714626+00:00 < start: 2026-06-07T09:15:10.363Z)
[SKIP-BACKFILL] fellows.joined from agent-551fb91395c9 (ts: 2026-06-07T03:30:20.892741+00:00 < start: 2026-06-07T09:15:10.363Z)
[SKIP-BACKFILL] fellows.joined from agent-0b9cdcac873f (ts: 2026-06-07T03:37:01.745042+00:00 < start: 2026-06-07T09:15:10.363Z)
[SKIP-BACKFILL] fellows.joined from agent-460f48b359fc (ts: 2026-06-07T03:37:01.993597+00:00 < start: 2026-06-07T09:15:10.363Z)
[SKIP-BACKFILL] fellows.joined from agent-7748d1432bf0 (ts: 2026-06-07T03:37:02.298331+00:00 < start: 2026-06-07T09:15:10.363Z)
[SKIP-BACKFILL] fellows.joined from agent-4f752e22c475 (ts: 2026-06-07T03:38:04.854735+00:00 < start: 2026-06-07T09:15:10.363Z)
[SKIP-BACKFILL] fellows.joined from agent-f69770251904 (ts: 2026-06-07T03:40:31.916639+00:00 < start: 2026-06-07T09:15:10.363Z)
[SKIP-BACKFILL] fellows.joined from agent-0bf8ef15d8be (ts: 2026-06-07T03:40:36.963530+00:00 < start: 2026-06-07T09:15:10.363Z)
[SKIP-BACKFILL] fellows.joined from agent-6f511416da3c (ts: 2026-06-07T03:40:44.005379+00:00 < start: 2026-06-07T09:15:10.363Z)
[SKIP-BACKFILL] fellows.joined from agent-29bbc3e464ca (ts: 2026-06-07T03:45:05.777989+00:00 < start: 2026-06-07T09:15:10.363Z)
[SKIP-BACKFILL] fellows.joined from agent-78d9c02b11ec (ts: 2026-06-07T03:45:47.815905+00:00 < start: 2026-06-07T09:15:10.363Z)
[SKIP-BACKFILL] fellows.joined from agent-cfcf5eb3dff9 (ts: 2026-06-07T03:45:52.853585+00:00 < start: 2026-06-07T09:15:10.363Z)
[SKIP-BACKFILL] fellows.joined from agent-0d3ae6786e9d (ts: 2026-06-07T03:46:00.058316+00:00 < start: 2026-06-07T09:15:10.363Z)
[SKIP-BACKFILL] fellows.joined from agent-5b4e579d93e0 (ts: 2026-06-07T04:07:18.257165+00:00 < start: 2026-06-07T09:15:10.363Z)
[SKIP-BACKFILL] fellows.joined from agent-a79a4d97e78c (ts: 2026-06-07T04:07:57.914185+00:00 < start: 2026-06-07T09:15:10.363Z)
[SKIP-BACKFILL] fellows.joined from agent-ca49e8a935ff (ts: 2026-06-07T04:08:02.924371+00:00 < start: 2026-06-07T09:15:10.363Z)
[SKIP-BACKFILL] fellows.joined from agent-21f4f5e4b290 (ts: 2026-06-07T04:08:09.932471+00:00 < start: 2026-06-07T09:15:10.363Z)
[SKIP-BACKFILL] fellows.joined from agent-a578ab1edc32 (ts: 2026-06-07T06:22:24.341249+00:00 < start: 2026-06-07T09:15:10.363Z)
[SKIP-BACKFILL] fellows.joined from agent-48d8326a335c (ts: 2026-06-07T06:22:28.453733+00:00 < start: 2026-06-07T09:15:10.363Z)
[SKIP-BACKFILL] fellows.joined from agent-3a26459081c0 (ts: 2026-06-07T06:22:35.531547+00:00 < start: 2026-06-07T09:15:10.363Z)
[SKIP-BACKFILL] fellows.joined from agent-82e367d8b2c4 (ts: 2026-06-07T08:37:56.692041+00:00 < start: 2026-06-07T09:15:10.363Z)
[SKIP-BACKFILL] fellows.joined from agent-5643a156f527 (ts: 2026-06-07T08:41:42.292176+00:00 < start: 2026-06-07T09:15:10.363Z)
[ERROR] Stream error: unknown . Reconnecting in 6957ms (attempt 1)...
[CONNECT] attempt=2 last_event_id=tick-4888 next_backoff=6582ms
[OPEN] Stream connected. Listening for events... (pid=12024, last_event_id=tick-4888)
[READY] backfilled 30 events · live tail begins (ts: 2026-06-07T09:56:56.017267+00:00)
[SKIP-BACKFILL] fellows.joined from agent-c834d5e5b078 (ts: 2026-06-07T03:12:13.625417+00:00 < start: 2026-06-07T09:15:10.363Z)
[SKIP-BACKFILL] fellows.joined from agent-2bd812de1b14 (ts: 2026-06-07T03:12:20.666666+00:00 < start: 2026-06-07T09:15:10.363Z)
[SKIP-BACKFILL] fellows.joined from agent-1ce976aacc6a (ts: 2026-06-07T03:19:09.712986+00:00 < start: 2026-06-07T09:15:10.363Z)
[SKIP-BACKFILL] fellows.joined from agent-f12e9cfc1c74 (ts: 2026-06-07T03:20:43.449171+00:00 < start: 2026-06-07T09:15:10.363Z)
[SKIP-BACKFILL] fellows.joined from agent-5836101ce6a0 (ts: 2026-06-07T03:20:48.449908+00:00 < start: 2026-06-07T09:15:10.363Z)
[SKIP-BACKFILL] fellows.joined from agent-b265127eacef (ts: 2026-06-07T03:20:55.504373+00:00 < start: 2026-06-07T09:15:10.363Z)
[SKIP-BACKFILL] fellows.joined from agent-091ddc8fc217 (ts: 2026-06-07T03:28:26.508756+00:00 < start: 2026-06-07T09:15:10.363Z)
[SKIP-BACKFILL] fellows.joined from agent-38bdd62a0d80 (ts: 2026-06-07T03:30:08.785819+00:00 < start: 2026-06-07T09:15:10.363Z)
[SKIP-BACKFILL] fellows.joined from agent-96f3e5280484 (ts: 2026-06-07T03:30:13.714626+00:00 < start: 2026-06-07T09:15:10.363Z)
[SKIP-BACKFILL] fellows.joined from agent-551fb91395c9 (ts: 2026-06-07T03:30:20.892741+00:00 < start: 2026-06-07T09:15:10.363Z)
[SKIP-BACKFILL] fellows.joined from agent-0b9cdcac873f (ts: 2026-06-07T03:37:01.745042+00:00 < start: 2026-06-07T09:15:10.363Z)
[SKIP-BACKFILL] fellows.joined from agent-460f48b359fc (ts: 2026-06-07T03:37:01.993597+00:00 < start: 2026-06-07T09:15:10.363Z)
[SKIP-BACKFILL] fellows.joined from agent-7748d1432bf0 (ts: 2026-06-07T03:37:02.298331+00:00 < start: 2026-06-07T09:15:10.363Z)
[SKIP-BACKFILL] fellows.joined from agent-4f752e22c475 (ts: 2026-06-07T03:38:04.854735+00:00 < start: 2026-06-07T09:15:10.363Z)
[SKIP-BACKFILL] fellows.joined from agent-f69770251904 (ts: 2026-06-07T03:40:31.916639+00:00 < start: 2026-06-07T09:15:10.363Z)
[SKIP-BACKFILL] fellows.joined from agent-0bf8ef15d8be (ts: 2026-06-07T03:40:36.963530+00:00 < start: 2026-06-07T09:15:10.363Z)
[SKIP-BACKFILL] fellows.joined from agent-6f511416da3c (ts: 2026-06-07T03:40:44.005379+00:00 < start: 2026-06-07T09:15:10.363Z)
[SKIP-BACKFILL] fellows.joined from agent-29bbc3e464ca (ts: 2026-06-07T03:45:05.777989+00:00 < start: 2026-06-07T09:15:10.363Z)
[SKIP-BACKFILL] fellows.joined from agent-78d9c02b11ec (ts: 2026-06-07T03:45:47.815905+00:00 < start: 2026-06-07T09:15:10.363Z)
[SKIP-BACKFILL] fellows.joined from agent-cfcf5eb3dff9 (ts: 2026-06-07T03:45:52.853585+00:00 < start: 2026-06-07T09:15:10.363Z)
[SKIP-BACKFILL] fellows.joined from agent-0d3ae6786e9d (ts: 2026-06-07T03:46:00.058316+00:00 < start: 2026-06-07T09:15:10.363Z)
[SKIP-BACKFILL] fellows.joined from agent-5b4e579d93e0 (ts: 2026-06-07T04:07:18.257165+00:00 < start: 2026-06-07T09:15:10.363Z)
[SKIP-BACKFILL] fellows.joined from agent-a79a4d97e78c (ts: 2026-06-07T04:07:57.914185+00:00 < start: 2026-06-07T09:15:10.363Z)
[SKIP-BACKFILL] fellows.joined from agent-ca49e8a935ff (ts: 2026-06-07T04:08:02.924371+00:00 < start: 2026-06-07T09:15:10.363Z)
[SKIP-BACKFILL] fellows.joined from agent-21f4f5e4b290 (ts: 2026-06-07T04:08:09.932471+00:00 < start: 2026-06-07T09:15:10.363Z)
[SKIP-BACKFILL] fellows.joined from agent-a578ab1edc32 (ts: 2026-06-07T06:22:24.341249+00:00 < start: 2026-06-07T09:15:10.363Z)
[SKIP-BACKFILL] fellows.joined from agent-48d8326a335c (ts: 2026-06-07T06:22:28.453733+00:00 < start: 2026-06-07T09:15:10.363Z)
[SKIP-BACKFILL] fellows.joined from agent-3a26459081c0 (ts: 2026-06-07T06:22:35.531547+00:00 < start: 2026-06-07T09:15:10.363Z)
[SKIP-BACKFILL] fellows.joined from agent-82e367d8b2c4 (ts: 2026-06-07T08:37:56.692041+00:00 < start: 2026-06-07T09:15:10.363Z)
[SKIP-BACKFILL] fellows.joined from agent-5643a156f527 (ts: 2026-06-07T08:41:42.292176+00:00 < start: 2026-06-07T09:15:10.363Z)
[ERROR] Stream error: unknown . Reconnecting in 6582ms (attempt 1)...
[CONNECT] attempt=2 last_event_id=tick-4891 next_backoff=6051ms
[OPEN] Stream connected. Listening for events... (pid=12024, last_event_id=tick-4891)
[READY] backfilled 30 events · live tail begins (ts: 2026-06-07T09:58:04.074193+00:00)
[SKIP-BACKFILL] fellows.joined from agent-c834d5e5b078 (ts: 2026-06-07T03:12:13.625417+00:00 < start: 2026-06-07T09:15:10.363Z)
[SKIP-BACKFILL] fellows.joined from agent-2bd812de1b14 (ts: 2026-06-07T03:12:20.666666+00:00 < start: 2026-06-07T09:15:10.363Z)
[SKIP-BACKFILL] fellows.joined from agent-1ce976aacc6a (ts: 2026-06-07T03:19:09.712986+00:00 < start: 2026-06-07T09:15:10.363Z)
[SKIP-BACKFILL] fellows.joined from agent-f12e9cfc1c74 (ts: 2026-06-07T03:20:43.449171+00:00 < start: 2026-06-07T09:15:10.363Z)
[SKIP-BACKFILL] fellows.joined from agent-5836101ce6a0 (ts: 2026-06-07T03:20:48.449908+00:00 < start: 2026-06-07T09:15:10.363Z)
[SKIP-BACKFILL] fellows.joined from agent-b265127eacef (ts: 2026-06-07T03:20:55.504373+00:00 < start: 2026-06-07T09:15:10.363Z)
[SKIP-BACKFILL] fellows.joined from agent-091ddc8fc217 (ts: 2026-06-07T03:28:26.508756+00:00 < start: 2026-06-07T09:15:10.363Z)
[SKIP-BACKFILL] fellows.joined from agent-38bdd62a0d80 (ts: 2026-06-07T03:30:08.785819+00:00 < start: 2026-06-07T09:15:10.363Z)
[SKIP-BACKFILL] fellows.joined from agent-96f3e5280484 (ts: 2026-06-07T03:30:13.714626+00:00 < start: 2026-06-07T09:15:10.363Z)
[SKIP-BACKFILL] fellows.joined from agent-551fb91395c9 (ts: 2026-06-07T03:30:20.892741+00:00 < start: 2026-06-07T09:15:10.363Z)
[SKIP-BACKFILL] fellows.joined from agent-0b9cdcac873f (ts: 2026-06-07T03:37:01.745042+00:00 < start: 2026-06-07T09:15:10.363Z)
[SKIP-BACKFILL] fellows.joined from agent-460f48b359fc (ts: 2026-06-07T03:37:01.993597+00:00 < start: 2026-06-07T09:15:10.363Z)
[SKIP-BACKFILL] fellows.joined from agent-7748d1432bf0 (ts: 2026-06-07T03:37:02.298331+00:00 < start: 2026-06-07T09:15:10.363Z)
[SKIP-BACKFILL] fellows.joined from agent-4f752e22c475 (ts: 2026-06-07T03:38:04.854735+00:00 < start: 2026-06-07T09:15:10.363Z)
[SKIP-BACKFILL] fellows.joined from agent-f69770251904 (ts: 2026-06-07T03:40:31.916639+00:00 < start: 2026-06-07T09:15:10.363Z)
[SKIP-BACKFILL] fellows.joined from agent-0bf8ef15d8be (ts: 2026-06-07T03:40:36.963530+00:00 < start: 2026-06-07T09:15:10.363Z)
[SKIP-BACKFILL] fellows.joined from agent-6f511416da3c (ts: 2026-06-07T03:40:44.005379+00:00 < start: 2026-06-07T09:15:10.363Z)
[SKIP-BACKFILL] fellows.joined from agent-29bbc3e464ca (ts: 2026-06-07T03:45:05.777989+00:00 < start: 2026-06-07T09:15:10.363Z)
[SKIP-BACKFILL] fellows.joined from agent-78d9c02b11ec (ts: 2026-06-07T03:45:47.815905+00:00 < start: 2026-06-07T09:15:10.363Z)
[SKIP-BACKFILL] fellows.joined from agent-cfcf5eb3dff9 (ts: 2026-06-07T03:45:52.853585+00:00 < start: 2026-06-07T09:15:10.363Z)
[SKIP-BACKFILL] fellows.joined from agent-0d3ae6786e9d (ts: 2026-06-07T03:46:00.058316+00:00 < start: 2026-06-07T09:15:10.363Z)
[SKIP-BACKFILL] fellows.joined from agent-5b4e579d93e0 (ts: 2026-06-07T04:07:18.257165+00:00 < start: 2026-06-07T09:15:10.363Z)
[SKIP-BACKFILL] fellows.joined from agent-a79a4d97e78c (ts: 2026-06-07T04:07:57.914185+00:00 < start: 2026-06-07T09:15:10.363Z)
[SKIP-BACKFILL] fellows.joined from agent-ca49e8a935ff (ts: 2026-06-07T04:08:02.924371+00:00 < start: 2026-06-07T09:15:10.363Z)
[SKIP-BACKFILL] fellows.joined from agent-21f4f5e4b290 (ts: 2026-06-07T04:08:09.932471+00:00 < start: 2026-06-07T09:15:10.363Z)
[SKIP-BACKFILL] fellows.joined from agent-a578ab1edc32 (ts: 2026-06-07T06:22:24.341249+00:00 < start: 2026-06-07T09:15:10.363Z)
[SKIP-BACKFILL] fellows.joined from agent-48d8326a335c (ts: 2026-06-07T06:22:28.453733+00:00 < start: 2026-06-07T09:15:10.363Z)
[SKIP-BACKFILL] fellows.joined from agent-3a26459081c0 (ts: 2026-06-07T06:22:35.531547+00:00 < start: 2026-06-07T09:15:10.363Z)
[SKIP-BACKFILL] fellows.joined from agent-82e367d8b2c4 (ts: 2026-06-07T08:37:56.692041+00:00 < start: 2026-06-07T09:15:10.363Z)
[SKIP-BACKFILL] fellows.joined from agent-5643a156f527 (ts: 2026-06-07T08:41:42.292176+00:00 < start: 2026-06-07T09:15:10.363Z)
[ERROR] Stream error: unknown . Reconnecting in 6051ms (attempt 1)...
[CONNECT] attempt=2 last_event_id=tick-4893 next_backoff=6632ms
[OPEN] Stream connected. Listening for events... (pid=12024, last_event_id=tick-4893)
[READY] backfilled 30 events · live tail begins (ts: 2026-06-07T09:59:10.666582+00:00)
[SKIP-BACKFILL] fellows.joined from agent-c834d5e5b078 (ts: 2026-06-07T03:12:13.625417+00:00 < start: 2026-06-07T09:15:10.363Z)
[SKIP-BACKFILL] fellows.joined from agent-2bd812de1b14 (ts: 2026-06-07T03:12:20.666666+00:00 < start: 2026-06-07T09:15:10.363Z)
[SKIP-BACKFILL] fellows.joined from agent-1ce976aacc6a (ts: 2026-06-07T03:19:09.712986+00:00 < start: 2026-06-07T09:15:10.363Z)
[SKIP-BACKFILL] fellows.joined from agent-f12e9cfc1c74 (ts: 2026-06-07T03:20:43.449171+00:00 < start: 2026-06-07T09:15:10.363Z)
[SKIP-BACKFILL] fellows.joined from agent-5836101ce6a0 (ts: 2026-06-07T03:20:48.449908+00:00 < start: 2026-06-07T09:15:10.363Z)
[SKIP-BACKFILL] fellows.joined from agent-b265127eacef (ts: 2026-06-07T03:20:55.504373+00:00 < start: 2026-06-07T09:15:10.363Z)
[SKIP-BACKFILL] fellows.joined from agent-091ddc8fc217 (ts: 2026-06-07T03:28:26.508756+00:00 < start: 2026-06-07T09:15:10.363Z)
[SKIP-BACKFILL] fellows.joined from agent-38bdd62a0d80 (ts: 2026-06-07T03:30:08.785819+00:00 < start: 2026-06-07T09:15:10.363Z)
[SKIP-BACKFILL] fellows.joined from agent-96f3e5280484 (ts: 2026-06-07T03:30:13.714626+00:00 < start: 2026-06-07T09:15:10.363Z)
[SKIP-BACKFILL] fellows.joined from agent-551fb91395c9 (ts: 2026-06-07T03:30:20.892741+00:00 < start: 2026-06-07T09:15:10.363Z)
[SKIP-BACKFILL] fellows.joined from agent-0b9cdcac873f (ts: 2026-06-07T03:37:01.745042+00:00 < start: 2026-06-07T09:15:10.363Z)
[SKIP-BACKFILL] fellows.joined from agent-460f48b359fc (ts: 2026-06-07T03:37:01.993597+00:00 < start: 2026-06-07T09:15:10.363Z)
[SKIP-BACKFILL] fellows.joined from agent-7748d1432bf0 (ts: 2026-06-07T03:37:02.298331+00:00 < start: 2026-06-07T09:15:10.363Z)
[SKIP-BACKFILL] fellows.joined from agent-4f752e22c475 (ts: 2026-06-07T03:38:04.854735+00:00 < start: 2026-06-07T09:15:10.363Z)
[SKIP-BACKFILL] fellows.joined from agent-f69770251904 (ts: 2026-06-07T03:40:31.916639+00:00 < start: 2026-06-07T09:15:10.363Z)
[SKIP-BACKFILL] fellows.joined from agent-0bf8ef15d8be (ts: 2026-06-07T03:40:36.963530+00:00 < start: 2026-06-07T09:15:10.363Z)
[SKIP-BACKFILL] fellows.joined from agent-6f511416da3c (ts: 2026-06-07T03:40:44.005379+00:00 < start: 2026-06-07T09:15:10.363Z)
[SKIP-BACKFILL] fellows.joined from agent-29bbc3e464ca (ts: 2026-06-07T03:45:05.777989+00:00 < start: 2026-06-07T09:15:10.363Z)
[SKIP-BACKFILL] fellows.joined from agent-78d9c02b11ec (ts: 2026-06-07T03:45:47.815905+00:00 < start: 2026-06-07T09:15:10.363Z)
[SKIP-BACKFILL] fellows.joined from agent-cfcf5eb3dff9 (ts: 2026-06-07T03:45:52.853585+00:00 < start: 2026-06-07T09:15:10.363Z)
[SKIP-BACKFILL] fellows.joined from agent-0d3ae6786e9d (ts: 2026-06-07T03:46:00.058316+00:00 < start: 2026-06-07T09:15:10.363Z)
[SKIP-BACKFILL] fellows.joined from agent-5b4e579d93e0 (ts: 2026-06-07T04:07:18.257165+00:00 < start: 2026-06-07T09:15:10.363Z)
[SKIP-BACKFILL] fellows.joined from agent-a79a4d97e78c (ts: 2026-06-07T04:07:57.914185+00:00 < start: 2026-06-07T09:15:10.363Z)
[SKIP-BACKFILL] fellows.joined from agent-ca49e8a935ff (ts: 2026-06-07T04:08:02.924371+00:00 < start: 2026-06-07T09:15:10.363Z)
[SKIP-BACKFILL] fellows.joined from agent-21f4f5e4b290 (ts: 2026-06-07T04:08:09.932471+00:00 < start: 2026-06-07T09:15:10.363Z)
[SKIP-BACKFILL] fellows.joined from agent-a578ab1edc32 (ts: 2026-06-07T06:22:24.341249+00:00 < start: 2026-06-07T09:15:10.363Z)
[SKIP-BACKFILL] fellows.joined from agent-48d8326a335c (ts: 2026-06-07T06:22:28.453733+00:00 < start: 2026-06-07T09:15:10.363Z)
[SKIP-BACKFILL] fellows.joined from agent-3a26459081c0 (ts: 2026-06-07T06:22:35.531547+00:00 < start: 2026-06-07T09:15:10.363Z)
[SKIP-BACKFILL] fellows.joined from agent-82e367d8b2c4 (ts: 2026-06-07T08:37:56.692041+00:00 < start: 2026-06-07T09:15:10.363Z)
[SKIP-BACKFILL] fellows.joined from agent-5643a156f527 (ts: 2026-06-07T08:41:42.292176+00:00 < start: 2026-06-07T09:15:10.363Z)
[ERROR] Stream error: unknown . Reconnecting in 6632ms (attempt 1)...
[CONNECT] attempt=2 last_event_id=tick-4895 next_backoff=6007ms
[OPEN] Stream connected. Listening for events... (pid=12024, last_event_id=tick-4895)
[READY] backfilled 30 events · live tail begins (ts: 2026-06-07T10:00:17.580298+00:00)
[SKIP-BACKFILL] fellows.joined from agent-c834d5e5b078 (ts: 2026-06-07T03:12:13.625417+00:00 < start: 2026-06-07T09:15:10.363Z)
[SKIP-BACKFILL] fellows.joined from agent-2bd812de1b14 (ts: 2026-06-07T03:12:20.666666+00:00 < start: 2026-06-07T09:15:10.363Z)
[SKIP-BACKFILL] fellows.joined from agent-1ce976aacc6a (ts: 2026-06-07T03:19:09.712986+00:00 < start: 2026-06-07T09:15:10.363Z)
[SKIP-BACKFILL] fellows.joined from agent-f12e9cfc1c74 (ts: 2026-06-07T03:20:43.449171+00:00 < start: 2026-06-07T09:15:10.363Z)
[SKIP-BACKFILL] fellows.joined from agent-5836101ce6a0 (ts: 2026-06-07T03:20:48.449908+00:00 < start: 2026-06-07T09:15:10.363Z)
[SKIP-BACKFILL] fellows.joined from agent-b265127eacef (ts: 2026-06-07T03:20:55.504373+00:00 < start: 2026-06-07T09:15:10.363Z)
[SKIP-BACKFILL] fellows.joined from agent-091ddc8fc217 (ts: 2026-06-07T03:28:26.508756+00:00 < start: 2026-06-07T09:15:10.363Z)
[SKIP-BACKFILL] fellows.joined from agent-38bdd62a0d80 (ts: 2026-06-07T03:30:08.785819+00:00 < start: 2026-06-07T09:15:10.363Z)
[SKIP-BACKFILL] fellows.joined from agent-96f3e5280484 (ts: 2026-06-07T03:30:13.714626+00:00 < start: 2026-06-07T09:15:10.363Z)
[SKIP-BACKFILL] fellows.joined from agent-551fb91395c9 (ts: 2026-06-07T03:30:20.892741+00:00 < start: 2026-06-07T09:15:10.363Z)
[SKIP-BACKFILL] fellows.joined from agent-0b9cdcac873f (ts: 2026-06-07T03:37:01.745042+00:00 < start: 2026-06-07T09:15:10.363Z)
[SKIP-BACKFILL] fellows.joined from agent-460f48b359fc (ts: 2026-06-07T03:37:01.993597+00:00 < start: 2026-06-07T09:15:10.363Z)
[SKIP-BACKFILL] fellows.joined from agent-7748d1432bf0 (ts: 2026-06-07T03:37:02.298331+00:00 < start: 2026-06-07T09:15:10.363Z)
[SKIP-BACKFILL] fellows.joined from agent-4f752e22c475 (ts: 2026-06-07T03:38:04.854735+00:00 < start: 2026-06-07T09:15:10.363Z)
[SKIP-BACKFILL] fellows.joined from agent-f69770251904 (ts: 2026-06-07T03:40:31.916639+00:00 < start: 2026-06-07T09:15:10.363Z)
[SKIP-BACKFILL] fellows.joined from agent-0bf8ef15d8be (ts: 2026-06-07T03:40:36.963530+00:00 < start: 2026-06-07T09:15:10.363Z)
[SKIP-BACKFILL] fellows.joined from agent-6f511416da3c (ts: 2026-06-07T03:40:44.005379+00:00 < start: 2026-06-07T09:15:10.363Z)
[SKIP-BACKFILL] fellows.joined from agent-29bbc3e464ca (ts: 2026-06-07T03:45:05.777989+00:00 < start: 2026-06-07T09:15:10.363Z)
[SKIP-BACKFILL] fellows.joined from agent-78d9c02b11ec (ts: 2026-06-07T03:45:47.815905+00:00 < start: 2026-06-07T09:15:10.363Z)
[SKIP-BACKFILL] fellows.joined from agent-cfcf5eb3dff9 (ts: 2026-06-07T03:45:52.853585+00:00 < start: 2026-06-07T09:15:10.363Z)
[SKIP-BACKFILL] fellows.joined from agent-0d3ae6786e9d (ts: 2026-06-07T03:46:00.058316+00:00 < start: 2026-06-07T09:15:10.363Z)
[SKIP-BACKFILL] fellows.joined from agent-5b4e579d93e0 (ts: 2026-06-07T04:07:18.257165+00:00 < start: 2026-06-07T09:15:10.363Z)
[SKIP-BACKFILL] fellows.joined from agent-a79a4d97e78c (ts: 2026-06-07T04:07:57.914185+00:00 < start: 2026-06-07T09:15:10.363Z)
[SKIP-BACKFILL] fellows.joined from agent-ca49e8a935ff (ts: 2026-06-07T04:08:02.924371+00:00 < start: 2026-06-07T09:15:10.363Z)
[SKIP-BACKFILL] fellows.joined from agent-21f4f5e4b290 (ts: 2026-06-07T04:08:09.932471+00:00 < start: 2026-06-07T09:15:10.363Z)
[SKIP-BACKFILL] fellows.joined from agent-a578ab1edc32 (ts: 2026-06-07T06:22:24.341249+00:00 < start: 2026-06-07T09:15:10.363Z)
[SKIP-BACKFILL] fellows.joined from agent-48d8326a335c (ts: 2026-06-07T06:22:28.453733+00:00 < start: 2026-06-07T09:15:10.363Z)
[SKIP-BACKFILL] fellows.joined from agent-3a26459081c0 (ts: 2026-06-07T06:22:35.531547+00:00 < start: 2026-06-07T09:15:10.363Z)
[SKIP-BACKFILL] fellows.joined from agent-82e367d8b2c4 (ts: 2026-06-07T08:37:56.692041+00:00 < start: 2026-06-07T09:15:10.363Z)
[SKIP-BACKFILL] fellows.joined from agent-5643a156f527 (ts: 2026-06-07T08:41:42.292176+00:00 < start: 2026-06-07T09:15:10.363Z)
[ERROR] Stream error: unknown . Reconnecting in 6007ms (attempt 1)...
[CONNECT] attempt=2 last_event_id=tick-4897 next_backoff=6708ms
[OPEN] Stream connected. Listening for events... (pid=12024, last_event_id=tick-4897)
[READY] backfilled 30 events · live tail begins (ts: 2026-06-07T10:01:24.127952+00:00)
[SKIP-BACKFILL] fellows.joined from agent-c834d5e5b078 (ts: 2026-06-07T03:12:13.625417+00:00 < start: 2026-06-07T09:15:10.363Z)
[SKIP-BACKFILL] fellows.joined from agent-2bd812de1b14 (ts: 2026-06-07T03:12:20.666666+00:00 < start: 2026-06-07T09:15:10.363Z)
[SKIP-BACKFILL] fellows.joined from agent-1ce976aacc6a (ts: 2026-06-07T03:19:09.712986+00:00 < start: 2026-06-07T09:15:10.363Z)
[SKIP-BACKFILL] fellows.joined from agent-f12e9cfc1c74 (ts: 2026-06-07T03:20:43.449171+00:00 < start: 2026-06-07T09:15:10.363Z)
[SKIP-BACKFILL] fellows.joined from agent-5836101ce6a0 (ts: 2026-06-07T03:20:48.449908+00:00 < start: 2026-06-07T09:15:10.363Z)
[SKIP-BACKFILL] fellows.joined from agent-b265127eacef (ts: 2026-06-07T03:20:55.504373+00:00 < start: 2026-06-07T09:15:10.363Z)
[SKIP-BACKFILL] fellows.joined from agent-091ddc8fc217 (ts: 2026-06-07T03:28:26.508756+00:00 < start: 2026-06-07T09:15:10.363Z)
[SKIP-BACKFILL] fellows.joined from agent-38bdd62a0d80 (ts: 2026-06-07T03:30:08.785819+00:00 < start: 2026-06-07T09:15:10.363Z)
[SKIP-BACKFILL] fellows.joined from agent-96f3e5280484 (ts: 2026-06-07T03:30:13.714626+00:00 < start: 2026-06-07T09:15:10.363Z)
[SKIP-BACKFILL] fellows.joined from agent-551fb91395c9 (ts: 2026-06-07T03:30:20.892741+00:00 < start: 2026-06-07T09:15:10.363Z)
[SKIP-BACKFILL] fellows.joined from agent-0b9cdcac873f (ts: 2026-06-07T03:37:01.745042+00:00 < start: 2026-06-07T09:15:10.363Z)
[SKIP-BACKFILL] fellows.joined from agent-460f48b359fc (ts: 2026-06-07T03:37:01.993597+00:00 < start: 2026-06-07T09:15:10.363Z)
[SKIP-BACKFILL] fellows.joined from agent-7748d1432bf0 (ts: 2026-06-07T03:37:02.298331+00:00 < start: 2026-06-07T09:15:10.363Z)
[SKIP-BACKFILL] fellows.joined from agent-4f752e22c475 (ts: 2026-06-07T03:38:04.854735+00:00 < start: 2026-06-07T09:15:10.363Z)
[SKIP-BACKFILL] fellows.joined from agent-f69770251904 (ts: 2026-06-07T03:40:31.916639+00:00 < start: 2026-06-07T09:15:10.363Z)
[SKIP-BACKFILL] fellows.joined from agent-0bf8ef15d8be (ts: 2026-06-07T03:40:36.963530+00:00 < start: 2026-06-07T09:15:10.363Z)
[SKIP-BACKFILL] fellows.joined from agent-6f511416da3c (ts: 2026-06-07T03:40:44.005379+00:00 < start: 2026-06-07T09:15:10.363Z)
[SKIP-BACKFILL] fellows.joined from agent-29bbc3e464ca (ts: 2026-06-07T03:45:05.777989+00:00 < start: 2026-06-07T09:15:10.363Z)
[SKIP-BACKFILL] fellows.joined from agent-78d9c02b11ec (ts: 2026-06-07T03:45:47.815905+00:00 < start: 2026-06-07T09:15:10.363Z)
[SKIP-BACKFILL] fellows.joined from agent-cfcf5eb3dff9 (ts: 2026-06-07T03:45:52.853585+00:00 < start: 2026-06-07T09:15:10.363Z)
[SKIP-BACKFILL] fellows.joined from agent-0d3ae6786e9d (ts: 2026-06-07T03:46:00.058316+00:00 < start: 2026-06-07T09:15:10.363Z)
[SKIP-BACKFILL] fellows.joined from agent-5b4e579d93e0 (ts: 2026-06-07T04:07:18.257165+00:00 < start: 2026-06-07T09:15:10.363Z)
[SKIP-BACKFILL] fellows.joined from agent-a79a4d97e78c (ts: 2026-06-07T04:07:57.914185+00:00 < start: 2026-06-07T09:15:10.363Z)
[SKIP-BACKFILL] fellows.joined from agent-ca49e8a935ff (ts: 2026-06-07T04:08:02.924371+00:00 < start: 2026-06-07T09:15:10.363Z)
[SKIP-BACKFILL] fellows.joined from agent-21f4f5e4b290 (ts: 2026-06-07T04:08:09.932471+00:00 < start: 2026-06-07T09:15:10.363Z)
[SKIP-BACKFILL] fellows.joined from agent-a578ab1edc32 (ts: 2026-06-07T06:22:24.341249+00:00 < start: 2026-06-07T09:15:10.363Z)
[SKIP-BACKFILL] fellows.joined from agent-48d8326a335c (ts: 2026-06-07T06:22:28.453733+00:00 < start: 2026-06-07T09:15:10.363Z)
[SKIP-BACKFILL] fellows.joined from agent-3a26459081c0 (ts: 2026-06-07T06:22:35.531547+00:00 < start: 2026-06-07T09:15:10.363Z)
[SKIP-BACKFILL] fellows.joined from agent-82e367d8b2c4 (ts: 2026-06-07T08:37:56.692041+00:00 < start: 2026-06-07T09:15:10.363Z)
[SKIP-BACKFILL] fellows.joined from agent-5643a156f527 (ts: 2026-06-07T08:41:42.292176+00:00 < start: 2026-06-07T09:15:10.363Z)
[ERROR] Stream error: unknown . Reconnecting in 6708ms (attempt 1)...
[CONNECT] attempt=2 last_event_id=tick-4899 next_backoff=6591ms
[OPEN] Stream connected. Listening for events... (pid=12024, last_event_id=tick-4899)
[READY] backfilled 30 events · live tail begins (ts: 2026-06-07T10:02:31.180799+00:00)
[SKIP-BACKFILL] fellows.joined from agent-c834d5e5b078 (ts: 2026-06-07T03:12:13.625417+00:00 < start: 2026-06-07T09:15:10.363Z)
[SKIP-BACKFILL] fellows.joined from agent-2bd812de1b14 (ts: 2026-06-07T03:12:20.666666+00:00 < start: 2026-06-07T09:15:10.363Z)
[SKIP-BACKFILL] fellows.joined from agent-1ce976aacc6a (ts: 2026-06-07T03:19:09.712986+00:00 < start: 2026-06-07T09:15:10.363Z)
[SKIP-BACKFILL] fellows.joined from agent-f12e9cfc1c74 (ts: 2026-06-07T03:20:43.449171+00:00 < start: 2026-06-07T09:15:10.363Z)
[SKIP-BACKFILL] fellows.joined from agent-5836101ce6a0 (ts: 2026-06-07T03:20:48.449908+00:00 < start: 2026-06-07T09:15:10.363Z)
[SKIP-BACKFILL] fellows.joined from agent-b265127eacef (ts: 2026-06-07T03:20:55.504373+00:00 < start: 2026-06-07T09:15:10.363Z)
[SKIP-BACKFILL] fellows.joined from agent-091ddc8fc217 (ts: 2026-06-07T03:28:26.508756+00:00 < start: 2026-06-07T09:15:10.363Z)
[SKIP-BACKFILL] fellows.joined from agent-38bdd62a0d80 (ts: 2026-06-07T03:30:08.785819+00:00 < start: 2026-06-07T09:15:10.363Z)
[SKIP-BACKFILL] fellows.joined from agent-96f3e5280484 (ts: 2026-06-07T03:30:13.714626+00:00 < start: 2026-06-07T09:15:10.363Z)
[SKIP-BACKFILL] fellows.joined from agent-551fb91395c9 (ts: 2026-06-07T03:30:20.892741+00:00 < start: 2026-06-07T09:15:10.363Z)
[SKIP-BACKFILL] fellows.joined from agent-0b9cdcac873f (ts: 2026-06-07T03:37:01.745042+00:00 < start: 2026-06-07T09:15:10.363Z)
[SKIP-BACKFILL] fellows.joined from agent-460f48b359fc (ts: 2026-06-07T03:37:01.993597+00:00 < start: 2026-06-07T09:15:10.363Z)
[SKIP-BACKFILL] fellows.joined from agent-7748d1432bf0 (ts: 2026-06-07T03:37:02.298331+00:00 < start: 2026-06-07T09:15:10.363Z)
[SKIP-BACKFILL] fellows.joined from agent-4f752e22c475 (ts: 2026-06-07T03:38:04.854735+00:00 < start: 2026-06-07T09:15:10.363Z)
[SKIP-BACKFILL] fellows.joined from agent-f69770251904 (ts: 2026-06-07T03:40:31.916639+00:00 < start: 2026-06-07T09:15:10.363Z)
[SKIP-BACKFILL] fellows.joined from agent-0bf8ef15d8be (ts: 2026-06-07T03:40:36.963530+00:00 < start: 2026-06-07T09:15:10.363Z)
[SKIP-BACKFILL] fellows.joined from agent-6f511416da3c (ts: 2026-06-07T03:40:44.005379+00:00 < start: 2026-06-07T09:15:10.363Z)
[SKIP-BACKFILL] fellows.joined from agent-29bbc3e464ca (ts: 2026-06-07T03:45:05.777989+00:00 < start: 2026-06-07T09:15:10.363Z)
[SKIP-BACKFILL] fellows.joined from agent-78d9c02b11ec (ts: 2026-06-07T03:45:47.815905+00:00 < start: 2026-06-07T09:15:10.363Z)
[SKIP-BACKFILL] fellows.joined from agent-cfcf5eb3dff9 (ts: 2026-06-07T03:45:52.853585+00:00 < start: 2026-06-07T09:15:10.363Z)
[SKIP-BACKFILL] fellows.joined from agent-0d3ae6786e9d (ts: 2026-06-07T03:46:00.058316+00:00 < start: 2026-06-07T09:15:10.363Z)
[SKIP-BACKFILL] fellows.joined from agent-5b4e579d93e0 (ts: 2026-06-07T04:07:18.257165+00:00 < start: 2026-06-07T09:15:10.363Z)
[SKIP-BACKFILL] fellows.joined from agent-a79a4d97e78c (ts: 2026-06-07T04:07:57.914185+00:00 < start: 2026-06-07T09:15:10.363Z)
[SKIP-BACKFILL] fellows.joined from agent-ca49e8a935ff (ts: 2026-06-07T04:08:02.924371+00:00 < start: 2026-06-07T09:15:10.363Z)
[SKIP-BACKFILL] fellows.joined from agent-21f4f5e4b290 (ts: 2026-06-07T04:08:09.932471+00:00 < start: 2026-06-07T09:15:10.363Z)
[SKIP-BACKFILL] fellows.joined from agent-a578ab1edc32 (ts: 2026-06-07T06:22:24.341249+00:00 < start: 2026-06-07T09:15:10.363Z)
[SKIP-BACKFILL] fellows.joined from agent-48d8326a335c (ts: 2026-06-07T06:22:28.453733+00:00 < start: 2026-06-07T09:15:10.363Z)
[SKIP-BACKFILL] fellows.joined from agent-3a26459081c0 (ts: 2026-06-07T06:22:35.531547+00:00 < start: 2026-06-07T09:15:10.363Z)
[SKIP-BACKFILL] fellows.joined from agent-82e367d8b2c4 (ts: 2026-06-07T08:37:56.692041+00:00 < start: 2026-06-07T09:15:10.363Z)
[SKIP-BACKFILL] fellows.joined from agent-5643a156f527 (ts: 2026-06-07T08:41:42.292176+00:00 < start: 2026-06-07T09:15:10.363Z)
[ERROR] Stream error: unknown . Reconnecting in 6591ms (attempt 1)...
[CONNECT] attempt=2 last_event_id=tick-4902 next_backoff=6149ms
[OPEN] Stream connected. Listening for events... (pid=12024, last_event_id=tick-4902)
[READY] backfilled 30 events · live tail begins (ts: 2026-06-07T10:03:38.451484+00:00)
[SKIP-BACKFILL] fellows.joined from agent-c834d5e5b078 (ts: 2026-06-07T03:12:13.625417+00:00 < start: 2026-06-07T09:15:10.363Z)
[SKIP-BACKFILL] fellows.joined from agent-2bd812de1b14 (ts: 2026-06-07T03:12:20.666666+00:00 < start: 2026-06-07T09:15:10.363Z)
[SKIP-BACKFILL] fellows.joined from agent-1ce976aacc6a (ts: 2026-06-07T03:19:09.712986+00:00 < start: 2026-06-07T09:15:10.363Z)
[SKIP-BACKFILL] fellows.joined from agent-f12e9cfc1c74 (ts: 2026-06-07T03:20:43.449171+00:00 < start: 2026-06-07T09:15:10.363Z)
[SKIP-BACKFILL] fellows.joined from agent-5836101ce6a0 (ts: 2026-06-07T03:20:48.449908+00:00 < start: 2026-06-07T09:15:10.363Z)
[SKIP-BACKFILL] fellows.joined from agent-b265127eacef (ts: 2026-06-07T03:20:55.504373+00:00 < start: 2026-06-07T09:15:10.363Z)
[SKIP-BACKFILL] fellows.joined from agent-091ddc8fc217 (ts: 2026-06-07T03:28:26.508756+00:00 < start: 2026-06-07T09:15:10.363Z)
[SKIP-BACKFILL] fellows.joined from agent-38bdd62a0d80 (ts: 2026-06-07T03:30:08.785819+00:00 < start: 2026-06-07T09:15:10.363Z)
[SKIP-BACKFILL] fellows.joined from agent-96f3e5280484 (ts: 2026-06-07T03:30:13.714626+00:00 < start: 2026-06-07T09:15:10.363Z)
[SKIP-BACKFILL] fellows.joined from agent-551fb91395c9 (ts: 2026-06-07T03:30:20.892741+00:00 < start: 2026-06-07T09:15:10.363Z)
[SKIP-BACKFILL] fellows.joined from agent-0b9cdcac873f (ts: 2026-06-07T03:37:01.745042+00:00 < start: 2026-06-07T09:15:10.363Z)
[SKIP-BACKFILL] fellows.joined from agent-460f48b359fc (ts: 2026-06-07T03:37:01.993597+00:00 < start: 2026-06-07T09:15:10.363Z)
[SKIP-BACKFILL] fellows.joined from agent-7748d1432bf0 (ts: 2026-06-07T03:37:02.298331+00:00 < start: 2026-06-07T09:15:10.363Z)
[SKIP-BACKFILL] fellows.joined from agent-4f752e22c475 (ts: 2026-06-07T03:38:04.854735+00:00 < start: 2026-06-07T09:15:10.363Z)
[SKIP-BACKFILL] fellows.joined from agent-f69770251904 (ts: 2026-06-07T03:40:31.916639+00:00 < start: 2026-06-07T09:15:10.363Z)
[SKIP-BACKFILL] fellows.joined from agent-0bf8ef15d8be (ts: 2026-06-07T03:40:36.963530+00:00 < start: 2026-06-07T09:15:10.363Z)
[SKIP-BACKFILL] fellows.joined from agent-6f511416da3c (ts: 2026-06-07T03:40:44.005379+00:00 < start: 2026-06-07T09:15:10.363Z)
[SKIP-BACKFILL] fellows.joined from agent-29bbc3e464ca (ts: 2026-06-07T03:45:05.777989+00:00 < start: 2026-06-07T09:15:10.363Z)
[SKIP-BACKFILL] fellows.joined from agent-78d9c02b11ec (ts: 2026-06-07T03:45:47.815905+00:00 < start: 2026-06-07T09:15:10.363Z)
[SKIP-BACKFILL] fellows.joined from agent-cfcf5eb3dff9 (ts: 2026-06-07T03:45:52.853585+00:00 < start: 2026-06-07T09:15:10.363Z)
[SKIP-BACKFILL] fellows.joined from agent-0d3ae6786e9d (ts: 2026-06-07T03:46:00.058316+00:00 < start: 2026-06-07T09:15:10.363Z)
[SKIP-BACKFILL] fellows.joined from agent-5b4e579d93e0 (ts: 2026-06-07T04:07:18.257165+00:00 < start: 2026-06-07T09:15:10.363Z)
[SKIP-BACKFILL] fellows.joined from agent-a79a4d97e78c (ts: 2026-06-07T04:07:57.914185+00:00 < start: 2026-06-07T09:15:10.363Z)
[SKIP-BACKFILL] fellows.joined from agent-ca49e8a935ff (ts: 2026-06-07T04:08:02.924371+00:00 < start: 2026-06-07T09:15:10.363Z)
[SKIP-BACKFILL] fellows.joined from agent-21f4f5e4b290 (ts: 2026-06-07T04:08:09.932471+00:00 < start: 2026-06-07T09:15:10.363Z)
[SKIP-BACKFILL] fellows.joined from agent-a578ab1edc32 (ts: 2026-06-07T06:22:24.341249+00:00 < start: 2026-06-07T09:15:10.363Z)
[SKIP-BACKFILL] fellows.joined from agent-48d8326a335c (ts: 2026-06-07T06:22:28.453733+00:00 < start: 2026-06-07T09:15:10.363Z)
[SKIP-BACKFILL] fellows.joined from agent-3a26459081c0 (ts: 2026-06-07T06:22:35.531547+00:00 < start: 2026-06-07T09:15:10.363Z)
[SKIP-BACKFILL] fellows.joined from agent-82e367d8b2c4 (ts: 2026-06-07T08:37:56.692041+00:00 < start: 2026-06-07T09:15:10.363Z)
[SKIP-BACKFILL] fellows.joined from agent-5643a156f527 (ts: 2026-06-07T08:41:42.292176+00:00 < start: 2026-06-07T09:15:10.363Z)
[ERROR] Stream error: unknown . Reconnecting in 6149ms (attempt 1)...
[CONNECT] attempt=2 last_event_id=tick-4904 next_backoff=6353ms
[OPEN] Stream connected. Listening for events... (pid=12024, last_event_id=tick-4904)
[READY] backfilled 30 events · live tail begins (ts: 2026-06-07T10:04:46.069121+00:00)
[SKIP-BACKFILL] fellows.joined from agent-c834d5e5b078 (ts: 2026-06-07T03:12:13.625417+00:00 < start: 2026-06-07T09:15:10.363Z)
[SKIP-BACKFILL] fellows.joined from agent-2bd812de1b14 (ts: 2026-06-07T03:12:20.666666+00:00 < start: 2026-06-07T09:15:10.363Z)
[SKIP-BACKFILL] fellows.joined from agent-1ce976aacc6a (ts: 2026-06-07T03:19:09.712986+00:00 < start: 2026-06-07T09:15:10.363Z)
[SKIP-BACKFILL] fellows.joined from agent-f12e9cfc1c74 (ts: 2026-06-07T03:20:43.449171+00:00 < start: 2026-06-07T09:15:10.363Z)
[SKIP-BACKFILL] fellows.joined from agent-5836101ce6a0 (ts: 2026-06-07T03:20:48.449908+00:00 < start: 2026-06-07T09:15:10.363Z)
[SKIP-BACKFILL] fellows.joined from agent-b265127eacef (ts: 2026-06-07T03:20:55.504373+00:00 < start: 2026-06-07T09:15:10.363Z)
[SKIP-BACKFILL] fellows.joined from agent-091ddc8fc217 (ts: 2026-06-07T03:28:26.508756+00:00 < start: 2026-06-07T09:15:10.363Z)
[SKIP-BACKFILL] fellows.joined from agent-38bdd62a0d80 (ts: 2026-06-07T03:30:08.785819+00:00 < start: 2026-06-07T09:15:10.363Z)
[SKIP-BACKFILL] fellows.joined from agent-96f3e5280484 (ts: 2026-06-07T03:30:13.714626+00:00 < start: 2026-06-07T09:15:10.363Z)
[SKIP-BACKFILL] fellows.joined from agent-551fb91395c9 (ts: 2026-06-07T03:30:20.892741+00:00 < start: 2026-06-07T09:15:10.363Z)
[SKIP-BACKFILL] fellows.joined from agent-0b9cdcac873f (ts: 2026-06-07T03:37:01.745042+00:00 < start: 2026-06-07T09:15:10.363Z)
[SKIP-BACKFILL] fellows.joined from agent-460f48b359fc (ts: 2026-06-07T03:37:01.993597+00:00 < start: 2026-06-07T09:15:10.363Z)
[SKIP-BACKFILL] fellows.joined from agent-7748d1432bf0 (ts: 2026-06-07T03:37:02.298331+00:00 < start: 2026-06-07T09:15:10.363Z)
[SKIP-BACKFILL] fellows.joined from agent-4f752e22c475 (ts: 2026-06-07T03:38:04.854735+00:00 < start: 2026-06-07T09:15:10.363Z)
[SKIP-BACKFILL] fellows.joined from agent-f69770251904 (ts: 2026-06-07T03:40:31.916639+00:00 < start: 2026-06-07T09:15:10.363Z)
[SKIP-BACKFILL] fellows.joined from agent-0bf8ef15d8be (ts: 2026-06-07T03:40:36.963530+00:00 < start: 2026-06-07T09:15:10.363Z)
[SKIP-BACKFILL] fellows.joined from agent-6f511416da3c (ts: 2026-06-07T03:40:44.005379+00:00 < start: 2026-06-07T09:15:10.363Z)
[SKIP-BACKFILL] fellows.joined from agent-29bbc3e464ca (ts: 2026-06-07T03:45:05.777989+00:00 < start: 2026-06-07T09:15:10.363Z)
[SKIP-BACKFILL] fellows.joined from agent-78d9c02b11ec (ts: 2026-06-07T03:45:47.815905+00:00 < start: 2026-06-07T09:15:10.363Z)
[SKIP-BACKFILL] fellows.joined from agent-cfcf5eb3dff9 (ts: 2026-06-07T03:45:52.853585+00:00 < start: 2026-06-07T09:15:10.363Z)
[SKIP-BACKFILL] fellows.joined from agent-0d3ae6786e9d (ts: 2026-06-07T03:46:00.058316+00:00 < start: 2026-06-07T09:15:10.363Z)
[SKIP-BACKFILL] fellows.joined from agent-5b4e579d93e0 (ts: 2026-06-07T04:07:18.257165+00:00 < start: 2026-06-07T09:15:10.363Z)
[SKIP-BACKFILL] fellows.joined from agent-a79a4d97e78c (ts: 2026-06-07T04:07:57.914185+00:00 < start: 2026-06-07T09:15:10.363Z)
[SKIP-BACKFILL] fellows.joined from agent-ca49e8a935ff (ts: 2026-06-07T04:08:02.924371+00:00 < start: 2026-06-07T09:15:10.363Z)
[SKIP-BACKFILL] fellows.joined from agent-21f4f5e4b290 (ts: 2026-06-07T04:08:09.932471+00:00 < start: 2026-06-07T09:15:10.363Z)
[SKIP-BACKFILL] fellows.joined from agent-a578ab1edc32 (ts: 2026-06-07T06:22:24.341249+00:00 < start: 2026-06-07T09:15:10.363Z)
[SKIP-BACKFILL] fellows.joined from agent-48d8326a335c (ts: 2026-06-07T06:22:28.453733+00:00 < start: 2026-06-07T09:15:10.363Z)
[SKIP-BACKFILL] fellows.joined from agent-3a26459081c0 (ts: 2026-06-07T06:22:35.531547+00:00 < start: 2026-06-07T09:15:10.363Z)
[SKIP-BACKFILL] fellows.joined from agent-82e367d8b2c4 (ts: 2026-06-07T08:37:56.692041+00:00 < start: 2026-06-07T09:15:10.363Z)
[SKIP-BACKFILL] fellows.joined from agent-5643a156f527 (ts: 2026-06-07T08:41:42.292176+00:00 < start: 2026-06-07T09:15:10.363Z)
[ERROR] Stream error: unknown . Reconnecting in 6353ms (attempt 1)...
[CONNECT] attempt=2 last_event_id=tick-4906 next_backoff=6100ms
[ERROR] Stream error: Non-200 status code (502) . Reconnecting in 6100ms (attempt 2)...
[CONNECT] attempt=3 last_event_id=tick-4906 next_backoff=12837ms
[ERROR] Stream error: Non-200 status code (502) . Reconnecting in 12837ms (attempt 3)...
[CONNECT] attempt=4 last_event_id=tick-4906 next_backoff=24063ms
[ERROR] Stream error: Non-200 status code (404) . Reconnecting in 24063ms (attempt 4)...
[CONNECT] attempt=5 last_event_id=tick-4906 next_backoff=48387ms
[ERROR] Stream error: Non-200 status code (404) . Reconnecting in 48387ms (attempt 5)...
[CONNECT] attempt=6 last_event_id=tick-4906 next_backoff=60705ms
[ERROR] Stream error: Non-200 status code (404) . Reconnecting in 60705ms (attempt 6)...
[CONNECT] attempt=7 last_event_id=tick-4906 next_backoff=60834ms
[ERROR] Stream error: Non-200 status code (404) . Reconnecting in 60834ms (attempt 7)...
[CONNECT] attempt=8 last_event_id=tick-4906 next_backoff=60283ms
[ERROR] Stream error: Non-200 status code (404) . Reconnecting in 60283ms (attempt 8)...
[CONNECT] attempt=9 last_event_id=tick-4906 next_backoff=60586ms
[ERROR] Stream error: Non-200 status code (404) . Reconnecting in 60586ms (attempt 9)...
[CONNECT] attempt=10 last_event_id=tick-4906 next_backoff=60367ms
[ERROR] Stream error: Non-200 status code (404) . Reconnecting in 60367ms (attempt 10)...
[CONNECT] attempt=11 last_event_id=tick-4906 next_backoff=60292ms
[ERROR] Stream error: Non-200 status code (404) . Reconnecting in 60292ms (attempt 11)...
[CONNECT] attempt=12 last_event_id=tick-4906 next_backoff=60498ms
[ERROR] Stream error: Non-200 status code (404) . Reconnecting in 60498ms (attempt 12)...
[CONNECT] attempt=13 last_event_id=tick-4906 next_backoff=60949ms
[ERROR] Stream error: Non-200 status code (404) . Reconnecting in 60949ms (attempt 13)...
[CONNECT] attempt=14 last_event_id=tick-4906 next_backoff=60326ms
[ERROR] Stream error: Non-200 status code (404) . Reconnecting in 60326ms (attempt 14)...
[CONNECT] attempt=15 last_event_id=tick-4906 next_backoff=60510ms
[ERROR] Stream error: Non-200 status code (404) . Reconnecting in 60510ms (attempt 15)...
[CONNECT] attempt=16 last_event_id=tick-4906 next_backoff=60535ms
[ERROR] Stream error: Non-200 status code (404) . Reconnecting in 60535ms (attempt 16)...
[CONNECT] attempt=17 last_event_id=tick-4906 next_backoff=60616ms
[ERROR] Stream error: Non-200 status code (404) . Reconnecting in 60616ms (attempt 17)...
[CONNECT] attempt=18 last_event_id=tick-4906 next_backoff=60610ms
[ERROR] Stream error: Non-200 status code (404) . Reconnecting in 60610ms (attempt 18)...
[CONNECT] attempt=19 last_event_id=tick-4906 next_backoff=60680ms
[ERROR] Stream error: Non-200 status code (404) . Reconnecting in 60680ms (attempt 19)...
[CONNECT] attempt=20 last_event_id=tick-4906 next_backoff=60176ms
[ERROR] Stream error: Non-200 status code (404) . Reconnecting in 60176ms (attempt 20)...
[CONNECT] attempt=21 last_event_id=tick-4906 next_backoff=60748ms
[ERROR] Stream error: Non-200 status code (404) . Reconnecting in 60748ms (attempt 21)...
[CONNECT] attempt=22 last_event_id=tick-4906 next_backoff=60055ms
[ERROR] Stream error: Non-200 status code (404) . Reconnecting in 60055ms (attempt 22)...
[CONNECT] attempt=23 last_event_id=tick-4906 next_backoff=60686ms
[ERROR] Stream error: Non-200 status code (404) . Reconnecting in 60686ms (attempt 23)...
[CONNECT] attempt=24 last_event_id=tick-4906 next_backoff=60809ms
[ERROR] Stream error: Non-200 status code (404) . Reconnecting in 60809ms (attempt 24)...
[CONNECT] attempt=25 last_event_id=tick-4906 next_backoff=60871ms
[ERROR] Stream error: Non-200 status code (404) . Reconnecting in 60871ms (attempt 25)...
[CONNECT] attempt=26 last_event_id=tick-4906 next_backoff=60305ms
[ERROR] Stream error: Non-200 status code (404) . Reconnecting in 60305ms (attempt 26)...
[CONNECT] attempt=27 last_event_id=tick-4906 next_backoff=60059ms
[ERROR] Stream error: Non-200 status code (404) . Reconnecting in 60059ms (attempt 27)...
[CONNECT] attempt=28 last_event_id=tick-4906 next_backoff=60277ms
[ERROR] Stream error: Non-200 status code (404) . Reconnecting in 60277ms (attempt 28)...
[CONNECT] attempt=29 last_event_id=tick-4906 next_backoff=60334ms
[ERROR] Stream error: Non-200 status code (404) . Reconnecting in 60334ms (attempt 29)...
[CONNECT] attempt=30 last_event_id=tick-4906 next_backoff=60815ms
[ERROR] Stream error: Non-200 status code (404) . Reconnecting in 60815ms (attempt 30)...
[CONNECT] attempt=31 last_event_id=tick-4906 next_backoff=60804ms
[ERROR] Stream error: Non-200 status code (404) . Reconnecting in 60804ms (attempt 31)...
[CONNECT] attempt=32 last_event_id=tick-4906 next_backoff=60727ms
[ERROR] Stream error: Non-200 status code (404) . Reconnecting in 60727ms (attempt 32)...
[CONNECT] attempt=33 last_event_id=tick-4906 next_backoff=60346ms
[ERROR] Stream error: Non-200 status code (404) . Reconnecting in 60346ms (attempt 33)...
[CONNECT] attempt=34 last_event_id=tick-4906 next_backoff=60148ms
[ERROR] Stream error: Non-200 status code (404) . Reconnecting in 60148ms (attempt 34)...
[CONNECT] attempt=35 last_event_id=tick-4906 next_backoff=60619ms
[ERROR] Stream error: Non-200 status code (404) . Reconnecting in 60619ms (attempt 35)...
[CONNECT] attempt=36 last_event_id=tick-4906 next_backoff=60371ms
[ERROR] Stream error: Non-200 status code (404) . Reconnecting in 60371ms (attempt 36)...
[CONNECT] attempt=37 last_event_id=tick-4906 next_backoff=60970ms
[ERROR] Stream error: Non-200 status code (404) . Reconnecting in 60970ms (attempt 37)...
[CONNECT] attempt=38 last_event_id=tick-4906 next_backoff=60115ms
[ERROR] Stream error: Non-200 status code (404) . Reconnecting in 60115ms (attempt 38)...
[CONNECT] attempt=39 last_event_id=tick-4906 next_backoff=60365ms
[ERROR] Stream error: Non-200 status code (404) . Reconnecting in 60365ms (attempt 39)...
[CONNECT] attempt=40 last_event_id=tick-4906 next_backoff=60920ms
[ERROR] Stream error: Non-200 status code (404) . Reconnecting in 60920ms (attempt 40)...
[CONNECT] attempt=41 last_event_id=tick-4906 next_backoff=60422ms
[ERROR] Stream error: Non-200 status code (404) . Reconnecting in 60422ms (attempt 41)...
[CONNECT] attempt=42 last_event_id=tick-4906 next_backoff=60939ms
[ERROR] Stream error: Non-200 status code (404) . Reconnecting in 60939ms (attempt 42)...
[CONNECT] attempt=43 last_event_id=tick-4906 next_backoff=60498ms
[ERROR] Stream error: Non-200 status code (404) . Reconnecting in 60498ms (attempt 43)...
[CONNECT] attempt=44 last_event_id=tick-4906 next_backoff=60278ms
[ERROR] Stream error: Non-200 status code (404) . Reconnecting in 60278ms (attempt 44)...
[CONNECT] attempt=45 last_event_id=tick-4906 next_backoff=60526ms
[ERROR] Stream error: Non-200 status code (404) . Reconnecting in 60526ms (attempt 45)...
[CONNECT] attempt=46 last_event_id=tick-4906 next_backoff=60018ms
[ERROR] Stream error: Non-200 status code (404) . Reconnecting in 60018ms (attempt 46)...
[CONNECT] attempt=47 last_event_id=tick-4906 next_backoff=60067ms
[ERROR] Stream error: Non-200 status code (404) . Reconnecting in 60067ms (attempt 47)...
[CONNECT] attempt=48 last_event_id=tick-4906 next_backoff=60650ms
[ERROR] Stream error: Non-200 status code (404) . Reconnecting in 60650ms (attempt 48)...
[CONNECT] attempt=49 last_event_id=tick-4906 next_backoff=60145ms
[ERROR] Stream error: Non-200 status code (404) . Reconnecting in 60145ms (attempt 49)...
[CONNECT] attempt=50 last_event_id=tick-4906 next_backoff=60063ms
[ERROR] Stream error: Non-200 status code (404) . Reconnecting in 60063ms (attempt 50)...
[CONNECT] attempt=51 last_event_id=tick-4906 next_backoff=60525ms
[ERROR] Stream error: Non-200 status code (404) . Reconnecting in 60525ms (attempt 51)...
[CONNECT] attempt=52 last_event_id=tick-4906 next_backoff=60132ms
[ERROR] Stream error: Non-200 status code (404) . Reconnecting in 60132ms (attempt 52)...
[CONNECT] attempt=53 last_event_id=tick-4906 next_backoff=60131ms
[ERROR] Stream error: Non-200 status code (404) . Reconnecting in 60131ms (attempt 53)...
[CONNECT] attempt=54 last_event_id=tick-4906 next_backoff=60097ms
[ERROR] Stream error: Non-200 status code (404) . Reconnecting in 60097ms (attempt 54)...
[CONNECT] attempt=55 last_event_id=tick-4906 next_backoff=60234ms
[ERROR] Stream error: Non-200 status code (404) . Reconnecting in 60234ms (attempt 55)...
[CONNECT] attempt=56 last_event_id=tick-4906 next_backoff=60042ms
[ERROR] Stream error: Non-200 status code (404) . Reconnecting in 60042ms (attempt 56)...
[CONNECT] attempt=57 last_event_id=tick-4906 next_backoff=60228ms
[ERROR] Stream error: Non-200 status code (404) . Reconnecting in 60228ms (attempt 57)...
[CONNECT] attempt=58 last_event_id=tick-4906 next_backoff=60976ms
[ERROR] Stream error: Non-200 status code (404) . Reconnecting in 60976ms (attempt 58)...
[CONNECT] attempt=59 last_event_id=tick-4906 next_backoff=60182ms
[ERROR] Stream error: Non-200 status code (404) . Reconnecting in 60182ms (attempt 59)...
[CONNECT] attempt=60 last_event_id=tick-4906 next_backoff=60111ms
[ERROR] Stream error: Non-200 status code (404) . Reconnecting in 60111ms (attempt 60)...
[CONNECT] attempt=61 last_event_id=tick-4906 next_backoff=60820ms
[ERROR] Stream error: Non-200 status code (404) . Reconnecting in 60820ms (attempt 61)...
[CONNECT] attempt=62 last_event_id=tick-4906 next_backoff=60119ms
[ERROR] Stream error: Non-200 status code (404) . Reconnecting in 60119ms (attempt 62)...
[CONNECT] attempt=63 last_event_id=tick-4906 next_backoff=60778ms
[ERROR] Stream error: Non-200 status code (404) . Reconnecting in 60778ms (attempt 63)...
[CONNECT] attempt=64 last_event_id=tick-4906 next_backoff=60155ms
[ERROR] Stream error: Non-200 status code (404) . Reconnecting in 60155ms (attempt 64)...
[CONNECT] attempt=65 last_event_id=tick-4906 next_backoff=60207ms
[ERROR] Stream error: Non-200 status code (404) . Reconnecting in 60207ms (attempt 65)...
[CONNECT] attempt=66 last_event_id=tick-4906 next_backoff=60777ms
[ERROR] Stream error: Non-200 status code (404) . Reconnecting in 60777ms (attempt 66)...
[CONNECT] attempt=67 last_event_id=tick-4906 next_backoff=60760ms
[ERROR] Stream error: Non-200 status code (404) . Reconnecting in 60760ms (attempt 67)...
[CONNECT] attempt=68 last_event_id=tick-4906 next_backoff=60911ms
[ERROR] Stream error: Non-200 status code (404) . Reconnecting in 60911ms (attempt 68)...
[CONNECT] attempt=69 last_event_id=tick-4906 next_backoff=60057ms
[ERROR] Stream error: Non-200 status code (404) . Reconnecting in 60057ms (attempt 69)...
[CONNECT] attempt=70 last_event_id=tick-4906 next_backoff=60273ms
[ERROR] Stream error: Non-200 status code (404) . Reconnecting in 60273ms (attempt 70)...
[CONNECT] attempt=71 last_event_id=tick-4906 next_backoff=60135ms
[ERROR] Stream error: Non-200 status code (404) . Reconnecting in 60135ms (attempt 71)...
[CONNECT] attempt=72 last_event_id=tick-4906 next_backoff=60500ms
[ERROR] Stream error: Non-200 status code (404) . Reconnecting in 60500ms (attempt 72)...
[CONNECT] attempt=73 last_event_id=tick-4906 next_backoff=60024ms
[ERROR] Stream error: Non-200 status code (404) . Reconnecting in 60024ms (attempt 73)...
[CONNECT] attempt=74 last_event_id=tick-4906 next_backoff=60638ms
[ERROR] Stream error: Non-200 status code (404) . Reconnecting in 60638ms (attempt 74)...
[CONNECT] attempt=75 last_event_id=tick-4906 next_backoff=60797ms
[ERROR] Stream error: Non-200 status code (404) . Reconnecting in 60797ms (attempt 75)...
[CONNECT] attempt=76 last_event_id=tick-4906 next_backoff=60901ms
[ERROR] Stream error: Non-200 status code (404) . Reconnecting in 60901ms (attempt 76)...
[CONNECT] attempt=77 last_event_id=tick-4906 next_backoff=60277ms
[ERROR] Stream error: Non-200 status code (404) . Reconnecting in 60277ms (attempt 77)...
[CONNECT] attempt=78 last_event_id=tick-4906 next_backoff=60775ms
[ERROR] Stream error: Non-200 status code (404) . Reconnecting in 60775ms (attempt 78)...
[CONNECT] attempt=79 last_event_id=tick-4906 next_backoff=60508ms
[ERROR] Stream error: Non-200 status code (404) . Reconnecting in 60508ms (attempt 79)...
[CONNECT] attempt=80 last_event_id=tick-4906 next_backoff=60627ms
[ERROR] Stream error: Non-200 status code (404) . Reconnecting in 60627ms (attempt 80)...
[CONNECT] attempt=81 last_event_id=tick-4906 next_backoff=60843ms
[ERROR] Stream error: Non-200 status code (404) . Reconnecting in 60843ms (attempt 81)...
[CONNECT] attempt=82 last_event_id=tick-4906 next_backoff=60408ms
[ERROR] Stream error: Non-200 status code (404) . Reconnecting in 60408ms (attempt 82)...
[CONNECT] attempt=83 last_event_id=tick-4906 next_backoff=60593ms
[ERROR] Stream error: Non-200 status code (404) . Reconnecting in 60593ms (attempt 83)...
[CONNECT] attempt=84 last_event_id=tick-4906 next_backoff=60996ms
[ERROR] Stream error: Non-200 status code (404) . Reconnecting in 60996ms (attempt 84)...
[CONNECT] attempt=85 last_event_id=tick-4906 next_backoff=60547ms
[ERROR] Stream error: Non-200 status code (404) . Reconnecting in 60547ms (attempt 85)...
[CONNECT] attempt=86 last_event_id=tick-4906 next_backoff=60139ms
[ERROR] Stream error: Non-200 status code (404) . Reconnecting in 60139ms (attempt 86)...
[CONNECT] attempt=87 last_event_id=tick-4906 next_backoff=60108ms
[ERROR] Stream error: Non-200 status code (404) . Reconnecting in 60108ms (attempt 87)...
[CONNECT] attempt=88 last_event_id=tick-4906 next_backoff=60151ms
[ERROR] Stream error: Non-200 status code (404) . Reconnecting in 60151ms (attempt 88)...
[CONNECT] attempt=89 last_event_id=tick-4906 next_backoff=60041ms
[ERROR] Stream error: Non-200 status code (404) . Reconnecting in 60041ms (attempt 89)...
[CONNECT] attempt=90 last_event_id=tick-4906 next_backoff=60305ms
[ERROR] Stream error: Non-200 status code (404) . Reconnecting in 60305ms (attempt 90)...
[CONNECT] attempt=91 last_event_id=tick-4906 next_backoff=60497ms
[OPEN] Stream connected. Listening for events... (pid=12024, last_event_id=tick-4906)
[READY] backfilled 30 events · live tail begins (ts: 2026-06-07T11:33:39.637952+00:00)
[SKIP-BACKFILL] fellows.joined from agent-c834d5e5b078 (ts: 2026-06-07T03:12:13.625417+00:00 < start: 2026-06-07T09:15:10.363Z)
[SKIP-BACKFILL] fellows.joined from agent-2bd812de1b14 (ts: 2026-06-07T03:12:20.666666+00:00 < start: 2026-06-07T09:15:10.363Z)
[SKIP-BACKFILL] fellows.joined from agent-1ce976aacc6a (ts: 2026-06-07T03:19:09.712986+00:00 < start: 2026-06-07T09:15:10.363Z)
[SKIP-BACKFILL] fellows.joined from agent-f12e9cfc1c74 (ts: 2026-06-07T03:20:43.449171+00:00 < start: 2026-06-07T09:15:10.363Z)
[SKIP-BACKFILL] fellows.joined from agent-5836101ce6a0 (ts: 2026-06-07T03:20:48.449908+00:00 < start: 2026-06-07T09:15:10.363Z)
[SKIP-BACKFILL] fellows.joined from agent-b265127eacef (ts: 2026-06-07T03:20:55.504373+00:00 < start: 2026-06-07T09:15:10.363Z)
[SKIP-BACKFILL] fellows.joined from agent-091ddc8fc217 (ts: 2026-06-07T03:28:26.508756+00:00 < start: 2026-06-07T09:15:10.363Z)
[SKIP-BACKFILL] fellows.joined from agent-38bdd62a0d80 (ts: 2026-06-07T03:30:08.785819+00:00 < start: 2026-06-07T09:15:10.363Z)
[SKIP-BACKFILL] fellows.joined from agent-96f3e5280484 (ts: 2026-06-07T03:30:13.714626+00:00 < start: 2026-06-07T09:15:10.363Z)
[SKIP-BACKFILL] fellows.joined from agent-551fb91395c9 (ts: 2026-06-07T03:30:20.892741+00:00 < start: 2026-06-07T09:15:10.363Z)
[SKIP-BACKFILL] fellows.joined from agent-0b9cdcac873f (ts: 2026-06-07T03:37:01.745042+00:00 < start: 2026-06-07T09:15:10.363Z)
[SKIP-BACKFILL] fellows.joined from agent-460f48b359fc (ts: 2026-06-07T03:37:01.993597+00:00 < start: 2026-06-07T09:15:10.363Z)
[SKIP-BACKFILL] fellows.joined from agent-7748d1432bf0 (ts: 2026-06-07T03:37:02.298331+00:00 < start: 2026-06-07T09:15:10.363Z)
[SKIP-BACKFILL] fellows.joined from agent-4f752e22c475 (ts: 2026-06-07T03:38:04.854735+00:00 < start: 2026-06-07T09:15:10.363Z)
[SKIP-BACKFILL] fellows.joined from agent-f69770251904 (ts: 2026-06-07T03:40:31.916639+00:00 < start: 2026-06-07T09:15:10.363Z)
[SKIP-BACKFILL] fellows.joined from agent-0bf8ef15d8be (ts: 2026-06-07T03:40:36.963530+00:00 < start: 2026-06-07T09:15:10.363Z)
[SKIP-BACKFILL] fellows.joined from agent-6f511416da3c (ts: 2026-06-07T03:40:44.005379+00:00 < start: 2026-06-07T09:15:10.363Z)
[SKIP-BACKFILL] fellows.joined from agent-29bbc3e464ca (ts: 2026-06-07T03:45:05.777989+00:00 < start: 2026-06-07T09:15:10.363Z)
[SKIP-BACKFILL] fellows.joined from agent-78d9c02b11ec (ts: 2026-06-07T03:45:47.815905+00:00 < start: 2026-06-07T09:15:10.363Z)
[SKIP-BACKFILL] fellows.joined from agent-cfcf5eb3dff9 (ts: 2026-06-07T03:45:52.853585+00:00 < start: 2026-06-07T09:15:10.363Z)
[SKIP-BACKFILL] fellows.joined from agent-0d3ae6786e9d (ts: 2026-06-07T03:46:00.058316+00:00 < start: 2026-06-07T09:15:10.363Z)
[SKIP-BACKFILL] fellows.joined from agent-5b4e579d93e0 (ts: 2026-06-07T04:07:18.257165+00:00 < start: 2026-06-07T09:15:10.363Z)
[SKIP-BACKFILL] fellows.joined from agent-a79a4d97e78c (ts: 2026-06-07T04:07:57.914185+00:00 < start: 2026-06-07T09:15:10.363Z)
[SKIP-BACKFILL] fellows.joined from agent-ca49e8a935ff (ts: 2026-06-07T04:08:02.924371+00:00 < start: 2026-06-07T09:15:10.363Z)
[SKIP-BACKFILL] fellows.joined from agent-21f4f5e4b290 (ts: 2026-06-07T04:08:09.932471+00:00 < start: 2026-06-07T09:15:10.363Z)
[SKIP-BACKFILL] fellows.joined from agent-a578ab1edc32 (ts: 2026-06-07T06:22:24.341249+00:00 < start: 2026-06-07T09:15:10.363Z)
[SKIP-BACKFILL] fellows.joined from agent-48d8326a335c (ts: 2026-06-07T06:22:28.453733+00:00 < start: 2026-06-07T09:15:10.363Z)
[SKIP-BACKFILL] fellows.joined from agent-3a26459081c0 (ts: 2026-06-07T06:22:35.531547+00:00 < start: 2026-06-07T09:15:10.363Z)
[SKIP-BACKFILL] fellows.joined from agent-82e367d8b2c4 (ts: 2026-06-07T08:37:56.692041+00:00 < start: 2026-06-07T09:15:10.363Z)
[SKIP-BACKFILL] fellows.joined from agent-5643a156f527 (ts: 2026-06-07T08:41:42.292176+00:00 < start: 2026-06-07T09:15:10.363Z)
[SLACK] fellows.joined → agent-6de37597dde4
[ERROR] Stream error: unknown . Reconnecting in 60497ms (attempt 1)...
[CONNECT] attempt=2 last_event_id=tick-4909 next_backoff=6171ms
[OPEN] Stream connected. Listening for events... (pid=12024, last_event_id=tick-4909)
[READY] backfilled 30 events · live tail begins (ts: 2026-06-07T11:35:40.274632+00:00)
[SKIP-BACKFILL] fellows.joined from agent-2bd812de1b14 (ts: 2026-06-07T03:12:20.666666+00:00 < start: 2026-06-07T09:15:10.363Z)
[SKIP-BACKFILL] fellows.joined from agent-1ce976aacc6a (ts: 2026-06-07T03:19:09.712986+00:00 < start: 2026-06-07T09:15:10.363Z)
[SKIP-BACKFILL] fellows.joined from agent-f12e9cfc1c74 (ts: 2026-06-07T03:20:43.449171+00:00 < start: 2026-06-07T09:15:10.363Z)
[SKIP-BACKFILL] fellows.joined from agent-5836101ce6a0 (ts: 2026-06-07T03:20:48.449908+00:00 < start: 2026-06-07T09:15:10.363Z)
[SKIP-BACKFILL] fellows.joined from agent-b265127eacef (ts: 2026-06-07T03:20:55.504373+00:00 < start: 2026-06-07T09:15:10.363Z)
[SKIP-BACKFILL] fellows.joined from agent-091ddc8fc217 (ts: 2026-06-07T03:28:26.508756+00:00 < start: 2026-06-07T09:15:10.363Z)
[SKIP-BACKFILL] fellows.joined from agent-38bdd62a0d80 (ts: 2026-06-07T03:30:08.785819+00:00 < start: 2026-06-07T09:15:10.363Z)
[SKIP-BACKFILL] fellows.joined from agent-96f3e5280484 (ts: 2026-06-07T03:30:13.714626+00:00 < start: 2026-06-07T09:15:10.363Z)
[SKIP-BACKFILL] fellows.joined from agent-551fb91395c9 (ts: 2026-06-07T03:30:20.892741+00:00 < start: 2026-06-07T09:15:10.363Z)
[SKIP-BACKFILL] fellows.joined from agent-0b9cdcac873f (ts: 2026-06-07T03:37:01.745042+00:00 < start: 2026-06-07T09:15:10.363Z)
[SKIP-BACKFILL] fellows.joined from agent-460f48b359fc (ts: 2026-06-07T03:37:01.993597+00:00 < start: 2026-06-07T09:15:10.363Z)
[SKIP-BACKFILL] fellows.joined from agent-7748d1432bf0 (ts: 2026-06-07T03:37:02.298331+00:00 < start: 2026-06-07T09:15:10.363Z)
[SKIP-BACKFILL] fellows.joined from agent-4f752e22c475 (ts: 2026-06-07T03:38:04.854735+00:00 < start: 2026-06-07T09:15:10.363Z)
[SKIP-BACKFILL] fellows.joined from agent-f69770251904 (ts: 2026-06-07T03:40:31.916639+00:00 < start: 2026-06-07T09:15:10.363Z)
[SKIP-BACKFILL] fellows.joined from agent-0bf8ef15d8be (ts: 2026-06-07T03:40:36.963530+00:00 < start: 2026-06-07T09:15:10.363Z)
[SKIP-BACKFILL] fellows.joined from agent-6f511416da3c (ts: 2026-06-07T03:40:44.005379+00:00 < start: 2026-06-07T09:15:10.363Z)
[SKIP-BACKFILL] fellows.joined from agent-29bbc3e464ca (ts: 2026-06-07T03:45:05.777989+00:00 < start: 2026-06-07T09:15:10.363Z)
[SKIP-BACKFILL] fellows.joined from agent-78d9c02b11ec (ts: 2026-06-07T03:45:47.815905+00:00 < start: 2026-06-07T09:15:10.363Z)
[SKIP-BACKFILL] fellows.joined from agent-cfcf5eb3dff9 (ts: 2026-06-07T03:45:52.853585+00:00 < start: 2026-06-07T09:15:10.363Z)
[SKIP-BACKFILL] fellows.joined from agent-0d3ae6786e9d (ts: 2026-06-07T03:46:00.058316+00:00 < start: 2026-06-07T09:15:10.363Z)
[SKIP-BACKFILL] fellows.joined from agent-5b4e579d93e0 (ts: 2026-06-07T04:07:18.257165+00:00 < start: 2026-06-07T09:15:10.363Z)
[SKIP-BACKFILL] fellows.joined from agent-a79a4d97e78c (ts: 2026-06-07T04:07:57.914185+00:00 < start: 2026-06-07T09:15:10.363Z)
[SKIP-BACKFILL] fellows.joined from agent-ca49e8a935ff (ts: 2026-06-07T04:08:02.924371+00:00 < start: 2026-06-07T09:15:10.363Z)
[SKIP-BACKFILL] fellows.joined from agent-21f4f5e4b290 (ts: 2026-06-07T04:08:09.932471+00:00 < start: 2026-06-07T09:15:10.363Z)
[SKIP-BACKFILL] fellows.joined from agent-a578ab1edc32 (ts: 2026-06-07T06:22:24.341249+00:00 < start: 2026-06-07T09:15:10.363Z)
[SKIP-BACKFILL] fellows.joined from agent-48d8326a335c (ts: 2026-06-07T06:22:28.453733+00:00 < start: 2026-06-07T09:15:10.363Z)
[SKIP-BACKFILL] fellows.joined from agent-3a26459081c0 (ts: 2026-06-07T06:22:35.531547+00:00 < start: 2026-06-07T09:15:10.363Z)
[SKIP-BACKFILL] fellows.joined from agent-82e367d8b2c4 (ts: 2026-06-07T08:37:56.692041+00:00 < start: 2026-06-07T09:15:10.363Z)
[SKIP-BACKFILL] fellows.joined from agent-5643a156f527 (ts: 2026-06-07T08:41:42.292176+00:00 < start: 2026-06-07T09:15:10.363Z)
[SLACK] fellows.joined → agent-6de37597dde4
[ERROR] Stream error: unknown . Reconnecting in 6171ms (attempt 1)...
[CONNECT] attempt=2 last_event_id=tick-4913 next_backoff=6672ms
[OPEN] Stream connected. Listening for events... (pid=12024, last_event_id=tick-4913)
[READY] backfilled 30 events · live tail begins (ts: 2026-06-07T11:36:46.581867+00:00)
[SKIP-BACKFILL] fellows.joined from agent-2bd812de1b14 (ts: 2026-06-07T03:12:20.666666+00:00 < start: 2026-06-07T09:15:10.363Z)
[SKIP-BACKFILL] fellows.joined from agent-1ce976aacc6a (ts: 2026-06-07T03:19:09.712986+00:00 < start: 2026-06-07T09:15:10.363Z)
[SKIP-BACKFILL] fellows.joined from agent-f12e9cfc1c74 (ts: 2026-06-07T03:20:43.449171+00:00 < start: 2026-06-07T09:15:10.363Z)
[SKIP-BACKFILL] fellows.joined from agent-5836101ce6a0 (ts: 2026-06-07T03:20:48.449908+00:00 < start: 2026-06-07T09:15:10.363Z)
[SKIP-BACKFILL] fellows.joined from agent-b265127eacef (ts: 2026-06-07T03:20:55.504373+00:00 < start: 2026-06-07T09:15:10.363Z)
[SKIP-BACKFILL] fellows.joined from agent-091ddc8fc217 (ts: 2026-06-07T03:28:26.508756+00:00 < start: 2026-06-07T09:15:10.363Z)
[SKIP-BACKFILL] fellows.joined from agent-38bdd62a0d80 (ts: 2026-06-07T03:30:08.785819+00:00 < start: 2026-06-07T09:15:10.363Z)
[SKIP-BACKFILL] fellows.joined from agent-96f3e5280484 (ts: 2026-06-07T03:30:13.714626+00:00 < start: 2026-06-07T09:15:10.363Z)
[SKIP-BACKFILL] fellows.joined from agent-551fb91395c9 (ts: 2026-06-07T03:30:20.892741+00:00 < start: 2026-06-07T09:15:10.363Z)
[SKIP-BACKFILL] fellows.joined from agent-0b9cdcac873f (ts: 2026-06-07T03:37:01.745042+00:00 < start: 2026-06-07T09:15:10.363Z)
[SKIP-BACKFILL] fellows.joined from agent-460f48b359fc (ts: 2026-06-07T03:37:01.993597+00:00 < start: 2026-06-07T09:15:10.363Z)
[SKIP-BACKFILL] fellows.joined from agent-7748d1432bf0 (ts: 2026-06-07T03:37:02.298331+00:00 < start: 2026-06-07T09:15:10.363Z)
[SKIP-BACKFILL] fellows.joined from agent-4f752e22c475 (ts: 2026-06-07T03:38:04.854735+00:00 < start: 2026-06-07T09:15:10.363Z)
[SKIP-BACKFILL] fellows.joined from agent-f69770251904 (ts: 2026-06-07T03:40:31.916639+00:00 < start: 2026-06-07T09:15:10.363Z)
[SKIP-BACKFILL] fellows.joined from agent-0bf8ef15d8be (ts: 2026-06-07T03:40:36.963530+00:00 < start: 2026-06-07T09:15:10.363Z)
[SKIP-BACKFILL] fellows.joined from agent-6f511416da3c (ts: 2026-06-07T03:40:44.005379+00:00 < start: 2026-06-07T09:15:10.363Z)
[SKIP-BACKFILL] fellows.joined from agent-29bbc3e464ca (ts: 2026-06-07T03:45:05.777989+00:00 < start: 2026-06-07T09:15:10.363Z)
[SKIP-BACKFILL] fellows.joined from agent-78d9c02b11ec (ts: 2026-06-07T03:45:47.815905+00:00 < start: 2026-06-07T09:15:10.363Z)
[SKIP-BACKFILL] fellows.joined from agent-cfcf5eb3dff9 (ts: 2026-06-07T03:45:52.853585+00:00 < start: 2026-06-07T09:15:10.363Z)
[SKIP-BACKFILL] fellows.joined from agent-0d3ae6786e9d (ts: 2026-06-07T03:46:00.058316+00:00 < start: 2026-06-07T09:15:10.363Z)
[SKIP-BACKFILL] fellows.joined from agent-5b4e579d93e0 (ts: 2026-06-07T04:07:18.257165+00:00 < start: 2026-06-07T09:15:10.363Z)
[SKIP-BACKFILL] fellows.joined from agent-a79a4d97e78c (ts: 2026-06-07T04:07:57.914185+00:00 < start: 2026-06-07T09:15:10.363Z)
[SKIP-BACKFILL] fellows.joined from agent-ca49e8a935ff (ts: 2026-06-07T04:08:02.924371+00:00 < start: 2026-06-07T09:15:10.363Z)
[SKIP-BACKFILL] fellows.joined from agent-21f4f5e4b290 (ts: 2026-06-07T04:08:09.932471+00:00 < start: 2026-06-07T09:15:10.363Z)
[SKIP-BACKFILL] fellows.joined from agent-a578ab1edc32 (ts: 2026-06-07T06:22:24.341249+00:00 < start: 2026-06-07T09:15:10.363Z)
[SKIP-BACKFILL] fellows.joined from agent-48d8326a335c (ts: 2026-06-07T06:22:28.453733+00:00 < start: 2026-06-07T09:15:10.363Z)
[SKIP-BACKFILL] fellows.joined from agent-3a26459081c0 (ts: 2026-06-07T06:22:35.531547+00:00 < start: 2026-06-07T09:15:10.363Z)
[SKIP-BACKFILL] fellows.joined from agent-82e367d8b2c4 (ts: 2026-06-07T08:37:56.692041+00:00 < start: 2026-06-07T09:15:10.363Z)
[SKIP-BACKFILL] fellows.joined from agent-5643a156f527 (ts: 2026-06-07T08:41:42.292176+00:00 < start: 2026-06-07T09:15:10.363Z)
[SLACK] fellows.joined → agent-6de37597dde4
[ERROR] Stream error: unknown . Reconnecting in 6672ms (attempt 1)...
[CONNECT] attempt=2 last_event_id=tick-4915 next_backoff=6182ms
[OPEN] Stream connected. Listening for events... (pid=12024, last_event_id=tick-4915)
[READY] backfilled 30 events · live tail begins (ts: 2026-06-07T11:37:53.507162+00:00)
[SKIP-BACKFILL] fellows.joined from agent-2bd812de1b14 (ts: 2026-06-07T03:12:20.666666+00:00 < start: 2026-06-07T09:15:10.363Z)
[SKIP-BACKFILL] fellows.joined from agent-1ce976aacc6a (ts: 2026-06-07T03:19:09.712986+00:00 < start: 2026-06-07T09:15:10.363Z)
[SKIP-BACKFILL] fellows.joined from agent-f12e9cfc1c74 (ts: 2026-06-07T03:20:43.449171+00:00 < start: 2026-06-07T09:15:10.363Z)
[SKIP-BACKFILL] fellows.joined from agent-5836101ce6a0 (ts: 2026-06-07T03:20:48.449908+00:00 < start: 2026-06-07T09:15:10.363Z)
[SKIP-BACKFILL] fellows.joined from agent-b265127eacef (ts: 2026-06-07T03:20:55.504373+00:00 < start: 2026-06-07T09:15:10.363Z)
[SKIP-BACKFILL] fellows.joined from agent-091ddc8fc217 (ts: 2026-06-07T03:28:26.508756+00:00 < start: 2026-06-07T09:15:10.363Z)
[SKIP-BACKFILL] fellows.joined from agent-38bdd62a0d80 (ts: 2026-06-07T03:30:08.785819+00:00 < start: 2026-06-07T09:15:10.363Z)
[SKIP-BACKFILL] fellows.joined from agent-96f3e5280484 (ts: 2026-06-07T03:30:13.714626+00:00 < start: 2026-06-07T09:15:10.363Z)
[SKIP-BACKFILL] fellows.joined from agent-551fb91395c9 (ts: 2026-06-07T03:30:20.892741+00:00 < start: 2026-06-07T09:15:10.363Z)
[SKIP-BACKFILL] fellows.joined from agent-0b9cdcac873f (ts: 2026-06-07T03:37:01.745042+00:00 < start: 2026-06-07T09:15:10.363Z)
[SKIP-BACKFILL] fellows.joined from agent-460f48b359fc (ts: 2026-06-07T03:37:01.993597+00:00 < start: 2026-06-07T09:15:10.363Z)
[SKIP-BACKFILL] fellows.joined from agent-7748d1432bf0 (ts: 2026-06-07T03:37:02.298331+00:00 < start: 2026-06-07T09:15:10.363Z)
[SKIP-BACKFILL] fellows.joined from agent-4f752e22c475 (ts: 2026-06-07T03:38:04.854735+00:00 < start: 2026-06-07T09:15:10.363Z)
[SKIP-BACKFILL] fellows.joined from agent-f69770251904 (ts: 2026-06-07T03:40:31.916639+00:00 < start: 2026-06-07T09:15:10.363Z)
[SKIP-BACKFILL] fellows.joined from agent-0bf8ef15d8be (ts: 2026-06-07T03:40:36.963530+00:00 < start: 2026-06-07T09:15:10.363Z)
[SKIP-BACKFILL] fellows.joined from agent-6f511416da3c (ts: 2026-06-07T03:40:44.005379+00:00 < start: 2026-06-07T09:15:10.363Z)
[SKIP-BACKFILL] fellows.joined from agent-29bbc3e464ca (ts: 2026-06-07T03:45:05.777989+00:00 < start: 2026-06-07T09:15:10.363Z)
[SKIP-BACKFILL] fellows.joined from agent-78d9c02b11ec (ts: 2026-06-07T03:45:47.815905+00:00 < start: 2026-06-07T09:15:10.363Z)
[SKIP-BACKFILL] fellows.joined from agent-cfcf5eb3dff9 (ts: 2026-06-07T03:45:52.853585+00:00 < start: 2026-06-07T09:15:10.363Z)
[SKIP-BACKFILL] fellows.joined from agent-0d3ae6786e9d (ts: 2026-06-07T03:46:00.058316+00:00 < start: 2026-06-07T09:15:10.363Z)
[SKIP-BACKFILL] fellows.joined from agent-5b4e579d93e0 (ts: 2026-06-07T04:07:18.257165+00:00 < start: 2026-06-07T09:15:10.363Z)
[SKIP-BACKFILL] fellows.joined from agent-a79a4d97e78c (ts: 2026-06-07T04:07:57.914185+00:00 < start: 2026-06-07T09:15:10.363Z)
[SKIP-BACKFILL] fellows.joined from agent-ca49e8a935ff (ts: 2026-06-07T04:08:02.924371+00:00 < start: 2026-06-07T09:15:10.363Z)
[SKIP-BACKFILL] fellows.joined from agent-21f4f5e4b290 (ts: 2026-06-07T04:08:09.932471+00:00 < start: 2026-06-07T09:15:10.363Z)
[SKIP-BACKFILL] fellows.joined from agent-a578ab1edc32 (ts: 2026-06-07T06:22:24.341249+00:00 < start: 2026-06-07T09:15:10.363Z)
[SKIP-BACKFILL] fellows.joined from agent-48d8326a335c (ts: 2026-06-07T06:22:28.453733+00:00 < start: 2026-06-07T09:15:10.363Z)
[SKIP-BACKFILL] fellows.joined from agent-3a26459081c0 (ts: 2026-06-07T06:22:35.531547+00:00 < start: 2026-06-07T09:15:10.363Z)
[SKIP-BACKFILL] fellows.joined from agent-82e367d8b2c4 (ts: 2026-06-07T08:37:56.692041+00:00 < start: 2026-06-07T09:15:10.363Z)
[SKIP-BACKFILL] fellows.joined from agent-5643a156f527 (ts: 2026-06-07T08:41:42.292176+00:00 < start: 2026-06-07T09:15:10.363Z)
[SLACK] fellows.joined → agent-6de37597dde4
[ERROR] Stream error: unknown . Reconnecting in 6182ms (attempt 1)...
[CONNECT] attempt=2 last_event_id=tick-4917 next_backoff=6860ms
[OPEN] Stream connected. Listening for events... (pid=12024, last_event_id=tick-4917)
[READY] backfilled 30 events · live tail begins (ts: 2026-06-07T11:38:59.839726+00:00)
[SKIP-BACKFILL] fellows.joined from agent-2bd812de1b14 (ts: 2026-06-07T03:12:20.666666+00:00 < start: 2026-06-07T09:15:10.363Z)
[SKIP-BACKFILL] fellows.joined from agent-1ce976aacc6a (ts: 2026-06-07T03:19:09.712986+00:00 < start: 2026-06-07T09:15:10.363Z)
[SKIP-BACKFILL] fellows.joined from agent-f12e9cfc1c74 (ts: 2026-06-07T03:20:43.449171+00:00 < start: 2026-06-07T09:15:10.363Z)
[SKIP-BACKFILL] fellows.joined from agent-5836101ce6a0 (ts: 2026-06-07T03:20:48.449908+00:00 < start: 2026-06-07T09:15:10.363Z)
[SKIP-BACKFILL] fellows.joined from agent-b265127eacef (ts: 2026-06-07T03:20:55.504373+00:00 < start: 2026-06-07T09:15:10.363Z)
[SKIP-BACKFILL] fellows.joined from agent-091ddc8fc217 (ts: 2026-06-07T03:28:26.508756+00:00 < start: 2026-06-07T09:15:10.363Z)
[SKIP-BACKFILL] fellows.joined from agent-38bdd62a0d80 (ts: 2026-06-07T03:30:08.785819+00:00 < start: 2026-06-07T09:15:10.363Z)
[SKIP-BACKFILL] fellows.joined from agent-96f3e5280484 (ts: 2026-06-07T03:30:13.714626+00:00 < start: 2026-06-07T09:15:10.363Z)
[SKIP-BACKFILL] fellows.joined from agent-551fb91395c9 (ts: 2026-06-07T03:30:20.892741+00:00 < start: 2026-06-07T09:15:10.363Z)
[SKIP-BACKFILL] fellows.joined from agent-0b9cdcac873f (ts: 2026-06-07T03:37:01.745042+00:00 < start: 2026-06-07T09:15:10.363Z)
[SKIP-BACKFILL] fellows.joined from agent-460f48b359fc (ts: 2026-06-07T03:37:01.993597+00:00 < start: 2026-06-07T09:15:10.363Z)
[SKIP-BACKFILL] fellows.joined from agent-7748d1432bf0 (ts: 2026-06-07T03:37:02.298331+00:00 < start: 2026-06-07T09:15:10.363Z)
[SKIP-BACKFILL] fellows.joined from agent-4f752e22c475 (ts: 2026-06-07T03:38:04.854735+00:00 < start: 2026-06-07T09:15:10.363Z)
[SKIP-BACKFILL] fellows.joined from agent-f69770251904 (ts: 2026-06-07T03:40:31.916639+00:00 < start: 2026-06-07T09:15:10.363Z)
[SKIP-BACKFILL] fellows.joined from agent-0bf8ef15d8be (ts: 2026-06-07T03:40:36.963530+00:00 < start: 2026-06-07T09:15:10.363Z)
[SKIP-BACKFILL] fellows.joined from agent-6f511416da3c (ts: 2026-06-07T03:40:44.005379+00:00 < start: 2026-06-07T09:15:10.363Z)
[SKIP-BACKFILL] fellows.joined from agent-29bbc3e464ca (ts: 2026-06-07T03:45:05.777989+00:00 < start: 2026-06-07T09:15:10.363Z)
[SKIP-BACKFILL] fellows.joined from agent-78d9c02b11ec (ts: 2026-06-07T03:45:47.815905+00:00 < start: 2026-06-07T09:15:10.363Z)
[SKIP-BACKFILL] fellows.joined from agent-cfcf5eb3dff9 (ts: 2026-06-07T03:45:52.853585+00:00 < start: 2026-06-07T09:15:10.363Z)
[SKIP-BACKFILL] fellows.joined from agent-0d3ae6786e9d (ts: 2026-06-07T03:46:00.058316+00:00 < start: 2026-06-07T09:15:10.363Z)
[SKIP-BACKFILL] fellows.joined from agent-5b4e579d93e0 (ts: 2026-06-07T04:07:18.257165+00:00 < start: 2026-06-07T09:15:10.363Z)
[SKIP-BACKFILL] fellows.joined from agent-a79a4d97e78c (ts: 2026-06-07T04:07:57.914185+00:00 < start: 2026-06-07T09:15:10.363Z)
[SKIP-BACKFILL] fellows.joined from agent-ca49e8a935ff (ts: 2026-06-07T04:08:02.924371+00:00 < start: 2026-06-07T09:15:10.363Z)
[SKIP-BACKFILL] fellows.joined from agent-21f4f5e4b290 (ts: 2026-06-07T04:08:09.932471+00:00 < start: 2026-06-07T09:15:10.363Z)
[SKIP-BACKFILL] fellows.joined from agent-a578ab1edc32 (ts: 2026-06-07T06:22:24.341249+00:00 < start: 2026-06-07T09:15:10.363Z)
[SKIP-BACKFILL] fellows.joined from agent-48d8326a335c (ts: 2026-06-07T06:22:28.453733+00:00 < start: 2026-06-07T09:15:10.363Z)
[SKIP-BACKFILL] fellows.joined from agent-3a26459081c0 (ts: 2026-06-07T06:22:35.531547+00:00 < start: 2026-06-07T09:15:10.363Z)
[SKIP-BACKFILL] fellows.joined from agent-82e367d8b2c4 (ts: 2026-06-07T08:37:56.692041+00:00 < start: 2026-06-07T09:15:10.363Z)
[SKIP-BACKFILL] fellows.joined from agent-5643a156f527 (ts: 2026-06-07T08:41:42.292176+00:00 < start: 2026-06-07T09:15:10.363Z)
[SLACK] fellows.joined → agent-6de37597dde4
[ERROR] Stream error: unknown . Reconnecting in 6860ms (attempt 1)...
[CONNECT] attempt=2 last_event_id=tick-4919 next_backoff=6922ms
[OPEN] Stream connected. Listening for events... (pid=12024, last_event_id=tick-4919)
[READY] backfilled 30 events · live tail begins (ts: 2026-06-07T11:40:06.885436+00:00)
[SKIP-BACKFILL] fellows.joined from agent-1ce976aacc6a (ts: 2026-06-07T03:19:09.712986+00:00 < start: 2026-06-07T09:15:10.363Z)
[SKIP-BACKFILL] fellows.joined from agent-f12e9cfc1c74 (ts: 2026-06-07T03:20:43.449171+00:00 < start: 2026-06-07T09:15:10.363Z)
[SKIP-BACKFILL] fellows.joined from agent-5836101ce6a0 (ts: 2026-06-07T03:20:48.449908+00:00 < start: 2026-06-07T09:15:10.363Z)
[SKIP-BACKFILL] fellows.joined from agent-b265127eacef (ts: 2026-06-07T03:20:55.504373+00:00 < start: 2026-06-07T09:15:10.363Z)
[SKIP-BACKFILL] fellows.joined from agent-091ddc8fc217 (ts: 2026-06-07T03:28:26.508756+00:00 < start: 2026-06-07T09:15:10.363Z)
[SKIP-BACKFILL] fellows.joined from agent-38bdd62a0d80 (ts: 2026-06-07T03:30:08.785819+00:00 < start: 2026-06-07T09:15:10.363Z)
[SKIP-BACKFILL] fellows.joined from agent-96f3e5280484 (ts: 2026-06-07T03:30:13.714626+00:00 < start: 2026-06-07T09:15:10.363Z)
[SKIP-BACKFILL] fellows.joined from agent-551fb91395c9 (ts: 2026-06-07T03:30:20.892741+00:00 < start: 2026-06-07T09:15:10.363Z)
[SKIP-BACKFILL] fellows.joined from agent-0b9cdcac873f (ts: 2026-06-07T03:37:01.745042+00:00 < start: 2026-06-07T09:15:10.363Z)
[SKIP-BACKFILL] fellows.joined from agent-460f48b359fc (ts: 2026-06-07T03:37:01.993597+00:00 < start: 2026-06-07T09:15:10.363Z)
[SKIP-BACKFILL] fellows.joined from agent-7748d1432bf0 (ts: 2026-06-07T03:37:02.298331+00:00 < start: 2026-06-07T09:15:10.363Z)
[SKIP-BACKFILL] fellows.joined from agent-4f752e22c475 (ts: 2026-06-07T03:38:04.854735+00:00 < start: 2026-06-07T09:15:10.363Z)
[SKIP-BACKFILL] fellows.joined from agent-f69770251904 (ts: 2026-06-07T03:40:31.916639+00:00 < start: 2026-06-07T09:15:10.363Z)
[SKIP-BACKFILL] fellows.joined from agent-0bf8ef15d8be (ts: 2026-06-07T03:40:36.963530+00:00 < start: 2026-06-07T09:15:10.363Z)
[SKIP-BACKFILL] fellows.joined from agent-6f511416da3c (ts: 2026-06-07T03:40:44.005379+00:00 < start: 2026-06-07T09:15:10.363Z)
[SKIP-BACKFILL] fellows.joined from agent-29bbc3e464ca (ts: 2026-06-07T03:45:05.777989+00:00 < start: 2026-06-07T09:15:10.363Z)
[SKIP-BACKFILL] fellows.joined from agent-78d9c02b11ec (ts: 2026-06-07T03:45:47.815905+00:00 < start: 2026-06-07T09:15:10.363Z)
[SKIP-BACKFILL] fellows.joined from agent-cfcf5eb3dff9 (ts: 2026-06-07T03:45:52.853585+00:00 < start: 2026-06-07T09:15:10.363Z)
[SKIP-BACKFILL] fellows.joined from agent-0d3ae6786e9d (ts: 2026-06-07T03:46:00.058316+00:00 < start: 2026-06-07T09:15:10.363Z)
[SKIP-BACKFILL] fellows.joined from agent-5b4e579d93e0 (ts: 2026-06-07T04:07:18.257165+00:00 < start: 2026-06-07T09:15:10.363Z)
[SKIP-BACKFILL] fellows.joined from agent-a79a4d97e78c (ts: 2026-06-07T04:07:57.914185+00:00 < start: 2026-06-07T09:15:10.363Z)
[SKIP-BACKFILL] fellows.joined from agent-ca49e8a935ff (ts: 2026-06-07T04:08:02.924371+00:00 < start: 2026-06-07T09:15:10.363Z)
[SKIP-BACKFILL] fellows.joined from agent-21f4f5e4b290 (ts: 2026-06-07T04:08:09.932471+00:00 < start: 2026-06-07T09:15:10.363Z)
[SKIP-BACKFILL] fellows.joined from agent-a578ab1edc32 (ts: 2026-06-07T06:22:24.341249+00:00 < start: 2026-06-07T09:15:10.363Z)
[SKIP-BACKFILL] fellows.joined from agent-48d8326a335c (ts: 2026-06-07T06:22:28.453733+00:00 < start: 2026-06-07T09:15:10.363Z)
[SKIP-BACKFILL] fellows.joined from agent-3a26459081c0 (ts: 2026-06-07T06:22:35.531547+00:00 < start: 2026-06-07T09:15:10.363Z)
[SKIP-BACKFILL] fellows.joined from agent-82e367d8b2c4 (ts: 2026-06-07T08:37:56.692041+00:00 < start: 2026-06-07T09:15:10.363Z)
[SKIP-BACKFILL] fellows.joined from agent-5643a156f527 (ts: 2026-06-07T08:41:42.292176+00:00 < start: 2026-06-07T09:15:10.363Z)
[SLACK] fellows.joined → agent-6de37597dde4
[SLACK] fellows.joined → agent-03a8f003ee02
[ERROR] Stream error: unknown . Reconnecting in 6922ms (attempt 1)...
[CONNECT] attempt=2 last_event_id=tick-4922 next_backoff=6519ms
[OPEN] Stream connected. Listening for events... (pid=12024, last_event_id=tick-4922)
[READY] backfilled 30 events · live tail begins (ts: 2026-06-07T11:41:14.135264+00:00)
[SKIP-BACKFILL] fellows.joined from agent-1ce976aacc6a (ts: 2026-06-07T03:19:09.712986+00:00 < start: 2026-06-07T09:15:10.363Z)
[SKIP-BACKFILL] fellows.joined from agent-f12e9cfc1c74 (ts: 2026-06-07T03:20:43.449171+00:00 < start: 2026-06-07T09:15:10.363Z)
[SKIP-BACKFILL] fellows.joined from agent-5836101ce6a0 (ts: 2026-06-07T03:20:48.449908+00:00 < start: 2026-06-07T09:15:10.363Z)
[SKIP-BACKFILL] fellows.joined from agent-b265127eacef (ts: 2026-06-07T03:20:55.504373+00:00 < start: 2026-06-07T09:15:10.363Z)
[SKIP-BACKFILL] fellows.joined from agent-091ddc8fc217 (ts: 2026-06-07T03:28:26.508756+00:00 < start: 2026-06-07T09:15:10.363Z)
[SKIP-BACKFILL] fellows.joined from agent-38bdd62a0d80 (ts: 2026-06-07T03:30:08.785819+00:00 < start: 2026-06-07T09:15:10.363Z)
[SKIP-BACKFILL] fellows.joined from agent-96f3e5280484 (ts: 2026-06-07T03:30:13.714626+00:00 < start: 2026-06-07T09:15:10.363Z)
[SKIP-BACKFILL] fellows.joined from agent-551fb91395c9 (ts: 2026-06-07T03:30:20.892741+00:00 < start: 2026-06-07T09:15:10.363Z)
[SKIP-BACKFILL] fellows.joined from agent-0b9cdcac873f (ts: 2026-06-07T03:37:01.745042+00:00 < start: 2026-06-07T09:15:10.363Z)
[SKIP-BACKFILL] fellows.joined from agent-460f48b359fc (ts: 2026-06-07T03:37:01.993597+00:00 < start: 2026-06-07T09:15:10.363Z)
[SKIP-BACKFILL] fellows.joined from agent-7748d1432bf0 (ts: 2026-06-07T03:37:02.298331+00:00 < start: 2026-06-07T09:15:10.363Z)
[SKIP-BACKFILL] fellows.joined from agent-4f752e22c475 (ts: 2026-06-07T03:38:04.854735+00:00 < start: 2026-06-07T09:15:10.363Z)
[SKIP-BACKFILL] fellows.joined from agent-f69770251904 (ts: 2026-06-07T03:40:31.916639+00:00 < start: 2026-06-07T09:15:10.363Z)
[SKIP-BACKFILL] fellows.joined from agent-0bf8ef15d8be (ts: 2026-06-07T03:40:36.963530+00:00 < start: 2026-06-07T09:15:10.363Z)
[SKIP-BACKFILL] fellows.joined from agent-6f511416da3c (ts: 2026-06-07T03:40:44.005379+00:00 < start: 2026-06-07T09:15:10.363Z)
[SKIP-BACKFILL] fellows.joined from agent-29bbc3e464ca (ts: 2026-06-07T03:45:05.777989+00:00 < start: 2026-06-07T09:15:10.363Z)
[SKIP-BACKFILL] fellows.joined from agent-78d9c02b11ec (ts: 2026-06-07T03:45:47.815905+00:00 < start: 2026-06-07T09:15:10.363Z)
[SKIP-BACKFILL] fellows.joined from agent-cfcf5eb3dff9 (ts: 2026-06-07T03:45:52.853585+00:00 < start: 2026-06-07T09:15:10.363Z)
[SKIP-BACKFILL] fellows.joined from agent-0d3ae6786e9d (ts: 2026-06-07T03:46:00.058316+00:00 < start: 2026-06-07T09:15:10.363Z)
[SKIP-BACKFILL] fellows.joined from agent-5b4e579d93e0 (ts: 2026-06-07T04:07:18.257165+00:00 < start: 2026-06-07T09:15:10.363Z)
[SKIP-BACKFILL] fellows.joined from agent-a79a4d97e78c (ts: 2026-06-07T04:07:57.914185+00:00 < start: 2026-06-07T09:15:10.363Z)
[SKIP-BACKFILL] fellows.joined from agent-ca49e8a935ff (ts: 2026-06-07T04:08:02.924371+00:00 < start: 2026-06-07T09:15:10.363Z)
[SKIP-BACKFILL] fellows.joined from agent-21f4f5e4b290 (ts: 2026-06-07T04:08:09.932471+00:00 < start: 2026-06-07T09:15:10.363Z)
[SKIP-BACKFILL] fellows.joined from agent-a578ab1edc32 (ts: 2026-06-07T06:22:24.341249+00:00 < start: 2026-06-07T09:15:10.363Z)
[SKIP-BACKFILL] fellows.joined from agent-48d8326a335c (ts: 2026-06-07T06:22:28.453733+00:00 < start: 2026-06-07T09:15:10.363Z)
[SKIP-BACKFILL] fellows.joined from agent-3a26459081c0 (ts: 2026-06-07T06:22:35.531547+00:00 < start: 2026-06-07T09:15:10.363Z)
[SKIP-BACKFILL] fellows.joined from agent-82e367d8b2c4 (ts: 2026-06-07T08:37:56.692041+00:00 < start: 2026-06-07T09:15:10.363Z)
[SKIP-BACKFILL] fellows.joined from agent-5643a156f527 (ts: 2026-06-07T08:41:42.292176+00:00 < start: 2026-06-07T09:15:10.363Z)
[SLACK] fellows.joined → agent-6de37597dde4
[SLACK] fellows.joined → agent-03a8f003ee02
[ERROR] Stream error: unknown . Reconnecting in 6519ms (attempt 1)...
[CONNECT] attempt=2 last_event_id=tick-4924 next_backoff=6655ms
[OPEN] Stream connected. Listening for events... (pid=12024, last_event_id=tick-4924)
[READY] backfilled 30 events · live tail begins (ts: 2026-06-07T11:42:20.803062+00:00)
[SKIP-BACKFILL] fellows.joined from agent-1ce976aacc6a (ts: 2026-06-07T03:19:09.712986+00:00 < start: 2026-06-07T09:15:10.363Z)
[SKIP-BACKFILL] fellows.joined from agent-f12e9cfc1c74 (ts: 2026-06-07T03:20:43.449171+00:00 < start: 2026-06-07T09:15:10.363Z)
[SKIP-BACKFILL] fellows.joined from agent-5836101ce6a0 (ts: 2026-06-07T03:20:48.449908+00:00 < start: 2026-06-07T09:15:10.363Z)
[SKIP-BACKFILL] fellows.joined from agent-b265127eacef (ts: 2026-06-07T03:20:55.504373+00:00 < start: 2026-06-07T09:15:10.363Z)
[SKIP-BACKFILL] fellows.joined from agent-091ddc8fc217 (ts: 2026-06-07T03:28:26.508756+00:00 < start: 2026-06-07T09:15:10.363Z)
[SKIP-BACKFILL] fellows.joined from agent-38bdd62a0d80 (ts: 2026-06-07T03:30:08.785819+00:00 < start: 2026-06-07T09:15:10.363Z)
[SKIP-BACKFILL] fellows.joined from agent-96f3e5280484 (ts: 2026-06-07T03:30:13.714626+00:00 < start: 2026-06-07T09:15:10.363Z)
[SKIP-BACKFILL] fellows.joined from agent-551fb91395c9 (ts: 2026-06-07T03:30:20.892741+00:00 < start: 2026-06-07T09:15:10.363Z)
[SKIP-BACKFILL] fellows.joined from agent-0b9cdcac873f (ts: 2026-06-07T03:37:01.745042+00:00 < start: 2026-06-07T09:15:10.363Z)
[SKIP-BACKFILL] fellows.joined from agent-460f48b359fc (ts: 2026-06-07T03:37:01.993597+00:00 < start: 2026-06-07T09:15:10.363Z)
[SKIP-BACKFILL] fellows.joined from agent-7748d1432bf0 (ts: 2026-06-07T03:37:02.298331+00:00 < start: 2026-06-07T09:15:10.363Z)
[SKIP-BACKFILL] fellows.joined from agent-4f752e22c475 (ts: 2026-06-07T03:38:04.854735+00:00 < start: 2026-06-07T09:15:10.363Z)
[SKIP-BACKFILL] fellows.joined from agent-f69770251904 (ts: 2026-06-07T03:40:31.916639+00:00 < start: 2026-06-07T09:15:10.363Z)
[SKIP-BACKFILL] fellows.joined from agent-0bf8ef15d8be (ts: 2026-06-07T03:40:36.963530+00:00 < start: 2026-06-07T09:15:10.363Z)
[SKIP-BACKFILL] fellows.joined from agent-6f511416da3c (ts: 2026-06-07T03:40:44.005379+00:00 < start: 2026-06-07T09:15:10.363Z)
[SKIP-BACKFILL] fellows.joined from agent-29bbc3e464ca (ts: 2026-06-07T03:45:05.777989+00:00 < start: 2026-06-07T09:15:10.363Z)
[SKIP-BACKFILL] fellows.joined from agent-78d9c02b11ec (ts: 2026-06-07T03:45:47.815905+00:00 < start: 2026-06-07T09:15:10.363Z)
[SKIP-BACKFILL] fellows.joined from agent-cfcf5eb3dff9 (ts: 2026-06-07T03:45:52.853585+00:00 < start: 2026-06-07T09:15:10.363Z)
[SKIP-BACKFILL] fellows.joined from agent-0d3ae6786e9d (ts: 2026-06-07T03:46:00.058316+00:00 < start: 2026-06-07T09:15:10.363Z)
[SKIP-BACKFILL] fellows.joined from agent-5b4e579d93e0 (ts: 2026-06-07T04:07:18.257165+00:00 < start: 2026-06-07T09:15:10.363Z)
[SKIP-BACKFILL] fellows.joined from agent-a79a4d97e78c (ts: 2026-06-07T04:07:57.914185+00:00 < start: 2026-06-07T09:15:10.363Z)
[SKIP-BACKFILL] fellows.joined from agent-ca49e8a935ff (ts: 2026-06-07T04:08:02.924371+00:00 < start: 2026-06-07T09:15:10.363Z)
[SKIP-BACKFILL] fellows.joined from agent-21f4f5e4b290 (ts: 2026-06-07T04:08:09.932471+00:00 < start: 2026-06-07T09:15:10.363Z)
[SKIP-BACKFILL] fellows.joined from agent-a578ab1edc32 (ts: 2026-06-07T06:22:24.341249+00:00 < start: 2026-06-07T09:15:10.363Z)
[SKIP-BACKFILL] fellows.joined from agent-48d8326a335c (ts: 2026-06-07T06:22:28.453733+00:00 < start: 2026-06-07T09:15:10.363Z)
[SKIP-BACKFILL] fellows.joined from agent-3a26459081c0 (ts: 2026-06-07T06:22:35.531547+00:00 < start: 2026-06-07T09:15:10.363Z)
[SKIP-BACKFILL] fellows.joined from agent-82e367d8b2c4 (ts: 2026-06-07T08:37:56.692041+00:00 < start: 2026-06-07T09:15:10.363Z)
[SKIP-BACKFILL] fellows.joined from agent-5643a156f527 (ts: 2026-06-07T08:41:42.292176+00:00 < start: 2026-06-07T09:15:10.363Z)
[SLACK] fellows.joined → agent-6de37597dde4
[SLACK] fellows.joined → agent-03a8f003ee02
[ERROR] Stream error: unknown . Reconnecting in 6655ms (attempt 1)...
[CONNECT] attempt=2 last_event_id=tick-4926 next_backoff=6014ms
[OPEN] Stream connected. Listening for events... (pid=12024, last_event_id=tick-4926)
[READY] backfilled 30 events · live tail begins (ts: 2026-06-07T11:43:27.606081+00:00)
[SKIP-BACKFILL] fellows.joined from agent-1ce976aacc6a (ts: 2026-06-07T03:19:09.712986+00:00 < start: 2026-06-07T09:15:10.363Z)
[SKIP-BACKFILL] fellows.joined from agent-f12e9cfc1c74 (ts: 2026-06-07T03:20:43.449171+00:00 < start: 2026-06-07T09:15:10.363Z)
[SKIP-BACKFILL] fellows.joined from agent-5836101ce6a0 (ts: 2026-06-07T03:20:48.449908+00:00 < start: 2026-06-07T09:15:10.363Z)
[SKIP-BACKFILL] fellows.joined from agent-b265127eacef (ts: 2026-06-07T03:20:55.504373+00:00 < start: 2026-06-07T09:15:10.363Z)
[SKIP-BACKFILL] fellows.joined from agent-091ddc8fc217 (ts: 2026-06-07T03:28:26.508756+00:00 < start: 2026-06-07T09:15:10.363Z)
[SKIP-BACKFILL] fellows.joined from agent-38bdd62a0d80 (ts: 2026-06-07T03:30:08.785819+00:00 < start: 2026-06-07T09:15:10.363Z)
[SKIP-BACKFILL] fellows.joined from agent-96f3e5280484 (ts: 2026-06-07T03:30:13.714626+00:00 < start: 2026-06-07T09:15:10.363Z)
[SKIP-BACKFILL] fellows.joined from agent-551fb91395c9 (ts: 2026-06-07T03:30:20.892741+00:00 < start: 2026-06-07T09:15:10.363Z)
[SKIP-BACKFILL] fellows.joined from agent-0b9cdcac873f (ts: 2026-06-07T03:37:01.745042+00:00 < start: 2026-06-07T09:15:10.363Z)
[SKIP-BACKFILL] fellows.joined from agent-460f48b359fc (ts: 2026-06-07T03:37:01.993597+00:00 < start: 2026-06-07T09:15:10.363Z)
[SKIP-BACKFILL] fellows.joined from agent-7748d1432bf0 (ts: 2026-06-07T03:37:02.298331+00:00 < start: 2026-06-07T09:15:10.363Z)
[SKIP-BACKFILL] fellows.joined from agent-4f752e22c475 (ts: 2026-06-07T03:38:04.854735+00:00 < start: 2026-06-07T09:15:10.363Z)
[SKIP-BACKFILL] fellows.joined from agent-f69770251904 (ts: 2026-06-07T03:40:31.916639+00:00 < start: 2026-06-07T09:15:10.363Z)
[SKIP-BACKFILL] fellows.joined from agent-0bf8ef15d8be (ts: 2026-06-07T03:40:36.963530+00:00 < start: 2026-06-07T09:15:10.363Z)
[SKIP-BACKFILL] fellows.joined from agent-6f511416da3c (ts: 2026-06-07T03:40:44.005379+00:00 < start: 2026-06-07T09:15:10.363Z)
[SKIP-BACKFILL] fellows.joined from agent-29bbc3e464ca (ts: 2026-06-07T03:45:05.777989+00:00 < start: 2026-06-07T09:15:10.363Z)
[SKIP-BACKFILL] fellows.joined from agent-78d9c02b11ec (ts: 2026-06-07T03:45:47.815905+00:00 < start: 2026-06-07T09:15:10.363Z)
[SKIP-BACKFILL] fellows.joined from agent-cfcf5eb3dff9 (ts: 2026-06-07T03:45:52.853585+00:00 < start: 2026-06-07T09:15:10.363Z)
[SKIP-BACKFILL] fellows.joined from agent-0d3ae6786e9d (ts: 2026-06-07T03:46:00.058316+00:00 < start: 2026-06-07T09:15:10.363Z)
[SKIP-BACKFILL] fellows.joined from agent-5b4e579d93e0 (ts: 2026-06-07T04:07:18.257165+00:00 < start: 2026-06-07T09:15:10.363Z)
[SKIP-BACKFILL] fellows.joined from agent-a79a4d97e78c (ts: 2026-06-07T04:07:57.914185+00:00 < start: 2026-06-07T09:15:10.363Z)
[SKIP-BACKFILL] fellows.joined from agent-ca49e8a935ff (ts: 2026-06-07T04:08:02.924371+00:00 < start: 2026-06-07T09:15:10.363Z)
[SKIP-BACKFILL] fellows.joined from agent-21f4f5e4b290 (ts: 2026-06-07T04:08:09.932471+00:00 < start: 2026-06-07T09:15:10.363Z)
[SKIP-BACKFILL] fellows.joined from agent-a578ab1edc32 (ts: 2026-06-07T06:22:24.341249+00:00 < start: 2026-06-07T09:15:10.363Z)
[SKIP-BACKFILL] fellows.joined from agent-48d8326a335c (ts: 2026-06-07T06:22:28.453733+00:00 < start: 2026-06-07T09:15:10.363Z)
[SKIP-BACKFILL] fellows.joined from agent-3a26459081c0 (ts: 2026-06-07T06:22:35.531547+00:00 < start: 2026-06-07T09:15:10.363Z)
[SKIP-BACKFILL] fellows.joined from agent-82e367d8b2c4 (ts: 2026-06-07T08:37:56.692041+00:00 < start: 2026-06-07T09:15:10.363Z)
[SKIP-BACKFILL] fellows.joined from agent-5643a156f527 (ts: 2026-06-07T08:41:42.292176+00:00 < start: 2026-06-07T09:15:10.363Z)
[SLACK] fellows.joined → agent-6de37597dde4
[SLACK] fellows.joined → agent-03a8f003ee02
[ERROR] Stream error: unknown . Reconnecting in 6014ms (attempt 1)...
[CONNECT] attempt=2 last_event_id=tick-4928 next_backoff=6395ms
[OPEN] Stream connected. Listening for events... (pid=12024, last_event_id=tick-4928)
[READY] backfilled 30 events · live tail begins (ts: 2026-06-07T11:44:34.726783+00:00)
[SKIP-BACKFILL] fellows.joined from agent-1ce976aacc6a (ts: 2026-06-07T03:19:09.712986+00:00 < start: 2026-06-07T09:15:10.363Z)
[SKIP-BACKFILL] fellows.joined from agent-f12e9cfc1c74 (ts: 2026-06-07T03:20:43.449171+00:00 < start: 2026-06-07T09:15:10.363Z)
[SKIP-BACKFILL] fellows.joined from agent-5836101ce6a0 (ts: 2026-06-07T03:20:48.449908+00:00 < start: 2026-06-07T09:15:10.363Z)
[SKIP-BACKFILL] fellows.joined from agent-b265127eacef (ts: 2026-06-07T03:20:55.504373+00:00 < start: 2026-06-07T09:15:10.363Z)
[SKIP-BACKFILL] fellows.joined from agent-091ddc8fc217 (ts: 2026-06-07T03:28:26.508756+00:00 < start: 2026-06-07T09:15:10.363Z)
[SKIP-BACKFILL] fellows.joined from agent-38bdd62a0d80 (ts: 2026-06-07T03:30:08.785819+00:00 < start: 2026-06-07T09:15:10.363Z)
[SKIP-BACKFILL] fellows.joined from agent-96f3e5280484 (ts: 2026-06-07T03:30:13.714626+00:00 < start: 2026-06-07T09:15:10.363Z)
[SKIP-BACKFILL] fellows.joined from agent-551fb91395c9 (ts: 2026-06-07T03:30:20.892741+00:00 < start: 2026-06-07T09:15:10.363Z)
[SKIP-BACKFILL] fellows.joined from agent-0b9cdcac873f (ts: 2026-06-07T03:37:01.745042+00:00 < start: 2026-06-07T09:15:10.363Z)
[SKIP-BACKFILL] fellows.joined from agent-460f48b359fc (ts: 2026-06-07T03:37:01.993597+00:00 < start: 2026-06-07T09:15:10.363Z)
[SKIP-BACKFILL] fellows.joined from agent-7748d1432bf0 (ts: 2026-06-07T03:37:02.298331+00:00 < start: 2026-06-07T09:15:10.363Z)
[SKIP-BACKFILL] fellows.joined from agent-4f752e22c475 (ts: 2026-06-07T03:38:04.854735+00:00 < start: 2026-06-07T09:15:10.363Z)
[SKIP-BACKFILL] fellows.joined from agent-f69770251904 (ts: 2026-06-07T03:40:31.916639+00:00 < start: 2026-06-07T09:15:10.363Z)
[SKIP-BACKFILL] fellows.joined from agent-0bf8ef15d8be (ts: 2026-06-07T03:40:36.963530+00:00 < start: 2026-06-07T09:15:10.363Z)
[SKIP-BACKFILL] fellows.joined from agent-6f511416da3c (ts: 2026-06-07T03:40:44.005379+00:00 < start: 2026-06-07T09:15:10.363Z)
[SKIP-BACKFILL] fellows.joined from agent-29bbc3e464ca (ts: 2026-06-07T03:45:05.777989+00:00 < start: 2026-06-07T09:15:10.363Z)
[SKIP-BACKFILL] fellows.joined from agent-78d9c02b11ec (ts: 2026-06-07T03:45:47.815905+00:00 < start: 2026-06-07T09:15:10.363Z)
[SKIP-BACKFILL] fellows.joined from agent-cfcf5eb3dff9 (ts: 2026-06-07T03:45:52.853585+00:00 < start: 2026-06-07T09:15:10.363Z)
[SKIP-BACKFILL] fellows.joined from agent-0d3ae6786e9d (ts: 2026-06-07T03:46:00.058316+00:00 < start: 2026-06-07T09:15:10.363Z)
[SKIP-BACKFILL] fellows.joined from agent-5b4e579d93e0 (ts: 2026-06-07T04:07:18.257165+00:00 < start: 2026-06-07T09:15:10.363Z)
[SKIP-BACKFILL] fellows.joined from agent-a79a4d97e78c (ts: 2026-06-07T04:07:57.914185+00:00 < start: 2026-06-07T09:15:10.363Z)
[SKIP-BACKFILL] fellows.joined from agent-ca49e8a935ff (ts: 2026-06-07T04:08:02.924371+00:00 < start: 2026-06-07T09:15:10.363Z)
[SKIP-BACKFILL] fellows.joined from agent-21f4f5e4b290 (ts: 2026-06-07T04:08:09.932471+00:00 < start: 2026-06-07T09:15:10.363Z)
[SKIP-BACKFILL] fellows.joined from agent-a578ab1edc32 (ts: 2026-06-07T06:22:24.341249+00:00 < start: 2026-06-07T09:15:10.363Z)
[SKIP-BACKFILL] fellows.joined from agent-48d8326a335c (ts: 2026-06-07T06:22:28.453733+00:00 < start: 2026-06-07T09:15:10.363Z)
[SKIP-BACKFILL] fellows.joined from agent-3a26459081c0 (ts: 2026-06-07T06:22:35.531547+00:00 < start: 2026-06-07T09:15:10.363Z)
[SKIP-BACKFILL] fellows.joined from agent-82e367d8b2c4 (ts: 2026-06-07T08:37:56.692041+00:00 < start: 2026-06-07T09:15:10.363Z)
[SKIP-BACKFILL] fellows.joined from agent-5643a156f527 (ts: 2026-06-07T08:41:42.292176+00:00 < start: 2026-06-07T09:15:10.363Z)
[SLACK] fellows.joined → agent-03a8f003ee02
[SLACK] fellows.joined → agent-6de37597dde4
[ERROR] Stream error: unknown . Reconnecting in 6395ms (attempt 1)...
[CONNECT] attempt=2 last_event_id=tick-4931 next_backoff=6188ms
[OPEN] Stream connected. Listening for events... (pid=12024, last_event_id=tick-4931)
[READY] backfilled 30 events · live tail begins (ts: 2026-06-07T11:45:42.178977+00:00)
[SKIP-BACKFILL] fellows.joined from agent-1ce976aacc6a (ts: 2026-06-07T03:19:09.712986+00:00 < start: 2026-06-07T09:15:10.363Z)
[SKIP-BACKFILL] fellows.joined from agent-f12e9cfc1c74 (ts: 2026-06-07T03:20:43.449171+00:00 < start: 2026-06-07T09:15:10.363Z)
[SKIP-BACKFILL] fellows.joined from agent-5836101ce6a0 (ts: 2026-06-07T03:20:48.449908+00:00 < start: 2026-06-07T09:15:10.363Z)
[SKIP-BACKFILL] fellows.joined from agent-b265127eacef (ts: 2026-06-07T03:20:55.504373+00:00 < start: 2026-06-07T09:15:10.363Z)
[SKIP-BACKFILL] fellows.joined from agent-091ddc8fc217 (ts: 2026-06-07T03:28:26.508756+00:00 < start: 2026-06-07T09:15:10.363Z)
[SKIP-BACKFILL] fellows.joined from agent-38bdd62a0d80 (ts: 2026-06-07T03:30:08.785819+00:00 < start: 2026-06-07T09:15:10.363Z)
[SKIP-BACKFILL] fellows.joined from agent-96f3e5280484 (ts: 2026-06-07T03:30:13.714626+00:00 < start: 2026-06-07T09:15:10.363Z)
[SKIP-BACKFILL] fellows.joined from agent-551fb91395c9 (ts: 2026-06-07T03:30:20.892741+00:00 < start: 2026-06-07T09:15:10.363Z)
[SKIP-BACKFILL] fellows.joined from agent-0b9cdcac873f (ts: 2026-06-07T03:37:01.745042+00:00 < start: 2026-06-07T09:15:10.363Z)
[SKIP-BACKFILL] fellows.joined from agent-460f48b359fc (ts: 2026-06-07T03:37:01.993597+00:00 < start: 2026-06-07T09:15:10.363Z)
[SKIP-BACKFILL] fellows.joined from agent-7748d1432bf0 (ts: 2026-06-07T03:37:02.298331+00:00 < start: 2026-06-07T09:15:10.363Z)
[SKIP-BACKFILL] fellows.joined from agent-4f752e22c475 (ts: 2026-06-07T03:38:04.854735+00:00 < start: 2026-06-07T09:15:10.363Z)
[SKIP-BACKFILL] fellows.joined from agent-f69770251904 (ts: 2026-06-07T03:40:31.916639+00:00 < start: 2026-06-07T09:15:10.363Z)
[SKIP-BACKFILL] fellows.joined from agent-0bf8ef15d8be (ts: 2026-06-07T03:40:36.963530+00:00 < start: 2026-06-07T09:15:10.363Z)
[SKIP-BACKFILL] fellows.joined from agent-6f511416da3c (ts: 2026-06-07T03:40:44.005379+00:00 < start: 2026-06-07T09:15:10.363Z)
[SKIP-BACKFILL] fellows.joined from agent-29bbc3e464ca (ts: 2026-06-07T03:45:05.777989+00:00 < start: 2026-06-07T09:15:10.363Z)
[SKIP-BACKFILL] fellows.joined from agent-78d9c02b11ec (ts: 2026-06-07T03:45:47.815905+00:00 < start: 2026-06-07T09:15:10.363Z)
[SKIP-BACKFILL] fellows.joined from agent-cfcf5eb3dff9 (ts: 2026-06-07T03:45:52.853585+00:00 < start: 2026-06-07T09:15:10.363Z)
[SKIP-BACKFILL] fellows.joined from agent-0d3ae6786e9d (ts: 2026-06-07T03:46:00.058316+00:00 < start: 2026-06-07T09:15:10.363Z)
[SKIP-BACKFILL] fellows.joined from agent-5b4e579d93e0 (ts: 2026-06-07T04:07:18.257165+00:00 < start: 2026-06-07T09:15:10.363Z)
[SKIP-BACKFILL] fellows.joined from agent-a79a4d97e78c (ts: 2026-06-07T04:07:57.914185+00:00 < start: 2026-06-07T09:15:10.363Z)
[SKIP-BACKFILL] fellows.joined from agent-ca49e8a935ff (ts: 2026-06-07T04:08:02.924371+00:00 < start: 2026-06-07T09:15:10.363Z)
[SKIP-BACKFILL] fellows.joined from agent-21f4f5e4b290 (ts: 2026-06-07T04:08:09.932471+00:00 < start: 2026-06-07T09:15:10.363Z)
[SKIP-BACKFILL] fellows.joined from agent-a578ab1edc32 (ts: 2026-06-07T06:22:24.341249+00:00 < start: 2026-06-07T09:15:10.363Z)
[SKIP-BACKFILL] fellows.joined from agent-48d8326a335c (ts: 2026-06-07T06:22:28.453733+00:00 < start: 2026-06-07T09:15:10.363Z)
[SKIP-BACKFILL] fellows.joined from agent-3a26459081c0 (ts: 2026-06-07T06:22:35.531547+00:00 < start: 2026-06-07T09:15:10.363Z)
[SKIP-BACKFILL] fellows.joined from agent-82e367d8b2c4 (ts: 2026-06-07T08:37:56.692041+00:00 < start: 2026-06-07T09:15:10.363Z)
[SKIP-BACKFILL] fellows.joined from agent-5643a156f527 (ts: 2026-06-07T08:41:42.292176+00:00 < start: 2026-06-07T09:15:10.363Z)
[SLACK] fellows.joined → agent-03a8f003ee02
[SLACK] fellows.joined → agent-6de37597dde4
[ERROR] Stream error: unknown . Reconnecting in 6188ms (attempt 1)...
[CONNECT] attempt=2 last_event_id=tick-4933 next_backoff=6005ms
[OPEN] Stream connected. Listening for events... (pid=12024, last_event_id=tick-4933)
[READY] backfilled 30 events · live tail begins (ts: 2026-06-07T11:46:48.639731+00:00)
[SKIP-BACKFILL] fellows.joined from agent-1ce976aacc6a (ts: 2026-06-07T03:19:09.712986+00:00 < start: 2026-06-07T09:15:10.363Z)
[SKIP-BACKFILL] fellows.joined from agent-f12e9cfc1c74 (ts: 2026-06-07T03:20:43.449171+00:00 < start: 2026-06-07T09:15:10.363Z)
[SKIP-BACKFILL] fellows.joined from agent-5836101ce6a0 (ts: 2026-06-07T03:20:48.449908+00:00 < start: 2026-06-07T09:15:10.363Z)
[SKIP-BACKFILL] fellows.joined from agent-b265127eacef (ts: 2026-06-07T03:20:55.504373+00:00 < start: 2026-06-07T09:15:10.363Z)
[SKIP-BACKFILL] fellows.joined from agent-091ddc8fc217 (ts: 2026-06-07T03:28:26.508756+00:00 < start: 2026-06-07T09:15:10.363Z)
[SKIP-BACKFILL] fellows.joined from agent-38bdd62a0d80 (ts: 2026-06-07T03:30:08.785819+00:00 < start: 2026-06-07T09:15:10.363Z)
[SKIP-BACKFILL] fellows.joined from agent-96f3e5280484 (ts: 2026-06-07T03:30:13.714626+00:00 < start: 2026-06-07T09:15:10.363Z)
[SKIP-BACKFILL] fellows.joined from agent-551fb91395c9 (ts: 2026-06-07T03:30:20.892741+00:00 < start: 2026-06-07T09:15:10.363Z)
[SKIP-BACKFILL] fellows.joined from agent-0b9cdcac873f (ts: 2026-06-07T03:37:01.745042+00:00 < start: 2026-06-07T09:15:10.363Z)
[SKIP-BACKFILL] fellows.joined from agent-460f48b359fc (ts: 2026-06-07T03:37:01.993597+00:00 < start: 2026-06-07T09:15:10.363Z)
[SKIP-BACKFILL] fellows.joined from agent-7748d1432bf0 (ts: 2026-06-07T03:37:02.298331+00:00 < start: 2026-06-07T09:15:10.363Z)
[SKIP-BACKFILL] fellows.joined from agent-4f752e22c475 (ts: 2026-06-07T03:38:04.854735+00:00 < start: 2026-06-07T09:15:10.363Z)
[SKIP-BACKFILL] fellows.joined from agent-f69770251904 (ts: 2026-06-07T03:40:31.916639+00:00 < start: 2026-06-07T09:15:10.363Z)
[SKIP-BACKFILL] fellows.joined from agent-0bf8ef15d8be (ts: 2026-06-07T03:40:36.963530+00:00 < start: 2026-06-07T09:15:10.363Z)
[SKIP-BACKFILL] fellows.joined from agent-6f511416da3c (ts: 2026-06-07T03:40:44.005379+00:00 < start: 2026-06-07T09:15:10.363Z)
[SKIP-BACKFILL] fellows.joined from agent-29bbc3e464ca (ts: 2026-06-07T03:45:05.777989+00:00 < start: 2026-06-07T09:15:10.363Z)
[SKIP-BACKFILL] fellows.joined from agent-78d9c02b11ec (ts: 2026-06-07T03:45:47.815905+00:00 < start: 2026-06-07T09:15:10.363Z)
[SKIP-BACKFILL] fellows.joined from agent-cfcf5eb3dff9 (ts: 2026-06-07T03:45:52.853585+00:00 < start: 2026-06-07T09:15:10.363Z)
[SKIP-BACKFILL] fellows.joined from agent-0d3ae6786e9d (ts: 2026-06-07T03:46:00.058316+00:00 < start: 2026-06-07T09:15:10.363Z)
[SKIP-BACKFILL] fellows.joined from agent-5b4e579d93e0 (ts: 2026-06-07T04:07:18.257165+00:00 < start: 2026-06-07T09:15:10.363Z)
[SKIP-BACKFILL] fellows.joined from agent-a79a4d97e78c (ts: 2026-06-07T04:07:57.914185+00:00 < start: 2026-06-07T09:15:10.363Z)
[SKIP-BACKFILL] fellows.joined from agent-ca49e8a935ff (ts: 2026-06-07T04:08:02.924371+00:00 < start: 2026-06-07T09:15:10.363Z)
[SKIP-BACKFILL] fellows.joined from agent-21f4f5e4b290 (ts: 2026-06-07T04:08:09.932471+00:00 < start: 2026-06-07T09:15:10.363Z)
[SKIP-BACKFILL] fellows.joined from agent-a578ab1edc32 (ts: 2026-06-07T06:22:24.341249+00:00 < start: 2026-06-07T09:15:10.363Z)
[SKIP-BACKFILL] fellows.joined from agent-48d8326a335c (ts: 2026-06-07T06:22:28.453733+00:00 < start: 2026-06-07T09:15:10.363Z)
[SKIP-BACKFILL] fellows.joined from agent-3a26459081c0 (ts: 2026-06-07T06:22:35.531547+00:00 < start: 2026-06-07T09:15:10.363Z)
[SKIP-BACKFILL] fellows.joined from agent-82e367d8b2c4 (ts: 2026-06-07T08:37:56.692041+00:00 < start: 2026-06-07T09:15:10.363Z)
[SKIP-BACKFILL] fellows.joined from agent-5643a156f527 (ts: 2026-06-07T08:41:42.292176+00:00 < start: 2026-06-07T09:15:10.363Z)
[SLACK] fellows.joined → agent-6de37597dde4
[SLACK] fellows.joined → agent-03a8f003ee02
[ERROR] Stream error: unknown . Reconnecting in 6005ms (attempt 1)...
[CONNECT] attempt=2 last_event_id=tick-4935 next_backoff=6620ms
[OPEN] Stream connected. Listening for events... (pid=12024, last_event_id=tick-4935)
[READY] backfilled 30 events · live tail begins (ts: 2026-06-07T11:47:54.820401+00:00)
[SKIP-BACKFILL] fellows.joined from agent-1ce976aacc6a (ts: 2026-06-07T03:19:09.712986+00:00 < start: 2026-06-07T09:15:10.363Z)
[SKIP-BACKFILL] fellows.joined from agent-f12e9cfc1c74 (ts: 2026-06-07T03:20:43.449171+00:00 < start: 2026-06-07T09:15:10.363Z)
[SKIP-BACKFILL] fellows.joined from agent-5836101ce6a0 (ts: 2026-06-07T03:20:48.449908+00:00 < start: 2026-06-07T09:15:10.363Z)
[SKIP-BACKFILL] fellows.joined from agent-b265127eacef (ts: 2026-06-07T03:20:55.504373+00:00 < start: 2026-06-07T09:15:10.363Z)
[SKIP-BACKFILL] fellows.joined from agent-091ddc8fc217 (ts: 2026-06-07T03:28:26.508756+00:00 < start: 2026-06-07T09:15:10.363Z)
[SKIP-BACKFILL] fellows.joined from agent-38bdd62a0d80 (ts: 2026-06-07T03:30:08.785819+00:00 < start: 2026-06-07T09:15:10.363Z)
[SKIP-BACKFILL] fellows.joined from agent-96f3e5280484 (ts: 2026-06-07T03:30:13.714626+00:00 < start: 2026-06-07T09:15:10.363Z)
[SKIP-BACKFILL] fellows.joined from agent-551fb91395c9 (ts: 2026-06-07T03:30:20.892741+00:00 < start: 2026-06-07T09:15:10.363Z)
[SKIP-BACKFILL] fellows.joined from agent-0b9cdcac873f (ts: 2026-06-07T03:37:01.745042+00:00 < start: 2026-06-07T09:15:10.363Z)
[SKIP-BACKFILL] fellows.joined from agent-460f48b359fc (ts: 2026-06-07T03:37:01.993597+00:00 < start: 2026-06-07T09:15:10.363Z)
[SKIP-BACKFILL] fellows.joined from agent-7748d1432bf0 (ts: 2026-06-07T03:37:02.298331+00:00 < start: 2026-06-07T09:15:10.363Z)
[SKIP-BACKFILL] fellows.joined from agent-4f752e22c475 (ts: 2026-06-07T03:38:04.854735+00:00 < start: 2026-06-07T09:15:10.363Z)
[SKIP-BACKFILL] fellows.joined from agent-f69770251904 (ts: 2026-06-07T03:40:31.916639+00:00 < start: 2026-06-07T09:15:10.363Z)
[SKIP-BACKFILL] fellows.joined from agent-0bf8ef15d8be (ts: 2026-06-07T03:40:36.963530+00:00 < start: 2026-06-07T09:15:10.363Z)
[SKIP-BACKFILL] fellows.joined from agent-6f511416da3c (ts: 2026-06-07T03:40:44.005379+00:00 < start: 2026-06-07T09:15:10.363Z)
[SKIP-BACKFILL] fellows.joined from agent-29bbc3e464ca (ts: 2026-06-07T03:45:05.777989+00:00 < start: 2026-06-07T09:15:10.363Z)
[SKIP-BACKFILL] fellows.joined from agent-78d9c02b11ec (ts: 2026-06-07T03:45:47.815905+00:00 < start: 2026-06-07T09:15:10.363Z)
[SKIP-BACKFILL] fellows.joined from agent-cfcf5eb3dff9 (ts: 2026-06-07T03:45:52.853585+00:00 < start: 2026-06-07T09:15:10.363Z)
[SKIP-BACKFILL] fellows.joined from agent-0d3ae6786e9d (ts: 2026-06-07T03:46:00.058316+00:00 < start: 2026-06-07T09:15:10.363Z)
[SKIP-BACKFILL] fellows.joined from agent-5b4e579d93e0 (ts: 2026-06-07T04:07:18.257165+00:00 < start: 2026-06-07T09:15:10.363Z)
[SKIP-BACKFILL] fellows.joined from agent-a79a4d97e78c (ts: 2026-06-07T04:07:57.914185+00:00 < start: 2026-06-07T09:15:10.363Z)
[SKIP-BACKFILL] fellows.joined from agent-ca49e8a935ff (ts: 2026-06-07T04:08:02.924371+00:00 < start: 2026-06-07T09:15:10.363Z)
[SKIP-BACKFILL] fellows.joined from agent-21f4f5e4b290 (ts: 2026-06-07T04:08:09.932471+00:00 < start: 2026-06-07T09:15:10.363Z)
[SKIP-BACKFILL] fellows.joined from agent-a578ab1edc32 (ts: 2026-06-07T06:22:24.341249+00:00 < start: 2026-06-07T09:15:10.363Z)
[SKIP-BACKFILL] fellows.joined from agent-48d8326a335c (ts: 2026-06-07T06:22:28.453733+00:00 < start: 2026-06-07T09:15:10.363Z)
[SKIP-BACKFILL] fellows.joined from agent-3a26459081c0 (ts: 2026-06-07T06:22:35.531547+00:00 < start: 2026-06-07T09:15:10.363Z)
[SKIP-BACKFILL] fellows.joined from agent-82e367d8b2c4 (ts: 2026-06-07T08:37:56.692041+00:00 < start: 2026-06-07T09:15:10.363Z)
[SKIP-BACKFILL] fellows.joined from agent-5643a156f527 (ts: 2026-06-07T08:41:42.292176+00:00 < start: 2026-06-07T09:15:10.363Z)
[SLACK] fellows.joined → agent-03a8f003ee02
[SLACK] fellows.joined → agent-6de37597dde4
[ERROR] Stream error: unknown . Reconnecting in 6620ms (attempt 1)...
[CONNECT] attempt=2 last_event_id=tick-4937 next_backoff=6144ms
[OPEN] Stream connected. Listening for events... (pid=12024, last_event_id=tick-4937)
[READY] backfilled 30 events · live tail begins (ts: 2026-06-07T11:49:01.589823+00:00)
[SKIP-BACKFILL] fellows.joined from agent-1ce976aacc6a (ts: 2026-06-07T03:19:09.712986+00:00 < start: 2026-06-07T09:15:10.363Z)
[SKIP-BACKFILL] fellows.joined from agent-f12e9cfc1c74 (ts: 2026-06-07T03:20:43.449171+00:00 < start: 2026-06-07T09:15:10.363Z)
[SKIP-BACKFILL] fellows.joined from agent-5836101ce6a0 (ts: 2026-06-07T03:20:48.449908+00:00 < start: 2026-06-07T09:15:10.363Z)
[SKIP-BACKFILL] fellows.joined from agent-b265127eacef (ts: 2026-06-07T03:20:55.504373+00:00 < start: 2026-06-07T09:15:10.363Z)
[SKIP-BACKFILL] fellows.joined from agent-091ddc8fc217 (ts: 2026-06-07T03:28:26.508756+00:00 < start: 2026-06-07T09:15:10.363Z)
[SKIP-BACKFILL] fellows.joined from agent-38bdd62a0d80 (ts: 2026-06-07T03:30:08.785819+00:00 < start: 2026-06-07T09:15:10.363Z)
[SKIP-BACKFILL] fellows.joined from agent-96f3e5280484 (ts: 2026-06-07T03:30:13.714626+00:00 < start: 2026-06-07T09:15:10.363Z)
[SKIP-BACKFILL] fellows.joined from agent-551fb91395c9 (ts: 2026-06-07T03:30:20.892741+00:00 < start: 2026-06-07T09:15:10.363Z)
[SKIP-BACKFILL] fellows.joined from agent-0b9cdcac873f (ts: 2026-06-07T03:37:01.745042+00:00 < start: 2026-06-07T09:15:10.363Z)
[SKIP-BACKFILL] fellows.joined from agent-460f48b359fc (ts: 2026-06-07T03:37:01.993597+00:00 < start: 2026-06-07T09:15:10.363Z)
[SKIP-BACKFILL] fellows.joined from agent-7748d1432bf0 (ts: 2026-06-07T03:37:02.298331+00:00 < start: 2026-06-07T09:15:10.363Z)
[SKIP-BACKFILL] fellows.joined from agent-4f752e22c475 (ts: 2026-06-07T03:38:04.854735+00:00 < start: 2026-06-07T09:15:10.363Z)
[SKIP-BACKFILL] fellows.joined from agent-f69770251904 (ts: 2026-06-07T03:40:31.916639+00:00 < start: 2026-06-07T09:15:10.363Z)
[SKIP-BACKFILL] fellows.joined from agent-0bf8ef15d8be (ts: 2026-06-07T03:40:36.963530+00:00 < start: 2026-06-07T09:15:10.363Z)
[SKIP-BACKFILL] fellows.joined from agent-6f511416da3c (ts: 2026-06-07T03:40:44.005379+00:00 < start: 2026-06-07T09:15:10.363Z)
[SKIP-BACKFILL] fellows.joined from agent-29bbc3e464ca (ts: 2026-06-07T03:45:05.777989+00:00 < start: 2026-06-07T09:15:10.363Z)
[SKIP-BACKFILL] fellows.joined from agent-78d9c02b11ec (ts: 2026-06-07T03:45:47.815905+00:00 < start: 2026-06-07T09:15:10.363Z)
[SKIP-BACKFILL] fellows.joined from agent-cfcf5eb3dff9 (ts: 2026-06-07T03:45:52.853585+00:00 < start: 2026-06-07T09:15:10.363Z)
[SKIP-BACKFILL] fellows.joined from agent-0d3ae6786e9d (ts: 2026-06-07T03:46:00.058316+00:00 < start: 2026-06-07T09:15:10.363Z)
[SKIP-BACKFILL] fellows.joined from agent-5b4e579d93e0 (ts: 2026-06-07T04:07:18.257165+00:00 < start: 2026-06-07T09:15:10.363Z)
[SKIP-BACKFILL] fellows.joined from agent-a79a4d97e78c (ts: 2026-06-07T04:07:57.914185+00:00 < start: 2026-06-07T09:15:10.363Z)
[SKIP-BACKFILL] fellows.joined from agent-ca49e8a935ff (ts: 2026-06-07T04:08:02.924371+00:00 < start: 2026-06-07T09:15:10.363Z)
[SKIP-BACKFILL] fellows.joined from agent-21f4f5e4b290 (ts: 2026-06-07T04:08:09.932471+00:00 < start: 2026-06-07T09:15:10.363Z)
[SKIP-BACKFILL] fellows.joined from agent-a578ab1edc32 (ts: 2026-06-07T06:22:24.341249+00:00 < start: 2026-06-07T09:15:10.363Z)
[SKIP-BACKFILL] fellows.joined from agent-48d8326a335c (ts: 2026-06-07T06:22:28.453733+00:00 < start: 2026-06-07T09:15:10.363Z)
[SKIP-BACKFILL] fellows.joined from agent-3a26459081c0 (ts: 2026-06-07T06:22:35.531547+00:00 < start: 2026-06-07T09:15:10.363Z)
[SKIP-BACKFILL] fellows.joined from agent-82e367d8b2c4 (ts: 2026-06-07T08:37:56.692041+00:00 < start: 2026-06-07T09:15:10.363Z)
[SKIP-BACKFILL] fellows.joined from agent-5643a156f527 (ts: 2026-06-07T08:41:42.292176+00:00 < start: 2026-06-07T09:15:10.363Z)
[SLACK] fellows.joined → agent-6de37597dde4
[SLACK] fellows.joined → agent-03a8f003ee02
[ERROR] Stream error: unknown . Reconnecting in 6144ms (attempt 1)...
[CONNECT] attempt=2 last_event_id=tick-4939 next_backoff=6915ms
[OPEN] Stream connected. Listening for events... (pid=12024, last_event_id=tick-4939)
[READY] backfilled 30 events · live tail begins (ts: 2026-06-07T11:50:08.107090+00:00)
[SKIP-BACKFILL] fellows.joined from agent-1ce976aacc6a (ts: 2026-06-07T03:19:09.712986+00:00 < start: 2026-06-07T09:15:10.363Z)
[SKIP-BACKFILL] fellows.joined from agent-f12e9cfc1c74 (ts: 2026-06-07T03:20:43.449171+00:00 < start: 2026-06-07T09:15:10.363Z)
[SKIP-BACKFILL] fellows.joined from agent-5836101ce6a0 (ts: 2026-06-07T03:20:48.449908+00:00 < start: 2026-06-07T09:15:10.363Z)
[SKIP-BACKFILL] fellows.joined from agent-b265127eacef (ts: 2026-06-07T03:20:55.504373+00:00 < start: 2026-06-07T09:15:10.363Z)
[SKIP-BACKFILL] fellows.joined from agent-091ddc8fc217 (ts: 2026-06-07T03:28:26.508756+00:00 < start: 2026-06-07T09:15:10.363Z)
[SKIP-BACKFILL] fellows.joined from agent-38bdd62a0d80 (ts: 2026-06-07T03:30:08.785819+00:00 < start: 2026-06-07T09:15:10.363Z)
[SKIP-BACKFILL] fellows.joined from agent-96f3e5280484 (ts: 2026-06-07T03:30:13.714626+00:00 < start: 2026-06-07T09:15:10.363Z)
[SKIP-BACKFILL] fellows.joined from agent-551fb91395c9 (ts: 2026-06-07T03:30:20.892741+00:00 < start: 2026-06-07T09:15:10.363Z)
[SKIP-BACKFILL] fellows.joined from agent-0b9cdcac873f (ts: 2026-06-07T03:37:01.745042+00:00 < start: 2026-06-07T09:15:10.363Z)
[SKIP-BACKFILL] fellows.joined from agent-460f48b359fc (ts: 2026-06-07T03:37:01.993597+00:00 < start: 2026-06-07T09:15:10.363Z)
[SKIP-BACKFILL] fellows.joined from agent-7748d1432bf0 (ts: 2026-06-07T03:37:02.298331+00:00 < start: 2026-06-07T09:15:10.363Z)
[SKIP-BACKFILL] fellows.joined from agent-4f752e22c475 (ts: 2026-06-07T03:38:04.854735+00:00 < start: 2026-06-07T09:15:10.363Z)
[SKIP-BACKFILL] fellows.joined from agent-f69770251904 (ts: 2026-06-07T03:40:31.916639+00:00 < start: 2026-06-07T09:15:10.363Z)
[SKIP-BACKFILL] fellows.joined from agent-0bf8ef15d8be (ts: 2026-06-07T03:40:36.963530+00:00 < start: 2026-06-07T09:15:10.363Z)
[SKIP-BACKFILL] fellows.joined from agent-6f511416da3c (ts: 2026-06-07T03:40:44.005379+00:00 < start: 2026-06-07T09:15:10.363Z)
[SKIP-BACKFILL] fellows.joined from agent-29bbc3e464ca (ts: 2026-06-07T03:45:05.777989+00:00 < start: 2026-06-07T09:15:10.363Z)
[SKIP-BACKFILL] fellows.joined from agent-78d9c02b11ec (ts: 2026-06-07T03:45:47.815905+00:00 < start: 2026-06-07T09:15:10.363Z)
[SKIP-BACKFILL] fellows.joined from agent-cfcf5eb3dff9 (ts: 2026-06-07T03:45:52.853585+00:00 < start: 2026-06-07T09:15:10.363Z)
[SKIP-BACKFILL] fellows.joined from agent-0d3ae6786e9d (ts: 2026-06-07T03:46:00.058316+00:00 < start: 2026-06-07T09:15:10.363Z)
[SKIP-BACKFILL] fellows.joined from agent-5b4e579d93e0 (ts: 2026-06-07T04:07:18.257165+00:00 < start: 2026-06-07T09:15:10.363Z)
[SKIP-BACKFILL] fellows.joined from agent-a79a4d97e78c (ts: 2026-06-07T04:07:57.914185+00:00 < start: 2026-06-07T09:15:10.363Z)
[SKIP-BACKFILL] fellows.joined from agent-ca49e8a935ff (ts: 2026-06-07T04:08:02.924371+00:00 < start: 2026-06-07T09:15:10.363Z)
[SKIP-BACKFILL] fellows.joined from agent-21f4f5e4b290 (ts: 2026-06-07T04:08:09.932471+00:00 < start: 2026-06-07T09:15:10.363Z)
[SKIP-BACKFILL] fellows.joined from agent-a578ab1edc32 (ts: 2026-06-07T06:22:24.341249+00:00 < start: 2026-06-07T09:15:10.363Z)
[SKIP-BACKFILL] fellows.joined from agent-48d8326a335c (ts: 2026-06-07T06:22:28.453733+00:00 < start: 2026-06-07T09:15:10.363Z)
[SKIP-BACKFILL] fellows.joined from agent-3a26459081c0 (ts: 2026-06-07T06:22:35.531547+00:00 < start: 2026-06-07T09:15:10.363Z)
[SKIP-BACKFILL] fellows.joined from agent-82e367d8b2c4 (ts: 2026-06-07T08:37:56.692041+00:00 < start: 2026-06-07T09:15:10.363Z)
[SKIP-BACKFILL] fellows.joined from agent-5643a156f527 (ts: 2026-06-07T08:41:42.292176+00:00 < start: 2026-06-07T09:15:10.363Z)
[SLACK] fellows.joined → agent-6de37597dde4
[SLACK] fellows.joined → agent-03a8f003ee02
[ERROR] Stream error: unknown . Reconnecting in 6915ms (attempt 1)...
[CONNECT] attempt=2 last_event_id=tick-4942 next_backoff=6514ms
[OPEN] Stream connected. Listening for events... (pid=12024, last_event_id=tick-4942)
[READY] backfilled 30 events · live tail begins (ts: 2026-06-07T11:51:15.209361+00:00)
[SKIP-BACKFILL] fellows.joined from agent-1ce976aacc6a (ts: 2026-06-07T03:19:09.712986+00:00 < start: 2026-06-07T09:15:10.363Z)
[SKIP-BACKFILL] fellows.joined from agent-f12e9cfc1c74 (ts: 2026-06-07T03:20:43.449171+00:00 < start: 2026-06-07T09:15:10.363Z)
[SKIP-BACKFILL] fellows.joined from agent-5836101ce6a0 (ts: 2026-06-07T03:20:48.449908+00:00 < start: 2026-06-07T09:15:10.363Z)
[SKIP-BACKFILL] fellows.joined from agent-b265127eacef (ts: 2026-06-07T03:20:55.504373+00:00 < start: 2026-06-07T09:15:10.363Z)
[SKIP-BACKFILL] fellows.joined from agent-091ddc8fc217 (ts: 2026-06-07T03:28:26.508756+00:00 < start: 2026-06-07T09:15:10.363Z)
[SKIP-BACKFILL] fellows.joined from agent-38bdd62a0d80 (ts: 2026-06-07T03:30:08.785819+00:00 < start: 2026-06-07T09:15:10.363Z)
[SKIP-BACKFILL] fellows.joined from agent-96f3e5280484 (ts: 2026-06-07T03:30:13.714626+00:00 < start: 2026-06-07T09:15:10.363Z)
[SKIP-BACKFILL] fellows.joined from agent-551fb91395c9 (ts: 2026-06-07T03:30:20.892741+00:00 < start: 2026-06-07T09:15:10.363Z)
[SKIP-BACKFILL] fellows.joined from agent-0b9cdcac873f (ts: 2026-06-07T03:37:01.745042+00:00 < start: 2026-06-07T09:15:10.363Z)
[SKIP-BACKFILL] fellows.joined from agent-460f48b359fc (ts: 2026-06-07T03:37:01.993597+00:00 < start: 2026-06-07T09:15:10.363Z)
[SKIP-BACKFILL] fellows.joined from agent-7748d1432bf0 (ts: 2026-06-07T03:37:02.298331+00:00 < start: 2026-06-07T09:15:10.363Z)
[SKIP-BACKFILL] fellows.joined from agent-4f752e22c475 (ts: 2026-06-07T03:38:04.854735+00:00 < start: 2026-06-07T09:15:10.363Z)
[SKIP-BACKFILL] fellows.joined from agent-f69770251904 (ts: 2026-06-07T03:40:31.916639+00:00 < start: 2026-06-07T09:15:10.363Z)
[SKIP-BACKFILL] fellows.joined from agent-0bf8ef15d8be (ts: 2026-06-07T03:40:36.963530+00:00 < start: 2026-06-07T09:15:10.363Z)
[SKIP-BACKFILL] fellows.joined from agent-6f511416da3c (ts: 2026-06-07T03:40:44.005379+00:00 < start: 2026-06-07T09:15:10.363Z)
[SKIP-BACKFILL] fellows.joined from agent-29bbc3e464ca (ts: 2026-06-07T03:45:05.777989+00:00 < start: 2026-06-07T09:15:10.363Z)
[SKIP-BACKFILL] fellows.joined from agent-78d9c02b11ec (ts: 2026-06-07T03:45:47.815905+00:00 < start: 2026-06-07T09:15:10.363Z)
[SKIP-BACKFILL] fellows.joined from agent-cfcf5eb3dff9 (ts: 2026-06-07T03:45:52.853585+00:00 < start: 2026-06-07T09:15:10.363Z)
[SKIP-BACKFILL] fellows.joined from agent-0d3ae6786e9d (ts: 2026-06-07T03:46:00.058316+00:00 < start: 2026-06-07T09:15:10.363Z)
[SKIP-BACKFILL] fellows.joined from agent-5b4e579d93e0 (ts: 2026-06-07T04:07:18.257165+00:00 < start: 2026-06-07T09:15:10.363Z)
[SKIP-BACKFILL] fellows.joined from agent-a79a4d97e78c (ts: 2026-06-07T04:07:57.914185+00:00 < start: 2026-06-07T09:15:10.363Z)
[SKIP-BACKFILL] fellows.joined from agent-ca49e8a935ff (ts: 2026-06-07T04:08:02.924371+00:00 < start: 2026-06-07T09:15:10.363Z)
[SKIP-BACKFILL] fellows.joined from agent-21f4f5e4b290 (ts: 2026-06-07T04:08:09.932471+00:00 < start: 2026-06-07T09:15:10.363Z)
[SKIP-BACKFILL] fellows.joined from agent-a578ab1edc32 (ts: 2026-06-07T06:22:24.341249+00:00 < start: 2026-06-07T09:15:10.363Z)
[SKIP-BACKFILL] fellows.joined from agent-48d8326a335c (ts: 2026-06-07T06:22:28.453733+00:00 < start: 2026-06-07T09:15:10.363Z)
[SKIP-BACKFILL] fellows.joined from agent-3a26459081c0 (ts: 2026-06-07T06:22:35.531547+00:00 < start: 2026-06-07T09:15:10.363Z)
[SKIP-BACKFILL] fellows.joined from agent-82e367d8b2c4 (ts: 2026-06-07T08:37:56.692041+00:00 < start: 2026-06-07T09:15:10.363Z)
[SKIP-BACKFILL] fellows.joined from agent-5643a156f527 (ts: 2026-06-07T08:41:42.292176+00:00 < start: 2026-06-07T09:15:10.363Z)
[SLACK] fellows.joined → agent-03a8f003ee02
[SLACK] fellows.joined → agent-6de37597dde4
[ERROR] Stream error: unknown . Reconnecting in 6514ms (attempt 1)...
[CONNECT] attempt=2 last_event_id=tick-4944 next_backoff=6040ms
[OPEN] Stream connected. Listening for events... (pid=12024, last_event_id=tick-4944)
[READY] backfilled 30 events · live tail begins (ts: 2026-06-07T11:52:21.899889+00:00)
[SKIP-BACKFILL] fellows.joined from agent-1ce976aacc6a (ts: 2026-06-07T03:19:09.712986+00:00 < start: 2026-06-07T09:15:10.363Z)
[SKIP-BACKFILL] fellows.joined from agent-f12e9cfc1c74 (ts: 2026-06-07T03:20:43.449171+00:00 < start: 2026-06-07T09:15:10.363Z)
[SKIP-BACKFILL] fellows.joined from agent-5836101ce6a0 (ts: 2026-06-07T03:20:48.449908+00:00 < start: 2026-06-07T09:15:10.363Z)
[SKIP-BACKFILL] fellows.joined from agent-b265127eacef (ts: 2026-06-07T03:20:55.504373+00:00 < start: 2026-06-07T09:15:10.363Z)
[SKIP-BACKFILL] fellows.joined from agent-091ddc8fc217 (ts: 2026-06-07T03:28:26.508756+00:00 < start: 2026-06-07T09:15:10.363Z)
[SKIP-BACKFILL] fellows.joined from agent-38bdd62a0d80 (ts: 2026-06-07T03:30:08.785819+00:00 < start: 2026-06-07T09:15:10.363Z)
[SKIP-BACKFILL] fellows.joined from agent-96f3e5280484 (ts: 2026-06-07T03:30:13.714626+00:00 < start: 2026-06-07T09:15:10.363Z)
[SKIP-BACKFILL] fellows.joined from agent-551fb91395c9 (ts: 2026-06-07T03:30:20.892741+00:00 < start: 2026-06-07T09:15:10.363Z)
[SKIP-BACKFILL] fellows.joined from agent-0b9cdcac873f (ts: 2026-06-07T03:37:01.745042+00:00 < start: 2026-06-07T09:15:10.363Z)
[SKIP-BACKFILL] fellows.joined from agent-460f48b359fc (ts: 2026-06-07T03:37:01.993597+00:00 < start: 2026-06-07T09:15:10.363Z)
[SKIP-BACKFILL] fellows.joined from agent-7748d1432bf0 (ts: 2026-06-07T03:37:02.298331+00:00 < start: 2026-06-07T09:15:10.363Z)
[SKIP-BACKFILL] fellows.joined from agent-4f752e22c475 (ts: 2026-06-07T03:38:04.854735+00:00 < start: 2026-06-07T09:15:10.363Z)
[SKIP-BACKFILL] fellows.joined from agent-f69770251904 (ts: 2026-06-07T03:40:31.916639+00:00 < start: 2026-06-07T09:15:10.363Z)
[SKIP-BACKFILL] fellows.joined from agent-0bf8ef15d8be (ts: 2026-06-07T03:40:36.963530+00:00 < start: 2026-06-07T09:15:10.363Z)
[SKIP-BACKFILL] fellows.joined from agent-6f511416da3c (ts: 2026-06-07T03:40:44.005379+00:00 < start: 2026-06-07T09:15:10.363Z)
[SKIP-BACKFILL] fellows.joined from agent-29bbc3e464ca (ts: 2026-06-07T03:45:05.777989+00:00 < start: 2026-06-07T09:15:10.363Z)
[SKIP-BACKFILL] fellows.joined from agent-78d9c02b11ec (ts: 2026-06-07T03:45:47.815905+00:00 < start: 2026-06-07T09:15:10.363Z)
[SKIP-BACKFILL] fellows.joined from agent-cfcf5eb3dff9 (ts: 2026-06-07T03:45:52.853585+00:00 < start: 2026-06-07T09:15:10.363Z)
[SKIP-BACKFILL] fellows.joined from agent-0d3ae6786e9d (ts: 2026-06-07T03:46:00.058316+00:00 < start: 2026-06-07T09:15:10.363Z)
[SKIP-BACKFILL] fellows.joined from agent-5b4e579d93e0 (ts: 2026-06-07T04:07:18.257165+00:00 < start: 2026-06-07T09:15:10.363Z)
[SKIP-BACKFILL] fellows.joined from agent-a79a4d97e78c (ts: 2026-06-07T04:07:57.914185+00:00 < start: 2026-06-07T09:15:10.363Z)
[SKIP-BACKFILL] fellows.joined from agent-ca49e8a935ff (ts: 2026-06-07T04:08:02.924371+00:00 < start: 2026-06-07T09:15:10.363Z)
[SKIP-BACKFILL] fellows.joined from agent-21f4f5e4b290 (ts: 2026-06-07T04:08:09.932471+00:00 < start: 2026-06-07T09:15:10.363Z)
[SKIP-BACKFILL] fellows.joined from agent-a578ab1edc32 (ts: 2026-06-07T06:22:24.341249+00:00 < start: 2026-06-07T09:15:10.363Z)
[SKIP-BACKFILL] fellows.joined from agent-48d8326a335c (ts: 2026-06-07T06:22:28.453733+00:00 < start: 2026-06-07T09:15:10.363Z)
[SKIP-BACKFILL] fellows.joined from agent-3a26459081c0 (ts: 2026-06-07T06:22:35.531547+00:00 < start: 2026-06-07T09:15:10.363Z)
[SKIP-BACKFILL] fellows.joined from agent-82e367d8b2c4 (ts: 2026-06-07T08:37:56.692041+00:00 < start: 2026-06-07T09:15:10.363Z)
[SKIP-BACKFILL] fellows.joined from agent-5643a156f527 (ts: 2026-06-07T08:41:42.292176+00:00 < start: 2026-06-07T09:15:10.363Z)
[SLACK] fellows.joined → agent-03a8f003ee02
[SLACK] fellows.joined → agent-6de37597dde4
[ERROR] Stream error: unknown . Reconnecting in 6040ms (attempt 1)...
[CONNECT] attempt=2 last_event_id=tick-4946 next_backoff=6017ms
[OPEN] Stream connected. Listening for events... (pid=12024, last_event_id=tick-4946)
[READY] backfilled 30 events · live tail begins (ts: 2026-06-07T11:53:28.148869+00:00)
[SKIP-BACKFILL] fellows.joined from agent-1ce976aacc6a (ts: 2026-06-07T03:19:09.712986+00:00 < start: 2026-06-07T09:15:10.363Z)
[SKIP-BACKFILL] fellows.joined from agent-f12e9cfc1c74 (ts: 2026-06-07T03:20:43.449171+00:00 < start: 2026-06-07T09:15:10.363Z)
[SKIP-BACKFILL] fellows.joined from agent-5836101ce6a0 (ts: 2026-06-07T03:20:48.449908+00:00 < start: 2026-06-07T09:15:10.363Z)
[SKIP-BACKFILL] fellows.joined from agent-b265127eacef (ts: 2026-06-07T03:20:55.504373+00:00 < start: 2026-06-07T09:15:10.363Z)
[SKIP-BACKFILL] fellows.joined from agent-091ddc8fc217 (ts: 2026-06-07T03:28:26.508756+00:00 < start: 2026-06-07T09:15:10.363Z)
[SKIP-BACKFILL] fellows.joined from agent-38bdd62a0d80 (ts: 2026-06-07T03:30:08.785819+00:00 < start: 2026-06-07T09:15:10.363Z)
[SKIP-BACKFILL] fellows.joined from agent-96f3e5280484 (ts: 2026-06-07T03:30:13.714626+00:00 < start: 2026-06-07T09:15:10.363Z)
[SKIP-BACKFILL] fellows.joined from agent-551fb91395c9 (ts: 2026-06-07T03:30:20.892741+00:00 < start: 2026-06-07T09:15:10.363Z)
[SKIP-BACKFILL] fellows.joined from agent-0b9cdcac873f (ts: 2026-06-07T03:37:01.745042+00:00 < start: 2026-06-07T09:15:10.363Z)
[SKIP-BACKFILL] fellows.joined from agent-460f48b359fc (ts: 2026-06-07T03:37:01.993597+00:00 < start: 2026-06-07T09:15:10.363Z)
[SKIP-BACKFILL] fellows.joined from agent-7748d1432bf0 (ts: 2026-06-07T03:37:02.298331+00:00 < start: 2026-06-07T09:15:10.363Z)
[SKIP-BACKFILL] fellows.joined from agent-4f752e22c475 (ts: 2026-06-07T03:38:04.854735+00:00 < start: 2026-06-07T09:15:10.363Z)
[SKIP-BACKFILL] fellows.joined from agent-f69770251904 (ts: 2026-06-07T03:40:31.916639+00:00 < start: 2026-06-07T09:15:10.363Z)
[SKIP-BACKFILL] fellows.joined from agent-0bf8ef15d8be (ts: 2026-06-07T03:40:36.963530+00:00 < start: 2026-06-07T09:15:10.363Z)
[SKIP-BACKFILL] fellows.joined from agent-6f511416da3c (ts: 2026-06-07T03:40:44.005379+00:00 < start: 2026-06-07T09:15:10.363Z)
[SKIP-BACKFILL] fellows.joined from agent-29bbc3e464ca (ts: 2026-06-07T03:45:05.777989+00:00 < start: 2026-06-07T09:15:10.363Z)
[SKIP-BACKFILL] fellows.joined from agent-78d9c02b11ec (ts: 2026-06-07T03:45:47.815905+00:00 < start: 2026-06-07T09:15:10.363Z)
[SKIP-BACKFILL] fellows.joined from agent-cfcf5eb3dff9 (ts: 2026-06-07T03:45:52.853585+00:00 < start: 2026-06-07T09:15:10.363Z)
[SKIP-BACKFILL] fellows.joined from agent-0d3ae6786e9d (ts: 2026-06-07T03:46:00.058316+00:00 < start: 2026-06-07T09:15:10.363Z)
[SKIP-BACKFILL] fellows.joined from agent-5b4e579d93e0 (ts: 2026-06-07T04:07:18.257165+00:00 < start: 2026-06-07T09:15:10.363Z)
[SKIP-BACKFILL] fellows.joined from agent-a79a4d97e78c (ts: 2026-06-07T04:07:57.914185+00:00 < start: 2026-06-07T09:15:10.363Z)
[SKIP-BACKFILL] fellows.joined from agent-ca49e8a935ff (ts: 2026-06-07T04:08:02.924371+00:00 < start: 2026-06-07T09:15:10.363Z)
[SKIP-BACKFILL] fellows.joined from agent-21f4f5e4b290 (ts: 2026-06-07T04:08:09.932471+00:00 < start: 2026-06-07T09:15:10.363Z)
[SKIP-BACKFILL] fellows.joined from agent-a578ab1edc32 (ts: 2026-06-07T06:22:24.341249+00:00 < start: 2026-06-07T09:15:10.363Z)
[SKIP-BACKFILL] fellows.joined from agent-48d8326a335c (ts: 2026-06-07T06:22:28.453733+00:00 < start: 2026-06-07T09:15:10.363Z)
[SKIP-BACKFILL] fellows.joined from agent-3a26459081c0 (ts: 2026-06-07T06:22:35.531547+00:00 < start: 2026-06-07T09:15:10.363Z)
[SKIP-BACKFILL] fellows.joined from agent-82e367d8b2c4 (ts: 2026-06-07T08:37:56.692041+00:00 < start: 2026-06-07T09:15:10.363Z)
[SKIP-BACKFILL] fellows.joined from agent-5643a156f527 (ts: 2026-06-07T08:41:42.292176+00:00 < start: 2026-06-07T09:15:10.363Z)
[SLACK] fellows.joined → agent-03a8f003ee02
[SLACK] fellows.joined → agent-6de37597dde4
[ERROR] Stream error: unknown . Reconnecting in 6017ms (attempt 1)...
[CONNECT] attempt=2 last_event_id=tick-4948 next_backoff=6867ms
[OPEN] Stream connected. Listening for events... (pid=12024, last_event_id=tick-4948)
[READY] backfilled 30 events · live tail begins (ts: 2026-06-07T11:54:34.701116+00:00)
[SKIP-BACKFILL] fellows.joined from agent-1ce976aacc6a (ts: 2026-06-07T03:19:09.712986+00:00 < start: 2026-06-07T09:15:10.363Z)
[SKIP-BACKFILL] fellows.joined from agent-f12e9cfc1c74 (ts: 2026-06-07T03:20:43.449171+00:00 < start: 2026-06-07T09:15:10.363Z)
[SKIP-BACKFILL] fellows.joined from agent-5836101ce6a0 (ts: 2026-06-07T03:20:48.449908+00:00 < start: 2026-06-07T09:15:10.363Z)
[SKIP-BACKFILL] fellows.joined from agent-b265127eacef (ts: 2026-06-07T03:20:55.504373+00:00 < start: 2026-06-07T09:15:10.363Z)
[SKIP-BACKFILL] fellows.joined from agent-091ddc8fc217 (ts: 2026-06-07T03:28:26.508756+00:00 < start: 2026-06-07T09:15:10.363Z)
[SKIP-BACKFILL] fellows.joined from agent-38bdd62a0d80 (ts: 2026-06-07T03:30:08.785819+00:00 < start: 2026-06-07T09:15:10.363Z)
[SKIP-BACKFILL] fellows.joined from agent-96f3e5280484 (ts: 2026-06-07T03:30:13.714626+00:00 < start: 2026-06-07T09:15:10.363Z)
[SKIP-BACKFILL] fellows.joined from agent-551fb91395c9 (ts: 2026-06-07T03:30:20.892741+00:00 < start: 2026-06-07T09:15:10.363Z)
[SKIP-BACKFILL] fellows.joined from agent-0b9cdcac873f (ts: 2026-06-07T03:37:01.745042+00:00 < start: 2026-06-07T09:15:10.363Z)
[SKIP-BACKFILL] fellows.joined from agent-460f48b359fc (ts: 2026-06-07T03:37:01.993597+00:00 < start: 2026-06-07T09:15:10.363Z)
[SKIP-BACKFILL] fellows.joined from agent-7748d1432bf0 (ts: 2026-06-07T03:37:02.298331+00:00 < start: 2026-06-07T09:15:10.363Z)
[SKIP-BACKFILL] fellows.joined from agent-4f752e22c475 (ts: 2026-06-07T03:38:04.854735+00:00 < start: 2026-06-07T09:15:10.363Z)
[SKIP-BACKFILL] fellows.joined from agent-f69770251904 (ts: 2026-06-07T03:40:31.916639+00:00 < start: 2026-06-07T09:15:10.363Z)
[SKIP-BACKFILL] fellows.joined from agent-0bf8ef15d8be (ts: 2026-06-07T03:40:36.963530+00:00 < start: 2026-06-07T09:15:10.363Z)
[SKIP-BACKFILL] fellows.joined from agent-6f511416da3c (ts: 2026-06-07T03:40:44.005379+00:00 < start: 2026-06-07T09:15:10.363Z)
[SKIP-BACKFILL] fellows.joined from agent-29bbc3e464ca (ts: 2026-06-07T03:45:05.777989+00:00 < start: 2026-06-07T09:15:10.363Z)
[SKIP-BACKFILL] fellows.joined from agent-78d9c02b11ec (ts: 2026-06-07T03:45:47.815905+00:00 < start: 2026-06-07T09:15:10.363Z)
[SKIP-BACKFILL] fellows.joined from agent-cfcf5eb3dff9 (ts: 2026-06-07T03:45:52.853585+00:00 < start: 2026-06-07T09:15:10.363Z)
[SKIP-BACKFILL] fellows.joined from agent-0d3ae6786e9d (ts: 2026-06-07T03:46:00.058316+00:00 < start: 2026-06-07T09:15:10.363Z)
[SKIP-BACKFILL] fellows.joined from agent-5b4e579d93e0 (ts: 2026-06-07T04:07:18.257165+00:00 < start: 2026-06-07T09:15:10.363Z)
[SKIP-BACKFILL] fellows.joined from agent-a79a4d97e78c (ts: 2026-06-07T04:07:57.914185+00:00 < start: 2026-06-07T09:15:10.363Z)
[SKIP-BACKFILL] fellows.joined from agent-ca49e8a935ff (ts: 2026-06-07T04:08:02.924371+00:00 < start: 2026-06-07T09:15:10.363Z)
[SKIP-BACKFILL] fellows.joined from agent-21f4f5e4b290 (ts: 2026-06-07T04:08:09.932471+00:00 < start: 2026-06-07T09:15:10.363Z)
[SKIP-BACKFILL] fellows.joined from agent-a578ab1edc32 (ts: 2026-06-07T06:22:24.341249+00:00 < start: 2026-06-07T09:15:10.363Z)
[SKIP-BACKFILL] fellows.joined from agent-48d8326a335c (ts: 2026-06-07T06:22:28.453733+00:00 < start: 2026-06-07T09:15:10.363Z)
[SKIP-BACKFILL] fellows.joined from agent-3a26459081c0 (ts: 2026-06-07T06:22:35.531547+00:00 < start: 2026-06-07T09:15:10.363Z)
[SKIP-BACKFILL] fellows.joined from agent-82e367d8b2c4 (ts: 2026-06-07T08:37:56.692041+00:00 < start: 2026-06-07T09:15:10.363Z)
[SKIP-BACKFILL] fellows.joined from agent-5643a156f527 (ts: 2026-06-07T08:41:42.292176+00:00 < start: 2026-06-07T09:15:10.363Z)
[SLACK] fellows.joined → agent-6de37597dde4
[SLACK] fellows.joined → agent-03a8f003ee02
[ERROR] Stream error: unknown . Reconnecting in 6867ms (attempt 1)...
[CONNECT] attempt=2 last_event_id=tick-4951 next_backoff=6190ms
[OPEN] Stream connected. Listening for events... (pid=12024, last_event_id=tick-4951)
[READY] backfilled 30 events · live tail begins (ts: 2026-06-07T11:55:41.827037+00:00)
[SKIP-BACKFILL] fellows.joined from agent-1ce976aacc6a (ts: 2026-06-07T03:19:09.712986+00:00 < start: 2026-06-07T09:15:10.363Z)
[SKIP-BACKFILL] fellows.joined from agent-f12e9cfc1c74 (ts: 2026-06-07T03:20:43.449171+00:00 < start: 2026-06-07T09:15:10.363Z)
[SKIP-BACKFILL] fellows.joined from agent-5836101ce6a0 (ts: 2026-06-07T03:20:48.449908+00:00 < start: 2026-06-07T09:15:10.363Z)
[SKIP-BACKFILL] fellows.joined from agent-b265127eacef (ts: 2026-06-07T03:20:55.504373+00:00 < start: 2026-06-07T09:15:10.363Z)
[SKIP-BACKFILL] fellows.joined from agent-091ddc8fc217 (ts: 2026-06-07T03:28:26.508756+00:00 < start: 2026-06-07T09:15:10.363Z)
[SKIP-BACKFILL] fellows.joined from agent-38bdd62a0d80 (ts: 2026-06-07T03:30:08.785819+00:00 < start: 2026-06-07T09:15:10.363Z)
[SKIP-BACKFILL] fellows.joined from agent-96f3e5280484 (ts: 2026-06-07T03:30:13.714626+00:00 < start: 2026-06-07T09:15:10.363Z)
[SKIP-BACKFILL] fellows.joined from agent-551fb91395c9 (ts: 2026-06-07T03:30:20.892741+00:00 < start: 2026-06-07T09:15:10.363Z)
[SKIP-BACKFILL] fellows.joined from agent-0b9cdcac873f (ts: 2026-06-07T03:37:01.745042+00:00 < start: 2026-06-07T09:15:10.363Z)
[SKIP-BACKFILL] fellows.joined from agent-460f48b359fc (ts: 2026-06-07T03:37:01.993597+00:00 < start: 2026-06-07T09:15:10.363Z)
[SKIP-BACKFILL] fellows.joined from agent-7748d1432bf0 (ts: 2026-06-07T03:37:02.298331+00:00 < start: 2026-06-07T09:15:10.363Z)
[SKIP-BACKFILL] fellows.joined from agent-4f752e22c475 (ts: 2026-06-07T03:38:04.854735+00:00 < start: 2026-06-07T09:15:10.363Z)
[SKIP-BACKFILL] fellows.joined from agent-f69770251904 (ts: 2026-06-07T03:40:31.916639+00:00 < start: 2026-06-07T09:15:10.363Z)
[SKIP-BACKFILL] fellows.joined from agent-0bf8ef15d8be (ts: 2026-06-07T03:40:36.963530+00:00 < start: 2026-06-07T09:15:10.363Z)
[SKIP-BACKFILL] fellows.joined from agent-6f511416da3c (ts: 2026-06-07T03:40:44.005379+00:00 < start: 2026-06-07T09:15:10.363Z)
[SKIP-BACKFILL] fellows.joined from agent-29bbc3e464ca (ts: 2026-06-07T03:45:05.777989+00:00 < start: 2026-06-07T09:15:10.363Z)
[SKIP-BACKFILL] fellows.joined from agent-78d9c02b11ec (ts: 2026-06-07T03:45:47.815905+00:00 < start: 2026-06-07T09:15:10.363Z)
[SKIP-BACKFILL] fellows.joined from agent-cfcf5eb3dff9 (ts: 2026-06-07T03:45:52.853585+00:00 < start: 2026-06-07T09:15:10.363Z)
[SKIP-BACKFILL] fellows.joined from agent-0d3ae6786e9d (ts: 2026-06-07T03:46:00.058316+00:00 < start: 2026-06-07T09:15:10.363Z)
[SKIP-BACKFILL] fellows.joined from agent-5b4e579d93e0 (ts: 2026-06-07T04:07:18.257165+00:00 < start: 2026-06-07T09:15:10.363Z)
[SKIP-BACKFILL] fellows.joined from agent-a79a4d97e78c (ts: 2026-06-07T04:07:57.914185+00:00 < start: 2026-06-07T09:15:10.363Z)
[SKIP-BACKFILL] fellows.joined from agent-ca49e8a935ff (ts: 2026-06-07T04:08:02.924371+00:00 < start: 2026-06-07T09:15:10.363Z)
[SKIP-BACKFILL] fellows.joined from agent-21f4f5e4b290 (ts: 2026-06-07T04:08:09.932471+00:00 < start: 2026-06-07T09:15:10.363Z)
[SKIP-BACKFILL] fellows.joined from agent-a578ab1edc32 (ts: 2026-06-07T06:22:24.341249+00:00 < start: 2026-06-07T09:15:10.363Z)
[SKIP-BACKFILL] fellows.joined from agent-48d8326a335c (ts: 2026-06-07T06:22:28.453733+00:00 < start: 2026-06-07T09:15:10.363Z)
[SKIP-BACKFILL] fellows.joined from agent-3a26459081c0 (ts: 2026-06-07T06:22:35.531547+00:00 < start: 2026-06-07T09:15:10.363Z)
[SKIP-BACKFILL] fellows.joined from agent-82e367d8b2c4 (ts: 2026-06-07T08:37:56.692041+00:00 < start: 2026-06-07T09:15:10.363Z)
[SKIP-BACKFILL] fellows.joined from agent-5643a156f527 (ts: 2026-06-07T08:41:42.292176+00:00 < start: 2026-06-07T09:15:10.363Z)
[SLACK] fellows.joined → agent-6de37597dde4
[SLACK] fellows.joined → agent-03a8f003ee02
[ERROR] Stream error: unknown . Reconnecting in 6190ms (attempt 1)...
[CONNECT] attempt=2 last_event_id=tick-4953 next_backoff=6957ms
[OPEN] Stream connected. Listening for events... (pid=12024, last_event_id=tick-4953)
[READY] backfilled 30 events · live tail begins (ts: 2026-06-07T11:56:48.488987+00:00)
[SKIP-BACKFILL] fellows.joined from agent-1ce976aacc6a (ts: 2026-06-07T03:19:09.712986+00:00 < start: 2026-06-07T09:15:10.363Z)
[SKIP-BACKFILL] fellows.joined from agent-f12e9cfc1c74 (ts: 2026-06-07T03:20:43.449171+00:00 < start: 2026-06-07T09:15:10.363Z)
[SKIP-BACKFILL] fellows.joined from agent-5836101ce6a0 (ts: 2026-06-07T03:20:48.449908+00:00 < start: 2026-06-07T09:15:10.363Z)
[SKIP-BACKFILL] fellows.joined from agent-b265127eacef (ts: 2026-06-07T03:20:55.504373+00:00 < start: 2026-06-07T09:15:10.363Z)
[SKIP-BACKFILL] fellows.joined from agent-091ddc8fc217 (ts: 2026-06-07T03:28:26.508756+00:00 < start: 2026-06-07T09:15:10.363Z)
[SKIP-BACKFILL] fellows.joined from agent-38bdd62a0d80 (ts: 2026-06-07T03:30:08.785819+00:00 < start: 2026-06-07T09:15:10.363Z)
[SKIP-BACKFILL] fellows.joined from agent-96f3e5280484 (ts: 2026-06-07T03:30:13.714626+00:00 < start: 2026-06-07T09:15:10.363Z)
[SKIP-BACKFILL] fellows.joined from agent-551fb91395c9 (ts: 2026-06-07T03:30:20.892741+00:00 < start: 2026-06-07T09:15:10.363Z)
[SKIP-BACKFILL] fellows.joined from agent-0b9cdcac873f (ts: 2026-06-07T03:37:01.745042+00:00 < start: 2026-06-07T09:15:10.363Z)
[SKIP-BACKFILL] fellows.joined from agent-460f48b359fc (ts: 2026-06-07T03:37:01.993597+00:00 < start: 2026-06-07T09:15:10.363Z)
[SKIP-BACKFILL] fellows.joined from agent-7748d1432bf0 (ts: 2026-06-07T03:37:02.298331+00:00 < start: 2026-06-07T09:15:10.363Z)
[SKIP-BACKFILL] fellows.joined from agent-4f752e22c475 (ts: 2026-06-07T03:38:04.854735+00:00 < start: 2026-06-07T09:15:10.363Z)
[SKIP-BACKFILL] fellows.joined from agent-f69770251904 (ts: 2026-06-07T03:40:31.916639+00:00 < start: 2026-06-07T09:15:10.363Z)
[SKIP-BACKFILL] fellows.joined from agent-0bf8ef15d8be (ts: 2026-06-07T03:40:36.963530+00:00 < start: 2026-06-07T09:15:10.363Z)
[SKIP-BACKFILL] fellows.joined from agent-6f511416da3c (ts: 2026-06-07T03:40:44.005379+00:00 < start: 2026-06-07T09:15:10.363Z)
[SKIP-BACKFILL] fellows.joined from agent-29bbc3e464ca (ts: 2026-06-07T03:45:05.777989+00:00 < start: 2026-06-07T09:15:10.363Z)
[SKIP-BACKFILL] fellows.joined from agent-78d9c02b11ec (ts: 2026-06-07T03:45:47.815905+00:00 < start: 2026-06-07T09:15:10.363Z)
[SKIP-BACKFILL] fellows.joined from agent-cfcf5eb3dff9 (ts: 2026-06-07T03:45:52.853585+00:00 < start: 2026-06-07T09:15:10.363Z)
[SKIP-BACKFILL] fellows.joined from agent-0d3ae6786e9d (ts: 2026-06-07T03:46:00.058316+00:00 < start: 2026-06-07T09:15:10.363Z)
[SKIP-BACKFILL] fellows.joined from agent-5b4e579d93e0 (ts: 2026-06-07T04:07:18.257165+00:00 < start: 2026-06-07T09:15:10.363Z)
[SKIP-BACKFILL] fellows.joined from agent-a79a4d97e78c (ts: 2026-06-07T04:07:57.914185+00:00 < start: 2026-06-07T09:15:10.363Z)
[SKIP-BACKFILL] fellows.joined from agent-ca49e8a935ff (ts: 2026-06-07T04:08:02.924371+00:00 < start: 2026-06-07T09:15:10.363Z)
[SKIP-BACKFILL] fellows.joined from agent-21f4f5e4b290 (ts: 2026-06-07T04:08:09.932471+00:00 < start: 2026-06-07T09:15:10.363Z)
[SKIP-BACKFILL] fellows.joined from agent-a578ab1edc32 (ts: 2026-06-07T06:22:24.341249+00:00 < start: 2026-06-07T09:15:10.363Z)
[SKIP-BACKFILL] fellows.joined from agent-48d8326a335c (ts: 2026-06-07T06:22:28.453733+00:00 < start: 2026-06-07T09:15:10.363Z)
[SKIP-BACKFILL] fellows.joined from agent-3a26459081c0 (ts: 2026-06-07T06:22:35.531547+00:00 < start: 2026-06-07T09:15:10.363Z)
[SKIP-BACKFILL] fellows.joined from agent-82e367d8b2c4 (ts: 2026-06-07T08:37:56.692041+00:00 < start: 2026-06-07T09:15:10.363Z)
[SKIP-BACKFILL] fellows.joined from agent-5643a156f527 (ts: 2026-06-07T08:41:42.292176+00:00 < start: 2026-06-07T09:15:10.363Z)
[SLACK] fellows.joined → agent-03a8f003ee02
[SLACK] fellows.joined → agent-6de37597dde4
[ERROR] Stream error: unknown . Reconnecting in 6957ms (attempt 1)...
[CONNECT] attempt=2 last_event_id=tick-4955 next_backoff=6510ms
[OPEN] Stream connected. Listening for events... (pid=12024, last_event_id=tick-4955)
[READY] backfilled 30 events · live tail begins (ts: 2026-06-07T11:57:55.686663+00:00)
[SKIP-BACKFILL] fellows.joined from agent-1ce976aacc6a (ts: 2026-06-07T03:19:09.712986+00:00 < start: 2026-06-07T09:15:10.363Z)
[SKIP-BACKFILL] fellows.joined from agent-f12e9cfc1c74 (ts: 2026-06-07T03:20:43.449171+00:00 < start: 2026-06-07T09:15:10.363Z)
[SKIP-BACKFILL] fellows.joined from agent-5836101ce6a0 (ts: 2026-06-07T03:20:48.449908+00:00 < start: 2026-06-07T09:15:10.363Z)
[SKIP-BACKFILL] fellows.joined from agent-b265127eacef (ts: 2026-06-07T03:20:55.504373+00:00 < start: 2026-06-07T09:15:10.363Z)
[SKIP-BACKFILL] fellows.joined from agent-091ddc8fc217 (ts: 2026-06-07T03:28:26.508756+00:00 < start: 2026-06-07T09:15:10.363Z)
[SKIP-BACKFILL] fellows.joined from agent-38bdd62a0d80 (ts: 2026-06-07T03:30:08.785819+00:00 < start: 2026-06-07T09:15:10.363Z)
[SKIP-BACKFILL] fellows.joined from agent-96f3e5280484 (ts: 2026-06-07T03:30:13.714626+00:00 < start: 2026-06-07T09:15:10.363Z)
[SKIP-BACKFILL] fellows.joined from agent-551fb91395c9 (ts: 2026-06-07T03:30:20.892741+00:00 < start: 2026-06-07T09:15:10.363Z)
[SKIP-BACKFILL] fellows.joined from agent-0b9cdcac873f (ts: 2026-06-07T03:37:01.745042+00:00 < start: 2026-06-07T09:15:10.363Z)
[SKIP-BACKFILL] fellows.joined from agent-460f48b359fc (ts: 2026-06-07T03:37:01.993597+00:00 < start: 2026-06-07T09:15:10.363Z)
[SKIP-BACKFILL] fellows.joined from agent-7748d1432bf0 (ts: 2026-06-07T03:37:02.298331+00:00 < start: 2026-06-07T09:15:10.363Z)
[SKIP-BACKFILL] fellows.joined from agent-4f752e22c475 (ts: 2026-06-07T03:38:04.854735+00:00 < start: 2026-06-07T09:15:10.363Z)
[SKIP-BACKFILL] fellows.joined from agent-f69770251904 (ts: 2026-06-07T03:40:31.916639+00:00 < start: 2026-06-07T09:15:10.363Z)
[SKIP-BACKFILL] fellows.joined from agent-0bf8ef15d8be (ts: 2026-06-07T03:40:36.963530+00:00 < start: 2026-06-07T09:15:10.363Z)
[SKIP-BACKFILL] fellows.joined from agent-6f511416da3c (ts: 2026-06-07T03:40:44.005379+00:00 < start: 2026-06-07T09:15:10.363Z)
[SKIP-BACKFILL] fellows.joined from agent-29bbc3e464ca (ts: 2026-06-07T03:45:05.777989+00:00 < start: 2026-06-07T09:15:10.363Z)
[SKIP-BACKFILL] fellows.joined from agent-78d9c02b11ec (ts: 2026-06-07T03:45:47.815905+00:00 < start: 2026-06-07T09:15:10.363Z)
[SKIP-BACKFILL] fellows.joined from agent-cfcf5eb3dff9 (ts: 2026-06-07T03:45:52.853585+00:00 < start: 2026-06-07T09:15:10.363Z)
[SKIP-BACKFILL] fellows.joined from agent-0d3ae6786e9d (ts: 2026-06-07T03:46:00.058316+00:00 < start: 2026-06-07T09:15:10.363Z)
[SKIP-BACKFILL] fellows.joined from agent-5b4e579d93e0 (ts: 2026-06-07T04:07:18.257165+00:00 < start: 2026-06-07T09:15:10.363Z)
[SKIP-BACKFILL] fellows.joined from agent-a79a4d97e78c (ts: 2026-06-07T04:07:57.914185+00:00 < start: 2026-06-07T09:15:10.363Z)
[SKIP-BACKFILL] fellows.joined from agent-ca49e8a935ff (ts: 2026-06-07T04:08:02.924371+00:00 < start: 2026-06-07T09:15:10.363Z)
[SKIP-BACKFILL] fellows.joined from agent-21f4f5e4b290 (ts: 2026-06-07T04:08:09.932471+00:00 < start: 2026-06-07T09:15:10.363Z)
[SKIP-BACKFILL] fellows.joined from agent-a578ab1edc32 (ts: 2026-06-07T06:22:24.341249+00:00 < start: 2026-06-07T09:15:10.363Z)
[SKIP-BACKFILL] fellows.joined from agent-48d8326a335c (ts: 2026-06-07T06:22:28.453733+00:00 < start: 2026-06-07T09:15:10.363Z)
[SKIP-BACKFILL] fellows.joined from agent-3a26459081c0 (ts: 2026-06-07T06:22:35.531547+00:00 < start: 2026-06-07T09:15:10.363Z)
[SKIP-BACKFILL] fellows.joined from agent-82e367d8b2c4 (ts: 2026-06-07T08:37:56.692041+00:00 < start: 2026-06-07T09:15:10.363Z)
[SKIP-BACKFILL] fellows.joined from agent-5643a156f527 (ts: 2026-06-07T08:41:42.292176+00:00 < start: 2026-06-07T09:15:10.363Z)
[SLACK] fellows.joined → agent-6de37597dde4
[SLACK] fellows.joined → agent-03a8f003ee02
[ERROR] Stream error: unknown . Reconnecting in 6510ms (attempt 1)...
[CONNECT] attempt=2 last_event_id=tick-4957 next_backoff=6386ms
[OPEN] Stream connected. Listening for events... (pid=12024, last_event_id=tick-4957)
[READY] backfilled 30 events · live tail begins (ts: 2026-06-07T11:59:02.343823+00:00)
[SKIP-BACKFILL] fellows.joined from agent-1ce976aacc6a (ts: 2026-06-07T03:19:09.712986+00:00 < start: 2026-06-07T09:15:10.363Z)
[SKIP-BACKFILL] fellows.joined from agent-f12e9cfc1c74 (ts: 2026-06-07T03:20:43.449171+00:00 < start: 2026-06-07T09:15:10.363Z)
[SKIP-BACKFILL] fellows.joined from agent-5836101ce6a0 (ts: 2026-06-07T03:20:48.449908+00:00 < start: 2026-06-07T09:15:10.363Z)
[SKIP-BACKFILL] fellows.joined from agent-b265127eacef (ts: 2026-06-07T03:20:55.504373+00:00 < start: 2026-06-07T09:15:10.363Z)
[SKIP-BACKFILL] fellows.joined from agent-091ddc8fc217 (ts: 2026-06-07T03:28:26.508756+00:00 < start: 2026-06-07T09:15:10.363Z)
[SKIP-BACKFILL] fellows.joined from agent-38bdd62a0d80 (ts: 2026-06-07T03:30:08.785819+00:00 < start: 2026-06-07T09:15:10.363Z)
[SKIP-BACKFILL] fellows.joined from agent-96f3e5280484 (ts: 2026-06-07T03:30:13.714626+00:00 < start: 2026-06-07T09:15:10.363Z)
[SKIP-BACKFILL] fellows.joined from agent-551fb91395c9 (ts: 2026-06-07T03:30:20.892741+00:00 < start: 2026-06-07T09:15:10.363Z)
[SKIP-BACKFILL] fellows.joined from agent-0b9cdcac873f (ts: 2026-06-07T03:37:01.745042+00:00 < start: 2026-06-07T09:15:10.363Z)
[SKIP-BACKFILL] fellows.joined from agent-460f48b359fc (ts: 2026-06-07T03:37:01.993597+00:00 < start: 2026-06-07T09:15:10.363Z)
[SKIP-BACKFILL] fellows.joined from agent-7748d1432bf0 (ts: 2026-06-07T03:37:02.298331+00:00 < start: 2026-06-07T09:15:10.363Z)
[SKIP-BACKFILL] fellows.joined from agent-4f752e22c475 (ts: 2026-06-07T03:38:04.854735+00:00 < start: 2026-06-07T09:15:10.363Z)
[SKIP-BACKFILL] fellows.joined from agent-f69770251904 (ts: 2026-06-07T03:40:31.916639+00:00 < start: 2026-06-07T09:15:10.363Z)
[SKIP-BACKFILL] fellows.joined from agent-0bf8ef15d8be (ts: 2026-06-07T03:40:36.963530+00:00 < start: 2026-06-07T09:15:10.363Z)
[SKIP-BACKFILL] fellows.joined from agent-6f511416da3c (ts: 2026-06-07T03:40:44.005379+00:00 < start: 2026-06-07T09:15:10.363Z)
[SKIP-BACKFILL] fellows.joined from agent-29bbc3e464ca (ts: 2026-06-07T03:45:05.777989+00:00 < start: 2026-06-07T09:15:10.363Z)
[SKIP-BACKFILL] fellows.joined from agent-78d9c02b11ec (ts: 2026-06-07T03:45:47.815905+00:00 < start: 2026-06-07T09:15:10.363Z)
[SKIP-BACKFILL] fellows.joined from agent-cfcf5eb3dff9 (ts: 2026-06-07T03:45:52.853585+00:00 < start: 2026-06-07T09:15:10.363Z)
[SKIP-BACKFILL] fellows.joined from agent-0d3ae6786e9d (ts: 2026-06-07T03:46:00.058316+00:00 < start: 2026-06-07T09:15:10.363Z)
[SKIP-BACKFILL] fellows.joined from agent-5b4e579d93e0 (ts: 2026-06-07T04:07:18.257165+00:00 < start: 2026-06-07T09:15:10.363Z)
[SKIP-BACKFILL] fellows.joined from agent-a79a4d97e78c (ts: 2026-06-07T04:07:57.914185+00:00 < start: 2026-06-07T09:15:10.363Z)
[SKIP-BACKFILL] fellows.joined from agent-ca49e8a935ff (ts: 2026-06-07T04:08:02.924371+00:00 < start: 2026-06-07T09:15:10.363Z)
[SKIP-BACKFILL] fellows.joined from agent-21f4f5e4b290 (ts: 2026-06-07T04:08:09.932471+00:00 < start: 2026-06-07T09:15:10.363Z)
[SKIP-BACKFILL] fellows.joined from agent-a578ab1edc32 (ts: 2026-06-07T06:22:24.341249+00:00 < start: 2026-06-07T09:15:10.363Z)
[SKIP-BACKFILL] fellows.joined from agent-48d8326a335c (ts: 2026-06-07T06:22:28.453733+00:00 < start: 2026-06-07T09:15:10.363Z)
[SKIP-BACKFILL] fellows.joined from agent-3a26459081c0 (ts: 2026-06-07T06:22:35.531547+00:00 < start: 2026-06-07T09:15:10.363Z)
[SKIP-BACKFILL] fellows.joined from agent-82e367d8b2c4 (ts: 2026-06-07T08:37:56.692041+00:00 < start: 2026-06-07T09:15:10.363Z)
[SKIP-BACKFILL] fellows.joined from agent-5643a156f527 (ts: 2026-06-07T08:41:42.292176+00:00 < start: 2026-06-07T09:15:10.363Z)
[SLACK] fellows.joined → agent-6de37597dde4
[SLACK] fellows.joined → agent-03a8f003ee02
[ERROR] Stream error: unknown . Reconnecting in 6386ms (attempt 1)...
[CONNECT] attempt=2 last_event_id=tick-4959 next_backoff=6547ms
[OPEN] Stream connected. Listening for events... (pid=12024, last_event_id=tick-4959)
[READY] backfilled 30 events · live tail begins (ts: 2026-06-07T12:00:09.098831+00:00)
[SKIP-BACKFILL] fellows.joined from agent-1ce976aacc6a (ts: 2026-06-07T03:19:09.712986+00:00 < start: 2026-06-07T09:15:10.363Z)
[SKIP-BACKFILL] fellows.joined from agent-f12e9cfc1c74 (ts: 2026-06-07T03:20:43.449171+00:00 < start: 2026-06-07T09:15:10.363Z)
[SKIP-BACKFILL] fellows.joined from agent-5836101ce6a0 (ts: 2026-06-07T03:20:48.449908+00:00 < start: 2026-06-07T09:15:10.363Z)
[SKIP-BACKFILL] fellows.joined from agent-b265127eacef (ts: 2026-06-07T03:20:55.504373+00:00 < start: 2026-06-07T09:15:10.363Z)
[SKIP-BACKFILL] fellows.joined from agent-091ddc8fc217 (ts: 2026-06-07T03:28:26.508756+00:00 < start: 2026-06-07T09:15:10.363Z)
[SKIP-BACKFILL] fellows.joined from agent-38bdd62a0d80 (ts: 2026-06-07T03:30:08.785819+00:00 < start: 2026-06-07T09:15:10.363Z)
[SKIP-BACKFILL] fellows.joined from agent-96f3e5280484 (ts: 2026-06-07T03:30:13.714626+00:00 < start: 2026-06-07T09:15:10.363Z)
[SKIP-BACKFILL] fellows.joined from agent-551fb91395c9 (ts: 2026-06-07T03:30:20.892741+00:00 < start: 2026-06-07T09:15:10.363Z)
[SKIP-BACKFILL] fellows.joined from agent-0b9cdcac873f (ts: 2026-06-07T03:37:01.745042+00:00 < start: 2026-06-07T09:15:10.363Z)
[SKIP-BACKFILL] fellows.joined from agent-460f48b359fc (ts: 2026-06-07T03:37:01.993597+00:00 < start: 2026-06-07T09:15:10.363Z)
[SKIP-BACKFILL] fellows.joined from agent-7748d1432bf0 (ts: 2026-06-07T03:37:02.298331+00:00 < start: 2026-06-07T09:15:10.363Z)
[SKIP-BACKFILL] fellows.joined from agent-4f752e22c475 (ts: 2026-06-07T03:38:04.854735+00:00 < start: 2026-06-07T09:15:10.363Z)
[SKIP-BACKFILL] fellows.joined from agent-f69770251904 (ts: 2026-06-07T03:40:31.916639+00:00 < start: 2026-06-07T09:15:10.363Z)
[SKIP-BACKFILL] fellows.joined from agent-0bf8ef15d8be (ts: 2026-06-07T03:40:36.963530+00:00 < start: 2026-06-07T09:15:10.363Z)
[SKIP-BACKFILL] fellows.joined from agent-6f511416da3c (ts: 2026-06-07T03:40:44.005379+00:00 < start: 2026-06-07T09:15:10.363Z)
[SKIP-BACKFILL] fellows.joined from agent-29bbc3e464ca (ts: 2026-06-07T03:45:05.777989+00:00 < start: 2026-06-07T09:15:10.363Z)
[SKIP-BACKFILL] fellows.joined from agent-78d9c02b11ec (ts: 2026-06-07T03:45:47.815905+00:00 < start: 2026-06-07T09:15:10.363Z)
[SKIP-BACKFILL] fellows.joined from agent-cfcf5eb3dff9 (ts: 2026-06-07T03:45:52.853585+00:00 < start: 2026-06-07T09:15:10.363Z)
[SKIP-BACKFILL] fellows.joined from agent-0d3ae6786e9d (ts: 2026-06-07T03:46:00.058316+00:00 < start: 2026-06-07T09:15:10.363Z)
[SKIP-BACKFILL] fellows.joined from agent-5b4e579d93e0 (ts: 2026-06-07T04:07:18.257165+00:00 < start: 2026-06-07T09:15:10.363Z)
[SKIP-BACKFILL] fellows.joined from agent-a79a4d97e78c (ts: 2026-06-07T04:07:57.914185+00:00 < start: 2026-06-07T09:15:10.363Z)
[SKIP-BACKFILL] fellows.joined from agent-ca49e8a935ff (ts: 2026-06-07T04:08:02.924371+00:00 < start: 2026-06-07T09:15:10.363Z)
[SKIP-BACKFILL] fellows.joined from agent-21f4f5e4b290 (ts: 2026-06-07T04:08:09.932471+00:00 < start: 2026-06-07T09:15:10.363Z)
[SKIP-BACKFILL] fellows.joined from agent-a578ab1edc32 (ts: 2026-06-07T06:22:24.341249+00:00 < start: 2026-06-07T09:15:10.363Z)
[SKIP-BACKFILL] fellows.joined from agent-48d8326a335c (ts: 2026-06-07T06:22:28.453733+00:00 < start: 2026-06-07T09:15:10.363Z)
[SKIP-BACKFILL] fellows.joined from agent-3a26459081c0 (ts: 2026-06-07T06:22:35.531547+00:00 < start: 2026-06-07T09:15:10.363Z)
[SKIP-BACKFILL] fellows.joined from agent-82e367d8b2c4 (ts: 2026-06-07T08:37:56.692041+00:00 < start: 2026-06-07T09:15:10.363Z)
[SKIP-BACKFILL] fellows.joined from agent-5643a156f527 (ts: 2026-06-07T08:41:42.292176+00:00 < start: 2026-06-07T09:15:10.363Z)
[SLACK] fellows.joined → agent-6de37597dde4
[SLACK] fellows.joined → agent-03a8f003ee02
[ERROR] Stream error: unknown . Reconnecting in 6547ms (attempt 1)...
[CONNECT] attempt=2 last_event_id=tick-4962 next_backoff=6960ms
[OPEN] Stream connected. Listening for events... (pid=12024, last_event_id=tick-4962)
[READY] backfilled 30 events · live tail begins (ts: 2026-06-07T12:01:15.787535+00:00)
[SKIP-BACKFILL] fellows.joined from agent-1ce976aacc6a (ts: 2026-06-07T03:19:09.712986+00:00 < start: 2026-06-07T09:15:10.363Z)
[SKIP-BACKFILL] fellows.joined from agent-f12e9cfc1c74 (ts: 2026-06-07T03:20:43.449171+00:00 < start: 2026-06-07T09:15:10.363Z)
[SKIP-BACKFILL] fellows.joined from agent-5836101ce6a0 (ts: 2026-06-07T03:20:48.449908+00:00 < start: 2026-06-07T09:15:10.363Z)
[SKIP-BACKFILL] fellows.joined from agent-b265127eacef (ts: 2026-06-07T03:20:55.504373+00:00 < start: 2026-06-07T09:15:10.363Z)
[SKIP-BACKFILL] fellows.joined from agent-091ddc8fc217 (ts: 2026-06-07T03:28:26.508756+00:00 < start: 2026-06-07T09:15:10.363Z)
[SKIP-BACKFILL] fellows.joined from agent-38bdd62a0d80 (ts: 2026-06-07T03:30:08.785819+00:00 < start: 2026-06-07T09:15:10.363Z)
[SKIP-BACKFILL] fellows.joined from agent-96f3e5280484 (ts: 2026-06-07T03:30:13.714626+00:00 < start: 2026-06-07T09:15:10.363Z)
[SKIP-BACKFILL] fellows.joined from agent-551fb91395c9 (ts: 2026-06-07T03:30:20.892741+00:00 < start: 2026-06-07T09:15:10.363Z)
[SKIP-BACKFILL] fellows.joined from agent-0b9cdcac873f (ts: 2026-06-07T03:37:01.745042+00:00 < start: 2026-06-07T09:15:10.363Z)
[SKIP-BACKFILL] fellows.joined from agent-460f48b359fc (ts: 2026-06-07T03:37:01.993597+00:00 < start: 2026-06-07T09:15:10.363Z)
[SKIP-BACKFILL] fellows.joined from agent-7748d1432bf0 (ts: 2026-06-07T03:37:02.298331+00:00 < start: 2026-06-07T09:15:10.363Z)
[SKIP-BACKFILL] fellows.joined from agent-4f752e22c475 (ts: 2026-06-07T03:38:04.854735+00:00 < start: 2026-06-07T09:15:10.363Z)
[SKIP-BACKFILL] fellows.joined from agent-f69770251904 (ts: 2026-06-07T03:40:31.916639+00:00 < start: 2026-06-07T09:15:10.363Z)
[SKIP-BACKFILL] fellows.joined from agent-0bf8ef15d8be (ts: 2026-06-07T03:40:36.963530+00:00 < start: 2026-06-07T09:15:10.363Z)
[SKIP-BACKFILL] fellows.joined from agent-6f511416da3c (ts: 2026-06-07T03:40:44.005379+00:00 < start: 2026-06-07T09:15:10.363Z)
[SKIP-BACKFILL] fellows.joined from agent-29bbc3e464ca (ts: 2026-06-07T03:45:05.777989+00:00 < start: 2026-06-07T09:15:10.363Z)
[SKIP-BACKFILL] fellows.joined from agent-78d9c02b11ec (ts: 2026-06-07T03:45:47.815905+00:00 < start: 2026-06-07T09:15:10.363Z)
[SKIP-BACKFILL] fellows.joined from agent-cfcf5eb3dff9 (ts: 2026-06-07T03:45:52.853585+00:00 < start: 2026-06-07T09:15:10.363Z)
[SKIP-BACKFILL] fellows.joined from agent-0d3ae6786e9d (ts: 2026-06-07T03:46:00.058316+00:00 < start: 2026-06-07T09:15:10.363Z)
[SKIP-BACKFILL] fellows.joined from agent-5b4e579d93e0 (ts: 2026-06-07T04:07:18.257165+00:00 < start: 2026-06-07T09:15:10.363Z)
[SKIP-BACKFILL] fellows.joined from agent-a79a4d97e78c (ts: 2026-06-07T04:07:57.914185+00:00 < start: 2026-06-07T09:15:10.363Z)
[SKIP-BACKFILL] fellows.joined from agent-ca49e8a935ff (ts: 2026-06-07T04:08:02.924371+00:00 < start: 2026-06-07T09:15:10.363Z)
[SKIP-BACKFILL] fellows.joined from agent-21f4f5e4b290 (ts: 2026-06-07T04:08:09.932471+00:00 < start: 2026-06-07T09:15:10.363Z)
[SKIP-BACKFILL] fellows.joined from agent-a578ab1edc32 (ts: 2026-06-07T06:22:24.341249+00:00 < start: 2026-06-07T09:15:10.363Z)
[SKIP-BACKFILL] fellows.joined from agent-48d8326a335c (ts: 2026-06-07T06:22:28.453733+00:00 < start: 2026-06-07T09:15:10.363Z)
[SKIP-BACKFILL] fellows.joined from agent-3a26459081c0 (ts: 2026-06-07T06:22:35.531547+00:00 < start: 2026-06-07T09:15:10.363Z)
[SKIP-BACKFILL] fellows.joined from agent-82e367d8b2c4 (ts: 2026-06-07T08:37:56.692041+00:00 < start: 2026-06-07T09:15:10.363Z)
[SKIP-BACKFILL] fellows.joined from agent-5643a156f527 (ts: 2026-06-07T08:41:42.292176+00:00 < start: 2026-06-07T09:15:10.363Z)
[SLACK] fellows.joined → agent-03a8f003ee02
[SLACK] fellows.joined → agent-6de37597dde4
[ERROR] Stream error: unknown . Reconnecting in 6960ms (attempt 1)...
[CONNECT] attempt=2 last_event_id=tick-4964 next_backoff=6488ms
[OPEN] Stream connected. Listening for events... (pid=12024, last_event_id=tick-4964)
[READY] backfilled 30 events · live tail begins (ts: 2026-06-07T12:02:22.893845+00:00)
[SKIP-BACKFILL] fellows.joined from agent-1ce976aacc6a (ts: 2026-06-07T03:19:09.712986+00:00 < start: 2026-06-07T09:15:10.363Z)
[SKIP-BACKFILL] fellows.joined from agent-f12e9cfc1c74 (ts: 2026-06-07T03:20:43.449171+00:00 < start: 2026-06-07T09:15:10.363Z)
[SKIP-BACKFILL] fellows.joined from agent-5836101ce6a0 (ts: 2026-06-07T03:20:48.449908+00:00 < start: 2026-06-07T09:15:10.363Z)
[SKIP-BACKFILL] fellows.joined from agent-b265127eacef (ts: 2026-06-07T03:20:55.504373+00:00 < start: 2026-06-07T09:15:10.363Z)
[SKIP-BACKFILL] fellows.joined from agent-091ddc8fc217 (ts: 2026-06-07T03:28:26.508756+00:00 < start: 2026-06-07T09:15:10.363Z)
[SKIP-BACKFILL] fellows.joined from agent-38bdd62a0d80 (ts: 2026-06-07T03:30:08.785819+00:00 < start: 2026-06-07T09:15:10.363Z)
[SKIP-BACKFILL] fellows.joined from agent-96f3e5280484 (ts: 2026-06-07T03:30:13.714626+00:00 < start: 2026-06-07T09:15:10.363Z)
[SKIP-BACKFILL] fellows.joined from agent-551fb91395c9 (ts: 2026-06-07T03:30:20.892741+00:00 < start: 2026-06-07T09:15:10.363Z)
[SKIP-BACKFILL] fellows.joined from agent-0b9cdcac873f (ts: 2026-06-07T03:37:01.745042+00:00 < start: 2026-06-07T09:15:10.363Z)
[SKIP-BACKFILL] fellows.joined from agent-460f48b359fc (ts: 2026-06-07T03:37:01.993597+00:00 < start: 2026-06-07T09:15:10.363Z)
[SKIP-BACKFILL] fellows.joined from agent-7748d1432bf0 (ts: 2026-06-07T03:37:02.298331+00:00 < start: 2026-06-07T09:15:10.363Z)
[SKIP-BACKFILL] fellows.joined from agent-4f752e22c475 (ts: 2026-06-07T03:38:04.854735+00:00 < start: 2026-06-07T09:15:10.363Z)
[SKIP-BACKFILL] fellows.joined from agent-f69770251904 (ts: 2026-06-07T03:40:31.916639+00:00 < start: 2026-06-07T09:15:10.363Z)
[SKIP-BACKFILL] fellows.joined from agent-0bf8ef15d8be (ts: 2026-06-07T03:40:36.963530+00:00 < start: 2026-06-07T09:15:10.363Z)
[SKIP-BACKFILL] fellows.joined from agent-6f511416da3c (ts: 2026-06-07T03:40:44.005379+00:00 < start: 2026-06-07T09:15:10.363Z)
[SKIP-BACKFILL] fellows.joined from agent-29bbc3e464ca (ts: 2026-06-07T03:45:05.777989+00:00 < start: 2026-06-07T09:15:10.363Z)
[SKIP-BACKFILL] fellows.joined from agent-78d9c02b11ec (ts: 2026-06-07T03:45:47.815905+00:00 < start: 2026-06-07T09:15:10.363Z)
[SKIP-BACKFILL] fellows.joined from agent-cfcf5eb3dff9 (ts: 2026-06-07T03:45:52.853585+00:00 < start: 2026-06-07T09:15:10.363Z)
[SKIP-BACKFILL] fellows.joined from agent-0d3ae6786e9d (ts: 2026-06-07T03:46:00.058316+00:00 < start: 2026-06-07T09:15:10.363Z)
[SKIP-BACKFILL] fellows.joined from agent-5b4e579d93e0 (ts: 2026-06-07T04:07:18.257165+00:00 < start: 2026-06-07T09:15:10.363Z)
[SKIP-BACKFILL] fellows.joined from agent-a79a4d97e78c (ts: 2026-06-07T04:07:57.914185+00:00 < start: 2026-06-07T09:15:10.363Z)
[SKIP-BACKFILL] fellows.joined from agent-ca49e8a935ff (ts: 2026-06-07T04:08:02.924371+00:00 < start: 2026-06-07T09:15:10.363Z)
[SKIP-BACKFILL] fellows.joined from agent-21f4f5e4b290 (ts: 2026-06-07T04:08:09.932471+00:00 < start: 2026-06-07T09:15:10.363Z)
[SKIP-BACKFILL] fellows.joined from agent-a578ab1edc32 (ts: 2026-06-07T06:22:24.341249+00:00 < start: 2026-06-07T09:15:10.363Z)
[SKIP-BACKFILL] fellows.joined from agent-48d8326a335c (ts: 2026-06-07T06:22:28.453733+00:00 < start: 2026-06-07T09:15:10.363Z)
[SKIP-BACKFILL] fellows.joined from agent-3a26459081c0 (ts: 2026-06-07T06:22:35.531547+00:00 < start: 2026-06-07T09:15:10.363Z)
[SKIP-BACKFILL] fellows.joined from agent-82e367d8b2c4 (ts: 2026-06-07T08:37:56.692041+00:00 < start: 2026-06-07T09:15:10.363Z)
[SKIP-BACKFILL] fellows.joined from agent-5643a156f527 (ts: 2026-06-07T08:41:42.292176+00:00 < start: 2026-06-07T09:15:10.363Z)
[SLACK] fellows.joined → agent-6de37597dde4
[SLACK] fellows.joined → agent-03a8f003ee02
[ERROR] Stream error: unknown . Reconnecting in 6488ms (attempt 1)...
[CONNECT] attempt=2 last_event_id=tick-4966 next_backoff=6443ms
[OPEN] Stream connected. Listening for events... (pid=12024, last_event_id=tick-4966)
[READY] backfilled 30 events · live tail begins (ts: 2026-06-07T12:03:29.731759+00:00)
[SKIP-BACKFILL] fellows.joined from agent-1ce976aacc6a (ts: 2026-06-07T03:19:09.712986+00:00 < start: 2026-06-07T09:15:10.363Z)
[SKIP-BACKFILL] fellows.joined from agent-f12e9cfc1c74 (ts: 2026-06-07T03:20:43.449171+00:00 < start: 2026-06-07T09:15:10.363Z)
[SKIP-BACKFILL] fellows.joined from agent-5836101ce6a0 (ts: 2026-06-07T03:20:48.449908+00:00 < start: 2026-06-07T09:15:10.363Z)
[SKIP-BACKFILL] fellows.joined from agent-b265127eacef (ts: 2026-06-07T03:20:55.504373+00:00 < start: 2026-06-07T09:15:10.363Z)
[SKIP-BACKFILL] fellows.joined from agent-091ddc8fc217 (ts: 2026-06-07T03:28:26.508756+00:00 < start: 2026-06-07T09:15:10.363Z)
[SKIP-BACKFILL] fellows.joined from agent-38bdd62a0d80 (ts: 2026-06-07T03:30:08.785819+00:00 < start: 2026-06-07T09:15:10.363Z)
[SKIP-BACKFILL] fellows.joined from agent-96f3e5280484 (ts: 2026-06-07T03:30:13.714626+00:00 < start: 2026-06-07T09:15:10.363Z)
[SKIP-BACKFILL] fellows.joined from agent-551fb91395c9 (ts: 2026-06-07T03:30:20.892741+00:00 < start: 2026-06-07T09:15:10.363Z)
[SKIP-BACKFILL] fellows.joined from agent-0b9cdcac873f (ts: 2026-06-07T03:37:01.745042+00:00 < start: 2026-06-07T09:15:10.363Z)
[SKIP-BACKFILL] fellows.joined from agent-460f48b359fc (ts: 2026-06-07T03:37:01.993597+00:00 < start: 2026-06-07T09:15:10.363Z)
[SKIP-BACKFILL] fellows.joined from agent-7748d1432bf0 (ts: 2026-06-07T03:37:02.298331+00:00 < start: 2026-06-07T09:15:10.363Z)
[SKIP-BACKFILL] fellows.joined from agent-4f752e22c475 (ts: 2026-06-07T03:38:04.854735+00:00 < start: 2026-06-07T09:15:10.363Z)
[SKIP-BACKFILL] fellows.joined from agent-f69770251904 (ts: 2026-06-07T03:40:31.916639+00:00 < start: 2026-06-07T09:15:10.363Z)
[SKIP-BACKFILL] fellows.joined from agent-0bf8ef15d8be (ts: 2026-06-07T03:40:36.963530+00:00 < start: 2026-06-07T09:15:10.363Z)
[SKIP-BACKFILL] fellows.joined from agent-6f511416da3c (ts: 2026-06-07T03:40:44.005379+00:00 < start: 2026-06-07T09:15:10.363Z)
[SKIP-BACKFILL] fellows.joined from agent-29bbc3e464ca (ts: 2026-06-07T03:45:05.777989+00:00 < start: 2026-06-07T09:15:10.363Z)
[SKIP-BACKFILL] fellows.joined from agent-78d9c02b11ec (ts: 2026-06-07T03:45:47.815905+00:00 < start: 2026-06-07T09:15:10.363Z)
[SKIP-BACKFILL] fellows.joined from agent-cfcf5eb3dff9 (ts: 2026-06-07T03:45:52.853585+00:00 < start: 2026-06-07T09:15:10.363Z)
[SKIP-BACKFILL] fellows.joined from agent-0d3ae6786e9d (ts: 2026-06-07T03:46:00.058316+00:00 < start: 2026-06-07T09:15:10.363Z)
[SKIP-BACKFILL] fellows.joined from agent-5b4e579d93e0 (ts: 2026-06-07T04:07:18.257165+00:00 < start: 2026-06-07T09:15:10.363Z)
[SKIP-BACKFILL] fellows.joined from agent-a79a4d97e78c (ts: 2026-06-07T04:07:57.914185+00:00 < start: 2026-06-07T09:15:10.363Z)
[SKIP-BACKFILL] fellows.joined from agent-ca49e8a935ff (ts: 2026-06-07T04:08:02.924371+00:00 < start: 2026-06-07T09:15:10.363Z)
[SKIP-BACKFILL] fellows.joined from agent-21f4f5e4b290 (ts: 2026-06-07T04:08:09.932471+00:00 < start: 2026-06-07T09:15:10.363Z)
[SKIP-BACKFILL] fellows.joined from agent-a578ab1edc32 (ts: 2026-06-07T06:22:24.341249+00:00 < start: 2026-06-07T09:15:10.363Z)
[SKIP-BACKFILL] fellows.joined from agent-48d8326a335c (ts: 2026-06-07T06:22:28.453733+00:00 < start: 2026-06-07T09:15:10.363Z)
[SKIP-BACKFILL] fellows.joined from agent-3a26459081c0 (ts: 2026-06-07T06:22:35.531547+00:00 < start: 2026-06-07T09:15:10.363Z)
[SKIP-BACKFILL] fellows.joined from agent-82e367d8b2c4 (ts: 2026-06-07T08:37:56.692041+00:00 < start: 2026-06-07T09:15:10.363Z)
[SKIP-BACKFILL] fellows.joined from agent-5643a156f527 (ts: 2026-06-07T08:41:42.292176+00:00 < start: 2026-06-07T09:15:10.363Z)
[SLACK] fellows.joined → agent-6de37597dde4
[SLACK] fellows.joined → agent-03a8f003ee02
[ERROR] Stream error: unknown . Reconnecting in 6443ms (attempt 1)...
[CONNECT] attempt=2 last_event_id=tick-4968 next_backoff=6796ms
[OPEN] Stream connected. Listening for events... (pid=12024, last_event_id=tick-4968)
[READY] backfilled 30 events · live tail begins (ts: 2026-06-07T12:04:36.325292+00:00)
[SKIP-BACKFILL] fellows.joined from agent-1ce976aacc6a (ts: 2026-06-07T03:19:09.712986+00:00 < start: 2026-06-07T09:15:10.363Z)
[SKIP-BACKFILL] fellows.joined from agent-f12e9cfc1c74 (ts: 2026-06-07T03:20:43.449171+00:00 < start: 2026-06-07T09:15:10.363Z)
[SKIP-BACKFILL] fellows.joined from agent-5836101ce6a0 (ts: 2026-06-07T03:20:48.449908+00:00 < start: 2026-06-07T09:15:10.363Z)
[SKIP-BACKFILL] fellows.joined from agent-b265127eacef (ts: 2026-06-07T03:20:55.504373+00:00 < start: 2026-06-07T09:15:10.363Z)
[SKIP-BACKFILL] fellows.joined from agent-091ddc8fc217 (ts: 2026-06-07T03:28:26.508756+00:00 < start: 2026-06-07T09:15:10.363Z)
[SKIP-BACKFILL] fellows.joined from agent-38bdd62a0d80 (ts: 2026-06-07T03:30:08.785819+00:00 < start: 2026-06-07T09:15:10.363Z)
[SKIP-BACKFILL] fellows.joined from agent-96f3e5280484 (ts: 2026-06-07T03:30:13.714626+00:00 < start: 2026-06-07T09:15:10.363Z)
[SKIP-BACKFILL] fellows.joined from agent-551fb91395c9 (ts: 2026-06-07T03:30:20.892741+00:00 < start: 2026-06-07T09:15:10.363Z)
[SKIP-BACKFILL] fellows.joined from agent-0b9cdcac873f (ts: 2026-06-07T03:37:01.745042+00:00 < start: 2026-06-07T09:15:10.363Z)
[SKIP-BACKFILL] fellows.joined from agent-460f48b359fc (ts: 2026-06-07T03:37:01.993597+00:00 < start: 2026-06-07T09:15:10.363Z)
[SKIP-BACKFILL] fellows.joined from agent-7748d1432bf0 (ts: 2026-06-07T03:37:02.298331+00:00 < start: 2026-06-07T09:15:10.363Z)
[SKIP-BACKFILL] fellows.joined from agent-4f752e22c475 (ts: 2026-06-07T03:38:04.854735+00:00 < start: 2026-06-07T09:15:10.363Z)
[SKIP-BACKFILL] fellows.joined from agent-f69770251904 (ts: 2026-06-07T03:40:31.916639+00:00 < start: 2026-06-07T09:15:10.363Z)
[SKIP-BACKFILL] fellows.joined from agent-0bf8ef15d8be (ts: 2026-06-07T03:40:36.963530+00:00 < start: 2026-06-07T09:15:10.363Z)
[SKIP-BACKFILL] fellows.joined from agent-6f511416da3c (ts: 2026-06-07T03:40:44.005379+00:00 < start: 2026-06-07T09:15:10.363Z)
[SKIP-BACKFILL] fellows.joined from agent-29bbc3e464ca (ts: 2026-06-07T03:45:05.777989+00:00 < start: 2026-06-07T09:15:10.363Z)
[SKIP-BACKFILL] fellows.joined from agent-78d9c02b11ec (ts: 2026-06-07T03:45:47.815905+00:00 < start: 2026-06-07T09:15:10.363Z)
[SKIP-BACKFILL] fellows.joined from agent-cfcf5eb3dff9 (ts: 2026-06-07T03:45:52.853585+00:00 < start: 2026-06-07T09:15:10.363Z)
[SKIP-BACKFILL] fellows.joined from agent-0d3ae6786e9d (ts: 2026-06-07T03:46:00.058316+00:00 < start: 2026-06-07T09:15:10.363Z)
[SKIP-BACKFILL] fellows.joined from agent-5b4e579d93e0 (ts: 2026-06-07T04:07:18.257165+00:00 < start: 2026-06-07T09:15:10.363Z)
[SKIP-BACKFILL] fellows.joined from agent-a79a4d97e78c (ts: 2026-06-07T04:07:57.914185+00:00 < start: 2026-06-07T09:15:10.363Z)
[SKIP-BACKFILL] fellows.joined from agent-ca49e8a935ff (ts: 2026-06-07T04:08:02.924371+00:00 < start: 2026-06-07T09:15:10.363Z)
[SKIP-BACKFILL] fellows.joined from agent-21f4f5e4b290 (ts: 2026-06-07T04:08:09.932471+00:00 < start: 2026-06-07T09:15:10.363Z)
[SKIP-BACKFILL] fellows.joined from agent-a578ab1edc32 (ts: 2026-06-07T06:22:24.341249+00:00 < start: 2026-06-07T09:15:10.363Z)
[SKIP-BACKFILL] fellows.joined from agent-48d8326a335c (ts: 2026-06-07T06:22:28.453733+00:00 < start: 2026-06-07T09:15:10.363Z)
[SKIP-BACKFILL] fellows.joined from agent-3a26459081c0 (ts: 2026-06-07T06:22:35.531547+00:00 < start: 2026-06-07T09:15:10.363Z)
[SKIP-BACKFILL] fellows.joined from agent-82e367d8b2c4 (ts: 2026-06-07T08:37:56.692041+00:00 < start: 2026-06-07T09:15:10.363Z)
[SKIP-BACKFILL] fellows.joined from agent-5643a156f527 (ts: 2026-06-07T08:41:42.292176+00:00 < start: 2026-06-07T09:15:10.363Z)
[SLACK] fellows.joined → agent-6de37597dde4
[SLACK] fellows.joined → agent-03a8f003ee02
[ERROR] Stream error: unknown . Reconnecting in 6796ms (attempt 1)...
[CONNECT] attempt=2 last_event_id=tick-4971 next_backoff=6308ms
[OPEN] Stream connected. Listening for events... (pid=12024, last_event_id=tick-4971)
[READY] backfilled 30 events · live tail begins (ts: 2026-06-07T12:05:43.300755+00:00)
[SKIP-BACKFILL] fellows.joined from agent-1ce976aacc6a (ts: 2026-06-07T03:19:09.712986+00:00 < start: 2026-06-07T09:15:10.363Z)
[SKIP-BACKFILL] fellows.joined from agent-f12e9cfc1c74 (ts: 2026-06-07T03:20:43.449171+00:00 < start: 2026-06-07T09:15:10.363Z)
[SKIP-BACKFILL] fellows.joined from agent-5836101ce6a0 (ts: 2026-06-07T03:20:48.449908+00:00 < start: 2026-06-07T09:15:10.363Z)
[SKIP-BACKFILL] fellows.joined from agent-b265127eacef (ts: 2026-06-07T03:20:55.504373+00:00 < start: 2026-06-07T09:15:10.363Z)
[SKIP-BACKFILL] fellows.joined from agent-091ddc8fc217 (ts: 2026-06-07T03:28:26.508756+00:00 < start: 2026-06-07T09:15:10.363Z)
[SKIP-BACKFILL] fellows.joined from agent-38bdd62a0d80 (ts: 2026-06-07T03:30:08.785819+00:00 < start: 2026-06-07T09:15:10.363Z)
[SKIP-BACKFILL] fellows.joined from agent-96f3e5280484 (ts: 2026-06-07T03:30:13.714626+00:00 < start: 2026-06-07T09:15:10.363Z)
[SKIP-BACKFILL] fellows.joined from agent-551fb91395c9 (ts: 2026-06-07T03:30:20.892741+00:00 < start: 2026-06-07T09:15:10.363Z)
[SKIP-BACKFILL] fellows.joined from agent-0b9cdcac873f (ts: 2026-06-07T03:37:01.745042+00:00 < start: 2026-06-07T09:15:10.363Z)
[SKIP-BACKFILL] fellows.joined from agent-460f48b359fc (ts: 2026-06-07T03:37:01.993597+00:00 < start: 2026-06-07T09:15:10.363Z)
[SKIP-BACKFILL] fellows.joined from agent-7748d1432bf0 (ts: 2026-06-07T03:37:02.298331+00:00 < start: 2026-06-07T09:15:10.363Z)
[SKIP-BACKFILL] fellows.joined from agent-4f752e22c475 (ts: 2026-06-07T03:38:04.854735+00:00 < start: 2026-06-07T09:15:10.363Z)
[SKIP-BACKFILL] fellows.joined from agent-f69770251904 (ts: 2026-06-07T03:40:31.916639+00:00 < start: 2026-06-07T09:15:10.363Z)
[SKIP-BACKFILL] fellows.joined from agent-0bf8ef15d8be (ts: 2026-06-07T03:40:36.963530+00:00 < start: 2026-06-07T09:15:10.363Z)
[SKIP-BACKFILL] fellows.joined from agent-6f511416da3c (ts: 2026-06-07T03:40:44.005379+00:00 < start: 2026-06-07T09:15:10.363Z)
[SKIP-BACKFILL] fellows.joined from agent-29bbc3e464ca (ts: 2026-06-07T03:45:05.777989+00:00 < start: 2026-06-07T09:15:10.363Z)
[SKIP-BACKFILL] fellows.joined from agent-78d9c02b11ec (ts: 2026-06-07T03:45:47.815905+00:00 < start: 2026-06-07T09:15:10.363Z)
[SKIP-BACKFILL] fellows.joined from agent-cfcf5eb3dff9 (ts: 2026-06-07T03:45:52.853585+00:00 < start: 2026-06-07T09:15:10.363Z)
[SKIP-BACKFILL] fellows.joined from agent-0d3ae6786e9d (ts: 2026-06-07T03:46:00.058316+00:00 < start: 2026-06-07T09:15:10.363Z)
[SKIP-BACKFILL] fellows.joined from agent-5b4e579d93e0 (ts: 2026-06-07T04:07:18.257165+00:00 < start: 2026-06-07T09:15:10.363Z)
[SKIP-BACKFILL] fellows.joined from agent-a79a4d97e78c (ts: 2026-06-07T04:07:57.914185+00:00 < start: 2026-06-07T09:15:10.363Z)
[SKIP-BACKFILL] fellows.joined from agent-ca49e8a935ff (ts: 2026-06-07T04:08:02.924371+00:00 < start: 2026-06-07T09:15:10.363Z)
[SKIP-BACKFILL] fellows.joined from agent-21f4f5e4b290 (ts: 2026-06-07T04:08:09.932471+00:00 < start: 2026-06-07T09:15:10.363Z)
[SKIP-BACKFILL] fellows.joined from agent-a578ab1edc32 (ts: 2026-06-07T06:22:24.341249+00:00 < start: 2026-06-07T09:15:10.363Z)
[SKIP-BACKFILL] fellows.joined from agent-48d8326a335c (ts: 2026-06-07T06:22:28.453733+00:00 < start: 2026-06-07T09:15:10.363Z)
[SKIP-BACKFILL] fellows.joined from agent-3a26459081c0 (ts: 2026-06-07T06:22:35.531547+00:00 < start: 2026-06-07T09:15:10.363Z)
[SKIP-BACKFILL] fellows.joined from agent-82e367d8b2c4 (ts: 2026-06-07T08:37:56.692041+00:00 < start: 2026-06-07T09:15:10.363Z)
[SKIP-BACKFILL] fellows.joined from agent-5643a156f527 (ts: 2026-06-07T08:41:42.292176+00:00 < start: 2026-06-07T09:15:10.363Z)
[SLACK] fellows.joined → agent-03a8f003ee02
[SLACK] fellows.joined → agent-6de37597dde4
[ERROR] Stream error: unknown . Reconnecting in 6308ms (attempt 1)...
[CONNECT] attempt=2 last_event_id=tick-4973 next_backoff=6494ms
[OPEN] Stream connected. Listening for events... (pid=12024, last_event_id=tick-4973)
[READY] backfilled 30 events · live tail begins (ts: 2026-06-07T12:06:49.789892+00:00)
[SKIP-BACKFILL] fellows.joined from agent-1ce976aacc6a (ts: 2026-06-07T03:19:09.712986+00:00 < start: 2026-06-07T09:15:10.363Z)
[SKIP-BACKFILL] fellows.joined from agent-f12e9cfc1c74 (ts: 2026-06-07T03:20:43.449171+00:00 < start: 2026-06-07T09:15:10.363Z)
[SKIP-BACKFILL] fellows.joined from agent-5836101ce6a0 (ts: 2026-06-07T03:20:48.449908+00:00 < start: 2026-06-07T09:15:10.363Z)
[SKIP-BACKFILL] fellows.joined from agent-b265127eacef (ts: 2026-06-07T03:20:55.504373+00:00 < start: 2026-06-07T09:15:10.363Z)
[SKIP-BACKFILL] fellows.joined from agent-091ddc8fc217 (ts: 2026-06-07T03:28:26.508756+00:00 < start: 2026-06-07T09:15:10.363Z)
[SKIP-BACKFILL] fellows.joined from agent-38bdd62a0d80 (ts: 2026-06-07T03:30:08.785819+00:00 < start: 2026-06-07T09:15:10.363Z)
[SKIP-BACKFILL] fellows.joined from agent-96f3e5280484 (ts: 2026-06-07T03:30:13.714626+00:00 < start: 2026-06-07T09:15:10.363Z)
[SKIP-BACKFILL] fellows.joined from agent-551fb91395c9 (ts: 2026-06-07T03:30:20.892741+00:00 < start: 2026-06-07T09:15:10.363Z)
[SKIP-BACKFILL] fellows.joined from agent-0b9cdcac873f (ts: 2026-06-07T03:37:01.745042+00:00 < start: 2026-06-07T09:15:10.363Z)
[SKIP-BACKFILL] fellows.joined from agent-460f48b359fc (ts: 2026-06-07T03:37:01.993597+00:00 < start: 2026-06-07T09:15:10.363Z)
[SKIP-BACKFILL] fellows.joined from agent-7748d1432bf0 (ts: 2026-06-07T03:37:02.298331+00:00 < start: 2026-06-07T09:15:10.363Z)
[SKIP-BACKFILL] fellows.joined from agent-4f752e22c475 (ts: 2026-06-07T03:38:04.854735+00:00 < start: 2026-06-07T09:15:10.363Z)
[SKIP-BACKFILL] fellows.joined from agent-f69770251904 (ts: 2026-06-07T03:40:31.916639+00:00 < start: 2026-06-07T09:15:10.363Z)
[SKIP-BACKFILL] fellows.joined from agent-0bf8ef15d8be (ts: 2026-06-07T03:40:36.963530+00:00 < start: 2026-06-07T09:15:10.363Z)
[SKIP-BACKFILL] fellows.joined from agent-6f511416da3c (ts: 2026-06-07T03:40:44.005379+00:00 < start: 2026-06-07T09:15:10.363Z)
[SKIP-BACKFILL] fellows.joined from agent-29bbc3e464ca (ts: 2026-06-07T03:45:05.777989+00:00 < start: 2026-06-07T09:15:10.363Z)
[SKIP-BACKFILL] fellows.joined from agent-78d9c02b11ec (ts: 2026-06-07T03:45:47.815905+00:00 < start: 2026-06-07T09:15:10.363Z)
[SKIP-BACKFILL] fellows.joined from agent-cfcf5eb3dff9 (ts: 2026-06-07T03:45:52.853585+00:00 < start: 2026-06-07T09:15:10.363Z)
[SKIP-BACKFILL] fellows.joined from agent-0d3ae6786e9d (ts: 2026-06-07T03:46:00.058316+00:00 < start: 2026-06-07T09:15:10.363Z)
[SKIP-BACKFILL] fellows.joined from agent-5b4e579d93e0 (ts: 2026-06-07T04:07:18.257165+00:00 < start: 2026-06-07T09:15:10.363Z)
[SKIP-BACKFILL] fellows.joined from agent-a79a4d97e78c (ts: 2026-06-07T04:07:57.914185+00:00 < start: 2026-06-07T09:15:10.363Z)
[SKIP-BACKFILL] fellows.joined from agent-ca49e8a935ff (ts: 2026-06-07T04:08:02.924371+00:00 < start: 2026-06-07T09:15:10.363Z)
[SKIP-BACKFILL] fellows.joined from agent-21f4f5e4b290 (ts: 2026-06-07T04:08:09.932471+00:00 < start: 2026-06-07T09:15:10.363Z)
[SKIP-BACKFILL] fellows.joined from agent-a578ab1edc32 (ts: 2026-06-07T06:22:24.341249+00:00 < start: 2026-06-07T09:15:10.363Z)
[SKIP-BACKFILL] fellows.joined from agent-48d8326a335c (ts: 2026-06-07T06:22:28.453733+00:00 < start: 2026-06-07T09:15:10.363Z)
[SKIP-BACKFILL] fellows.joined from agent-3a26459081c0 (ts: 2026-06-07T06:22:35.531547+00:00 < start: 2026-06-07T09:15:10.363Z)
[SKIP-BACKFILL] fellows.joined from agent-82e367d8b2c4 (ts: 2026-06-07T08:37:56.692041+00:00 < start: 2026-06-07T09:15:10.363Z)
[SKIP-BACKFILL] fellows.joined from agent-5643a156f527 (ts: 2026-06-07T08:41:42.292176+00:00 < start: 2026-06-07T09:15:10.363Z)
[SLACK] fellows.joined → agent-03a8f003ee02
[SLACK] fellows.joined → agent-6de37597dde4
[ERROR] Stream error: unknown . Reconnecting in 6494ms (attempt 1)...
[CONNECT] attempt=2 last_event_id=tick-4975 next_backoff=6388ms
[OPEN] Stream connected. Listening for events... (pid=12024, last_event_id=tick-4975)
[READY] backfilled 30 events · live tail begins (ts: 2026-06-07T12:07:56.400987+00:00)
[SKIP-BACKFILL] fellows.joined from agent-1ce976aacc6a (ts: 2026-06-07T03:19:09.712986+00:00 < start: 2026-06-07T09:15:10.363Z)
[SKIP-BACKFILL] fellows.joined from agent-f12e9cfc1c74 (ts: 2026-06-07T03:20:43.449171+00:00 < start: 2026-06-07T09:15:10.363Z)
[SKIP-BACKFILL] fellows.joined from agent-5836101ce6a0 (ts: 2026-06-07T03:20:48.449908+00:00 < start: 2026-06-07T09:15:10.363Z)
[SKIP-BACKFILL] fellows.joined from agent-b265127eacef (ts: 2026-06-07T03:20:55.504373+00:00 < start: 2026-06-07T09:15:10.363Z)
[SKIP-BACKFILL] fellows.joined from agent-091ddc8fc217 (ts: 2026-06-07T03:28:26.508756+00:00 < start: 2026-06-07T09:15:10.363Z)
[SKIP-BACKFILL] fellows.joined from agent-38bdd62a0d80 (ts: 2026-06-07T03:30:08.785819+00:00 < start: 2026-06-07T09:15:10.363Z)
[SKIP-BACKFILL] fellows.joined from agent-96f3e5280484 (ts: 2026-06-07T03:30:13.714626+00:00 < start: 2026-06-07T09:15:10.363Z)
[SKIP-BACKFILL] fellows.joined from agent-551fb91395c9 (ts: 2026-06-07T03:30:20.892741+00:00 < start: 2026-06-07T09:15:10.363Z)
[SKIP-BACKFILL] fellows.joined from agent-0b9cdcac873f (ts: 2026-06-07T03:37:01.745042+00:00 < start: 2026-06-07T09:15:10.363Z)
[SKIP-BACKFILL] fellows.joined from agent-460f48b359fc (ts: 2026-06-07T03:37:01.993597+00:00 < start: 2026-06-07T09:15:10.363Z)
[SKIP-BACKFILL] fellows.joined from agent-7748d1432bf0 (ts: 2026-06-07T03:37:02.298331+00:00 < start: 2026-06-07T09:15:10.363Z)
[SKIP-BACKFILL] fellows.joined from agent-4f752e22c475 (ts: 2026-06-07T03:38:04.854735+00:00 < start: 2026-06-07T09:15:10.363Z)
[SKIP-BACKFILL] fellows.joined from agent-f69770251904 (ts: 2026-06-07T03:40:31.916639+00:00 < start: 2026-06-07T09:15:10.363Z)
[SKIP-BACKFILL] fellows.joined from agent-0bf8ef15d8be (ts: 2026-06-07T03:40:36.963530+00:00 < start: 2026-06-07T09:15:10.363Z)
[SKIP-BACKFILL] fellows.joined from agent-6f511416da3c (ts: 2026-06-07T03:40:44.005379+00:00 < start: 2026-06-07T09:15:10.363Z)
[SKIP-BACKFILL] fellows.joined from agent-29bbc3e464ca (ts: 2026-06-07T03:45:05.777989+00:00 < start: 2026-06-07T09:15:10.363Z)
[SKIP-BACKFILL] fellows.joined from agent-78d9c02b11ec (ts: 2026-06-07T03:45:47.815905+00:00 < start: 2026-06-07T09:15:10.363Z)
[SKIP-BACKFILL] fellows.joined from agent-cfcf5eb3dff9 (ts: 2026-06-07T03:45:52.853585+00:00 < start: 2026-06-07T09:15:10.363Z)
[SKIP-BACKFILL] fellows.joined from agent-0d3ae6786e9d (ts: 2026-06-07T03:46:00.058316+00:00 < start: 2026-06-07T09:15:10.363Z)
[SKIP-BACKFILL] fellows.joined from agent-5b4e579d93e0 (ts: 2026-06-07T04:07:18.257165+00:00 < start: 2026-06-07T09:15:10.363Z)
[SKIP-BACKFILL] fellows.joined from agent-a79a4d97e78c (ts: 2026-06-07T04:07:57.914185+00:00 < start: 2026-06-07T09:15:10.363Z)
[SKIP-BACKFILL] fellows.joined from agent-ca49e8a935ff (ts: 2026-06-07T04:08:02.924371+00:00 < start: 2026-06-07T09:15:10.363Z)
[SKIP-BACKFILL] fellows.joined from agent-21f4f5e4b290 (ts: 2026-06-07T04:08:09.932471+00:00 < start: 2026-06-07T09:15:10.363Z)
[SKIP-BACKFILL] fellows.joined from agent-a578ab1edc32 (ts: 2026-06-07T06:22:24.341249+00:00 < start: 2026-06-07T09:15:10.363Z)
[SKIP-BACKFILL] fellows.joined from agent-48d8326a335c (ts: 2026-06-07T06:22:28.453733+00:00 < start: 2026-06-07T09:15:10.363Z)
[SKIP-BACKFILL] fellows.joined from agent-3a26459081c0 (ts: 2026-06-07T06:22:35.531547+00:00 < start: 2026-06-07T09:15:10.363Z)
[SKIP-BACKFILL] fellows.joined from agent-82e367d8b2c4 (ts: 2026-06-07T08:37:56.692041+00:00 < start: 2026-06-07T09:15:10.363Z)
[SKIP-BACKFILL] fellows.joined from agent-5643a156f527 (ts: 2026-06-07T08:41:42.292176+00:00 < start: 2026-06-07T09:15:10.363Z)
[SLACK] fellows.joined → agent-03a8f003ee02
[SLACK] fellows.joined → agent-6de37597dde4
[ERROR] Stream error: unknown . Reconnecting in 6388ms (attempt 1)...
[CONNECT] attempt=2 last_event_id=tick-4977 next_backoff=6916ms
[OPEN] Stream connected. Listening for events... (pid=12024, last_event_id=tick-4977)
[READY] backfilled 30 events · live tail begins (ts: 2026-06-07T12:09:02.916559+00:00)
[SKIP-BACKFILL] fellows.joined from agent-1ce976aacc6a (ts: 2026-06-07T03:19:09.712986+00:00 < start: 2026-06-07T09:15:10.363Z)
[SKIP-BACKFILL] fellows.joined from agent-f12e9cfc1c74 (ts: 2026-06-07T03:20:43.449171+00:00 < start: 2026-06-07T09:15:10.363Z)
[SKIP-BACKFILL] fellows.joined from agent-5836101ce6a0 (ts: 2026-06-07T03:20:48.449908+00:00 < start: 2026-06-07T09:15:10.363Z)
[SKIP-BACKFILL] fellows.joined from agent-b265127eacef (ts: 2026-06-07T03:20:55.504373+00:00 < start: 2026-06-07T09:15:10.363Z)
[SKIP-BACKFILL] fellows.joined from agent-091ddc8fc217 (ts: 2026-06-07T03:28:26.508756+00:00 < start: 2026-06-07T09:15:10.363Z)
[SKIP-BACKFILL] fellows.joined from agent-38bdd62a0d80 (ts: 2026-06-07T03:30:08.785819+00:00 < start: 2026-06-07T09:15:10.363Z)
[SKIP-BACKFILL] fellows.joined from agent-96f3e5280484 (ts: 2026-06-07T03:30:13.714626+00:00 < start: 2026-06-07T09:15:10.363Z)
[SKIP-BACKFILL] fellows.joined from agent-551fb91395c9 (ts: 2026-06-07T03:30:20.892741+00:00 < start: 2026-06-07T09:15:10.363Z)
[SKIP-BACKFILL] fellows.joined from agent-0b9cdcac873f (ts: 2026-06-07T03:37:01.745042+00:00 < start: 2026-06-07T09:15:10.363Z)
[SKIP-BACKFILL] fellows.joined from agent-460f48b359fc (ts: 2026-06-07T03:37:01.993597+00:00 < start: 2026-06-07T09:15:10.363Z)
[SKIP-BACKFILL] fellows.joined from agent-7748d1432bf0 (ts: 2026-06-07T03:37:02.298331+00:00 < start: 2026-06-07T09:15:10.363Z)
[SKIP-BACKFILL] fellows.joined from agent-4f752e22c475 (ts: 2026-06-07T03:38:04.854735+00:00 < start: 2026-06-07T09:15:10.363Z)
[SKIP-BACKFILL] fellows.joined from agent-f69770251904 (ts: 2026-06-07T03:40:31.916639+00:00 < start: 2026-06-07T09:15:10.363Z)
[SKIP-BACKFILL] fellows.joined from agent-0bf8ef15d8be (ts: 2026-06-07T03:40:36.963530+00:00 < start: 2026-06-07T09:15:10.363Z)
[SKIP-BACKFILL] fellows.joined from agent-6f511416da3c (ts: 2026-06-07T03:40:44.005379+00:00 < start: 2026-06-07T09:15:10.363Z)
[SKIP-BACKFILL] fellows.joined from agent-29bbc3e464ca (ts: 2026-06-07T03:45:05.777989+00:00 < start: 2026-06-07T09:15:10.363Z)
[SKIP-BACKFILL] fellows.joined from agent-78d9c02b11ec (ts: 2026-06-07T03:45:47.815905+00:00 < start: 2026-06-07T09:15:10.363Z)
[SKIP-BACKFILL] fellows.joined from agent-cfcf5eb3dff9 (ts: 2026-06-07T03:45:52.853585+00:00 < start: 2026-06-07T09:15:10.363Z)
[SKIP-BACKFILL] fellows.joined from agent-0d3ae6786e9d (ts: 2026-06-07T03:46:00.058316+00:00 < start: 2026-06-07T09:15:10.363Z)
[SKIP-BACKFILL] fellows.joined from agent-5b4e579d93e0 (ts: 2026-06-07T04:07:18.257165+00:00 < start: 2026-06-07T09:15:10.363Z)
[SKIP-BACKFILL] fellows.joined from agent-a79a4d97e78c (ts: 2026-06-07T04:07:57.914185+00:00 < start: 2026-06-07T09:15:10.363Z)
[SKIP-BACKFILL] fellows.joined from agent-ca49e8a935ff (ts: 2026-06-07T04:08:02.924371+00:00 < start: 2026-06-07T09:15:10.363Z)
[SKIP-BACKFILL] fellows.joined from agent-21f4f5e4b290 (ts: 2026-06-07T04:08:09.932471+00:00 < start: 2026-06-07T09:15:10.363Z)
[SKIP-BACKFILL] fellows.joined from agent-a578ab1edc32 (ts: 2026-06-07T06:22:24.341249+00:00 < start: 2026-06-07T09:15:10.363Z)
[SKIP-BACKFILL] fellows.joined from agent-48d8326a335c (ts: 2026-06-07T06:22:28.453733+00:00 < start: 2026-06-07T09:15:10.363Z)
[SKIP-BACKFILL] fellows.joined from agent-3a26459081c0 (ts: 2026-06-07T06:22:35.531547+00:00 < start: 2026-06-07T09:15:10.363Z)
[SKIP-BACKFILL] fellows.joined from agent-82e367d8b2c4 (ts: 2026-06-07T08:37:56.692041+00:00 < start: 2026-06-07T09:15:10.363Z)
[SKIP-BACKFILL] fellows.joined from agent-5643a156f527 (ts: 2026-06-07T08:41:42.292176+00:00 < start: 2026-06-07T09:15:10.363Z)
[SLACK] fellows.joined → agent-03a8f003ee02
[SLACK] fellows.joined → agent-6de37597dde4
[ERROR] Stream error: unknown . Reconnecting in 6916ms (attempt 1)...
[CONNECT] attempt=2 last_event_id=tick-4979 next_backoff=6466ms
[OPEN] Stream connected. Listening for events... (pid=12024, last_event_id=tick-4979)
[READY] backfilled 30 events · live tail begins (ts: 2026-06-07T12:10:09.994651+00:00)
[SKIP-BACKFILL] fellows.joined from agent-1ce976aacc6a (ts: 2026-06-07T03:19:09.712986+00:00 < start: 2026-06-07T09:15:10.363Z)
[SKIP-BACKFILL] fellows.joined from agent-f12e9cfc1c74 (ts: 2026-06-07T03:20:43.449171+00:00 < start: 2026-06-07T09:15:10.363Z)
[SKIP-BACKFILL] fellows.joined from agent-5836101ce6a0 (ts: 2026-06-07T03:20:48.449908+00:00 < start: 2026-06-07T09:15:10.363Z)
[SKIP-BACKFILL] fellows.joined from agent-b265127eacef (ts: 2026-06-07T03:20:55.504373+00:00 < start: 2026-06-07T09:15:10.363Z)
[SKIP-BACKFILL] fellows.joined from agent-091ddc8fc217 (ts: 2026-06-07T03:28:26.508756+00:00 < start: 2026-06-07T09:15:10.363Z)
[SKIP-BACKFILL] fellows.joined from agent-38bdd62a0d80 (ts: 2026-06-07T03:30:08.785819+00:00 < start: 2026-06-07T09:15:10.363Z)
[SKIP-BACKFILL] fellows.joined from agent-96f3e5280484 (ts: 2026-06-07T03:30:13.714626+00:00 < start: 2026-06-07T09:15:10.363Z)
[SKIP-BACKFILL] fellows.joined from agent-551fb91395c9 (ts: 2026-06-07T03:30:20.892741+00:00 < start: 2026-06-07T09:15:10.363Z)
[SKIP-BACKFILL] fellows.joined from agent-0b9cdcac873f (ts: 2026-06-07T03:37:01.745042+00:00 < start: 2026-06-07T09:15:10.363Z)
[SKIP-BACKFILL] fellows.joined from agent-460f48b359fc (ts: 2026-06-07T03:37:01.993597+00:00 < start: 2026-06-07T09:15:10.363Z)
[SKIP-BACKFILL] fellows.joined from agent-7748d1432bf0 (ts: 2026-06-07T03:37:02.298331+00:00 < start: 2026-06-07T09:15:10.363Z)
[SKIP-BACKFILL] fellows.joined from agent-4f752e22c475 (ts: 2026-06-07T03:38:04.854735+00:00 < start: 2026-06-07T09:15:10.363Z)
[SKIP-BACKFILL] fellows.joined from agent-f69770251904 (ts: 2026-06-07T03:40:31.916639+00:00 < start: 2026-06-07T09:15:10.363Z)
[SKIP-BACKFILL] fellows.joined from agent-0bf8ef15d8be (ts: 2026-06-07T03:40:36.963530+00:00 < start: 2026-06-07T09:15:10.363Z)
[SKIP-BACKFILL] fellows.joined from agent-6f511416da3c (ts: 2026-06-07T03:40:44.005379+00:00 < start: 2026-06-07T09:15:10.363Z)
[SKIP-BACKFILL] fellows.joined from agent-29bbc3e464ca (ts: 2026-06-07T03:45:05.777989+00:00 < start: 2026-06-07T09:15:10.363Z)
[SKIP-BACKFILL] fellows.joined from agent-78d9c02b11ec (ts: 2026-06-07T03:45:47.815905+00:00 < start: 2026-06-07T09:15:10.363Z)
[SKIP-BACKFILL] fellows.joined from agent-cfcf5eb3dff9 (ts: 2026-06-07T03:45:52.853585+00:00 < start: 2026-06-07T09:15:10.363Z)
[SKIP-BACKFILL] fellows.joined from agent-0d3ae6786e9d (ts: 2026-06-07T03:46:00.058316+00:00 < start: 2026-06-07T09:15:10.363Z)
[SKIP-BACKFILL] fellows.joined from agent-5b4e579d93e0 (ts: 2026-06-07T04:07:18.257165+00:00 < start: 2026-06-07T09:15:10.363Z)
[SKIP-BACKFILL] fellows.joined from agent-a79a4d97e78c (ts: 2026-06-07T04:07:57.914185+00:00 < start: 2026-06-07T09:15:10.363Z)
[SKIP-BACKFILL] fellows.joined from agent-ca49e8a935ff (ts: 2026-06-07T04:08:02.924371+00:00 < start: 2026-06-07T09:15:10.363Z)
[SKIP-BACKFILL] fellows.joined from agent-21f4f5e4b290 (ts: 2026-06-07T04:08:09.932471+00:00 < start: 2026-06-07T09:15:10.363Z)
[SKIP-BACKFILL] fellows.joined from agent-a578ab1edc32 (ts: 2026-06-07T06:22:24.341249+00:00 < start: 2026-06-07T09:15:10.363Z)
[SKIP-BACKFILL] fellows.joined from agent-48d8326a335c (ts: 2026-06-07T06:22:28.453733+00:00 < start: 2026-06-07T09:15:10.363Z)
[SKIP-BACKFILL] fellows.joined from agent-3a26459081c0 (ts: 2026-06-07T06:22:35.531547+00:00 < start: 2026-06-07T09:15:10.363Z)
[SKIP-BACKFILL] fellows.joined from agent-82e367d8b2c4 (ts: 2026-06-07T08:37:56.692041+00:00 < start: 2026-06-07T09:15:10.363Z)
[SKIP-BACKFILL] fellows.joined from agent-5643a156f527 (ts: 2026-06-07T08:41:42.292176+00:00 < start: 2026-06-07T09:15:10.363Z)
[SLACK] fellows.joined → agent-03a8f003ee02
[SLACK] fellows.joined → agent-6de37597dde4
[ERROR] Stream error: unknown . Reconnecting in 6466ms (attempt 1)...
[CONNECT] attempt=2 last_event_id=tick-4982 next_backoff=6072ms
[OPEN] Stream connected. Listening for events... (pid=12024, last_event_id=tick-4982)
[READY] backfilled 30 events · live tail begins (ts: 2026-06-07T12:11:16.659371+00:00)
[SKIP-BACKFILL] fellows.joined from agent-1ce976aacc6a (ts: 2026-06-07T03:19:09.712986+00:00 < start: 2026-06-07T09:15:10.363Z)
[SKIP-BACKFILL] fellows.joined from agent-f12e9cfc1c74 (ts: 2026-06-07T03:20:43.449171+00:00 < start: 2026-06-07T09:15:10.363Z)
[SKIP-BACKFILL] fellows.joined from agent-5836101ce6a0 (ts: 2026-06-07T03:20:48.449908+00:00 < start: 2026-06-07T09:15:10.363Z)
[SKIP-BACKFILL] fellows.joined from agent-b265127eacef (ts: 2026-06-07T03:20:55.504373+00:00 < start: 2026-06-07T09:15:10.363Z)
[SKIP-BACKFILL] fellows.joined from agent-091ddc8fc217 (ts: 2026-06-07T03:28:26.508756+00:00 < start: 2026-06-07T09:15:10.363Z)
[SKIP-BACKFILL] fellows.joined from agent-38bdd62a0d80 (ts: 2026-06-07T03:30:08.785819+00:00 < start: 2026-06-07T09:15:10.363Z)
[SKIP-BACKFILL] fellows.joined from agent-96f3e5280484 (ts: 2026-06-07T03:30:13.714626+00:00 < start: 2026-06-07T09:15:10.363Z)
[SKIP-BACKFILL] fellows.joined from agent-551fb91395c9 (ts: 2026-06-07T03:30:20.892741+00:00 < start: 2026-06-07T09:15:10.363Z)
[SKIP-BACKFILL] fellows.joined from agent-0b9cdcac873f (ts: 2026-06-07T03:37:01.745042+00:00 < start: 2026-06-07T09:15:10.363Z)
[SKIP-BACKFILL] fellows.joined from agent-460f48b359fc (ts: 2026-06-07T03:37:01.993597+00:00 < start: 2026-06-07T09:15:10.363Z)
[SKIP-BACKFILL] fellows.joined from agent-7748d1432bf0 (ts: 2026-06-07T03:37:02.298331+00:00 < start: 2026-06-07T09:15:10.363Z)
[SKIP-BACKFILL] fellows.joined from agent-4f752e22c475 (ts: 2026-06-07T03:38:04.854735+00:00 < start: 2026-06-07T09:15:10.363Z)
[SKIP-BACKFILL] fellows.joined from agent-f69770251904 (ts: 2026-06-07T03:40:31.916639+00:00 < start: 2026-06-07T09:15:10.363Z)
[SKIP-BACKFILL] fellows.joined from agent-0bf8ef15d8be (ts: 2026-06-07T03:40:36.963530+00:00 < start: 2026-06-07T09:15:10.363Z)
[SKIP-BACKFILL] fellows.joined from agent-6f511416da3c (ts: 2026-06-07T03:40:44.005379+00:00 < start: 2026-06-07T09:15:10.363Z)
[SKIP-BACKFILL] fellows.joined from agent-29bbc3e464ca (ts: 2026-06-07T03:45:05.777989+00:00 < start: 2026-06-07T09:15:10.363Z)
[SKIP-BACKFILL] fellows.joined from agent-78d9c02b11ec (ts: 2026-06-07T03:45:47.815905+00:00 < start: 2026-06-07T09:15:10.363Z)
[SKIP-BACKFILL] fellows.joined from agent-cfcf5eb3dff9 (ts: 2026-06-07T03:45:52.853585+00:00 < start: 2026-06-07T09:15:10.363Z)
[SKIP-BACKFILL] fellows.joined from agent-0d3ae6786e9d (ts: 2026-06-07T03:46:00.058316+00:00 < start: 2026-06-07T09:15:10.363Z)
[SKIP-BACKFILL] fellows.joined from agent-5b4e579d93e0 (ts: 2026-06-07T04:07:18.257165+00:00 < start: 2026-06-07T09:15:10.363Z)
[SKIP-BACKFILL] fellows.joined from agent-a79a4d97e78c (ts: 2026-06-07T04:07:57.914185+00:00 < start: 2026-06-07T09:15:10.363Z)
[SKIP-BACKFILL] fellows.joined from agent-ca49e8a935ff (ts: 2026-06-07T04:08:02.924371+00:00 < start: 2026-06-07T09:15:10.363Z)
[SKIP-BACKFILL] fellows.joined from agent-21f4f5e4b290 (ts: 2026-06-07T04:08:09.932471+00:00 < start: 2026-06-07T09:15:10.363Z)
[SKIP-BACKFILL] fellows.joined from agent-a578ab1edc32 (ts: 2026-06-07T06:22:24.341249+00:00 < start: 2026-06-07T09:15:10.363Z)
[SKIP-BACKFILL] fellows.joined from agent-48d8326a335c (ts: 2026-06-07T06:22:28.453733+00:00 < start: 2026-06-07T09:15:10.363Z)
[SKIP-BACKFILL] fellows.joined from agent-3a26459081c0 (ts: 2026-06-07T06:22:35.531547+00:00 < start: 2026-06-07T09:15:10.363Z)
[SKIP-BACKFILL] fellows.joined from agent-82e367d8b2c4 (ts: 2026-06-07T08:37:56.692041+00:00 < start: 2026-06-07T09:15:10.363Z)
[SKIP-BACKFILL] fellows.joined from agent-5643a156f527 (ts: 2026-06-07T08:41:42.292176+00:00 < start: 2026-06-07T09:15:10.363Z)
[SLACK] fellows.joined → agent-03a8f003ee02
[SLACK] fellows.joined → agent-6de37597dde4
[WARN] SLACK_BOT_TOKEN env var is not set. Slack posts will be dry-run (logged only).
=================================================
  HERMES — Lodge Event Stream Listener
  LODGE_STREAM_URL   : https://hearth-lodge.preview.emergentagent.com/api/stream/public
  SLACK_BOT_TOKEN    : [not set — dry-run mode]
  SLACK_CHANNEL      : C0AV3HHP8P3
  Reconnect backoff  : 3000ms → 60000ms (exponential + jitter)
  START_TIME         : 2026-06-08T08:42:23.072Z
  PID                : 20620
=================================================
[CONNECT] attempt=1 last_event_id=2026-06-07T11:40:05.520280+00:00 next_backoff=3163ms
[OPEN] Stream connected. Listening for events... (pid=20620, last_event_id=2026-06-07T11:40:05.520280+00:00)
[READY] backfilled 30 events · live tail begins (ts: 2026-06-08T08:42:22.920214+00:00)
[SKIP-BACKFILL] fellows.joined from agent-1ce976aacc6a (ts: 2026-06-07T03:19:09.712986+00:00 < start: 2026-06-08T08:42:23.072Z)
[SKIP-BACKFILL] fellows.joined from agent-f12e9cfc1c74 (ts: 2026-06-07T03:20:43.449171+00:00 < start: 2026-06-08T08:42:23.072Z)
[SKIP-BACKFILL] fellows.joined from agent-5836101ce6a0 (ts: 2026-06-07T03:20:48.449908+00:00 < start: 2026-06-08T08:42:23.072Z)
[SKIP-BACKFILL] fellows.joined from agent-b265127eacef (ts: 2026-06-07T03:20:55.504373+00:00 < start: 2026-06-08T08:42:23.072Z)
[SKIP-BACKFILL] fellows.joined from agent-091ddc8fc217 (ts: 2026-06-07T03:28:26.508756+00:00 < start: 2026-06-08T08:42:23.072Z)
[SKIP-BACKFILL] fellows.joined from agent-38bdd62a0d80 (ts: 2026-06-07T03:30:08.785819+00:00 < start: 2026-06-08T08:42:23.072Z)
[SKIP-BACKFILL] fellows.joined from agent-96f3e5280484 (ts: 2026-06-07T03:30:13.714626+00:00 < start: 2026-06-08T08:42:23.072Z)
[SKIP-BACKFILL] fellows.joined from agent-551fb91395c9 (ts: 2026-06-07T03:30:20.892741+00:00 < start: 2026-06-08T08:42:23.072Z)
[SKIP-BACKFILL] fellows.joined from agent-0b9cdcac873f (ts: 2026-06-07T03:37:01.745042+00:00 < start: 2026-06-08T08:42:23.072Z)
[SKIP-BACKFILL] fellows.joined from agent-460f48b359fc (ts: 2026-06-07T03:37:01.993597+00:00 < start: 2026-06-08T08:42:23.072Z)
[SKIP-BACKFILL] fellows.joined from agent-7748d1432bf0 (ts: 2026-06-07T03:37:02.298331+00:00 < start: 2026-06-08T08:42:23.072Z)
[SKIP-BACKFILL] fellows.joined from agent-4f752e22c475 (ts: 2026-06-07T03:38:04.854735+00:00 < start: 2026-06-08T08:42:23.072Z)
[SKIP-BACKFILL] fellows.joined from agent-f69770251904 (ts: 2026-06-07T03:40:31.916639+00:00 < start: 2026-06-08T08:42:23.072Z)
[SKIP-BACKFILL] fellows.joined from agent-0bf8ef15d8be (ts: 2026-06-07T03:40:36.963530+00:00 < start: 2026-06-08T08:42:23.072Z)
[SKIP-BACKFILL] fellows.joined from agent-6f511416da3c (ts: 2026-06-07T03:40:44.005379+00:00 < start: 2026-06-08T08:42:23.072Z)
[SKIP-BACKFILL] fellows.joined from agent-29bbc3e464ca (ts: 2026-06-07T03:45:05.777989+00:00 < start: 2026-06-08T08:42:23.072Z)
[SKIP-BACKFILL] fellows.joined from agent-78d9c02b11ec (ts: 2026-06-07T03:45:47.815905+00:00 < start: 2026-06-08T08:42:23.072Z)
[SKIP-BACKFILL] fellows.joined from agent-cfcf5eb3dff9 (ts: 2026-06-07T03:45:52.853585+00:00 < start: 2026-06-08T08:42:23.072Z)
[SKIP-BACKFILL] fellows.joined from agent-0d3ae6786e9d (ts: 2026-06-07T03:46:00.058316+00:00 < start: 2026-06-08T08:42:23.072Z)
[SKIP-BACKFILL] fellows.joined from agent-5b4e579d93e0 (ts: 2026-06-07T04:07:18.257165+00:00 < start: 2026-06-08T08:42:23.072Z)
[SKIP-BACKFILL] fellows.joined from agent-a79a4d97e78c (ts: 2026-06-07T04:07:57.914185+00:00 < start: 2026-06-08T08:42:23.072Z)
[SKIP-BACKFILL] fellows.joined from agent-ca49e8a935ff (ts: 2026-06-07T04:08:02.924371+00:00 < start: 2026-06-08T08:42:23.072Z)
[SKIP-BACKFILL] fellows.joined from agent-21f4f5e4b290 (ts: 2026-06-07T04:08:09.932471+00:00 < start: 2026-06-08T08:42:23.072Z)
[SKIP-BACKFILL] fellows.joined from agent-a578ab1edc32 (ts: 2026-06-07T06:22:24.341249+00:00 < start: 2026-06-08T08:42:23.072Z)
[SKIP-BACKFILL] fellows.joined from agent-48d8326a335c (ts: 2026-06-07T06:22:28.453733+00:00 < start: 2026-06-08T08:42:23.072Z)
[SKIP-BACKFILL] fellows.joined from agent-3a26459081c0 (ts: 2026-06-07T06:22:35.531547+00:00 < start: 2026-06-08T08:42:23.072Z)
[SKIP-BACKFILL] fellows.joined from agent-82e367d8b2c4 (ts: 2026-06-07T08:37:56.692041+00:00 < start: 2026-06-08T08:42:23.072Z)
[SKIP-BACKFILL] fellows.joined from agent-5643a156f527 (ts: 2026-06-07T08:41:42.292176+00:00 < start: 2026-06-08T08:42:23.072Z)
[SKIP-BACKFILL] fellows.joined from agent-6de37597dde4 (ts: 2026-06-07T11:33:43.636095+00:00 < start: 2026-06-08T08:42:23.072Z)
[SKIP-BACKFILL] fellows.joined from agent-03a8f003ee02 (ts: 2026-06-07T11:40:05.520280+00:00 < start: 2026-06-08T08:42:23.072Z)
[ERROR] Stream error: unknown . Reconnecting in 3163ms (attempt 1)...
[CONNECT] attempt=2 last_event_id=tick-5078 next_backoff=6671ms
[OPEN] Stream connected. Listening for events... (pid=20620, last_event_id=tick-5078)
[READY] backfilled 30 events · live tail begins (ts: 2026-06-08T08:43:26.183282+00:00)
[SKIP-BACKFILL] fellows.joined from agent-1ce976aacc6a (ts: 2026-06-07T03:19:09.712986+00:00 < start: 2026-06-08T08:42:23.072Z)
[SKIP-BACKFILL] fellows.joined from agent-f12e9cfc1c74 (ts: 2026-06-07T03:20:43.449171+00:00 < start: 2026-06-08T08:42:23.072Z)
[SKIP-BACKFILL] fellows.joined from agent-5836101ce6a0 (ts: 2026-06-07T03:20:48.449908+00:00 < start: 2026-06-08T08:42:23.072Z)
[SKIP-BACKFILL] fellows.joined from agent-b265127eacef (ts: 2026-06-07T03:20:55.504373+00:00 < start: 2026-06-08T08:42:23.072Z)
[SKIP-BACKFILL] fellows.joined from agent-091ddc8fc217 (ts: 2026-06-07T03:28:26.508756+00:00 < start: 2026-06-08T08:42:23.072Z)
[SKIP-BACKFILL] fellows.joined from agent-38bdd62a0d80 (ts: 2026-06-07T03:30:08.785819+00:00 < start: 2026-06-08T08:42:23.072Z)
[SKIP-BACKFILL] fellows.joined from agent-96f3e5280484 (ts: 2026-06-07T03:30:13.714626+00:00 < start: 2026-06-08T08:42:23.072Z)
[SKIP-BACKFILL] fellows.joined from agent-551fb91395c9 (ts: 2026-06-07T03:30:20.892741+00:00 < start: 2026-06-08T08:42:23.072Z)
[SKIP-BACKFILL] fellows.joined from agent-0b9cdcac873f (ts: 2026-06-07T03:37:01.745042+00:00 < start: 2026-06-08T08:42:23.072Z)
[SKIP-BACKFILL] fellows.joined from agent-460f48b359fc (ts: 2026-06-07T03:37:01.993597+00:00 < start: 2026-06-08T08:42:23.072Z)
[SKIP-BACKFILL] fellows.joined from agent-7748d1432bf0 (ts: 2026-06-07T03:37:02.298331+00:00 < start: 2026-06-08T08:42:23.072Z)
[SKIP-BACKFILL] fellows.joined from agent-4f752e22c475 (ts: 2026-06-07T03:38:04.854735+00:00 < start: 2026-06-08T08:42:23.072Z)
[SKIP-BACKFILL] fellows.joined from agent-f69770251904 (ts: 2026-06-07T03:40:31.916639+00:00 < start: 2026-06-08T08:42:23.072Z)
[SKIP-BACKFILL] fellows.joined from agent-0bf8ef15d8be (ts: 2026-06-07T03:40:36.963530+00:00 < start: 2026-06-08T08:42:23.072Z)
[SKIP-BACKFILL] fellows.joined from agent-6f511416da3c (ts: 2026-06-07T03:40:44.005379+00:00 < start: 2026-06-08T08:42:23.072Z)
[SKIP-BACKFILL] fellows.joined from agent-29bbc3e464ca (ts: 2026-06-07T03:45:05.777989+00:00 < start: 2026-06-08T08:42:23.072Z)
[SKIP-BACKFILL] fellows.joined from agent-78d9c02b11ec (ts: 2026-06-07T03:45:47.815905+00:00 < start: 2026-06-08T08:42:23.072Z)
[SKIP-BACKFILL] fellows.joined from agent-cfcf5eb3dff9 (ts: 2026-06-07T03:45:52.853585+00:00 < start: 2026-06-08T08:42:23.072Z)
[SKIP-BACKFILL] fellows.joined from agent-0d3ae6786e9d (ts: 2026-06-07T03:46:00.058316+00:00 < start: 2026-06-08T08:42:23.072Z)
[SKIP-BACKFILL] fellows.joined from agent-5b4e579d93e0 (ts: 2026-06-07T04:07:18.257165+00:00 < start: 2026-06-08T08:42:23.072Z)
[SKIP-BACKFILL] fellows.joined from agent-a79a4d97e78c (ts: 2026-06-07T04:07:57.914185+00:00 < start: 2026-06-08T08:42:23.072Z)
[SKIP-BACKFILL] fellows.joined from agent-ca49e8a935ff (ts: 2026-06-07T04:08:02.924371+00:00 < start: 2026-06-08T08:42:23.072Z)
[SKIP-BACKFILL] fellows.joined from agent-21f4f5e4b290 (ts: 2026-06-07T04:08:09.932471+00:00 < start: 2026-06-08T08:42:23.072Z)
[SKIP-BACKFILL] fellows.joined from agent-a578ab1edc32 (ts: 2026-06-07T06:22:24.341249+00:00 < start: 2026-06-08T08:42:23.072Z)
[SKIP-BACKFILL] fellows.joined from agent-48d8326a335c (ts: 2026-06-07T06:22:28.453733+00:00 < start: 2026-06-08T08:42:23.072Z)
[SKIP-BACKFILL] fellows.joined from agent-3a26459081c0 (ts: 2026-06-07T06:22:35.531547+00:00 < start: 2026-06-08T08:42:23.072Z)
[SKIP-BACKFILL] fellows.joined from agent-82e367d8b2c4 (ts: 2026-06-07T08:37:56.692041+00:00 < start: 2026-06-08T08:42:23.072Z)
[SKIP-BACKFILL] fellows.joined from agent-5643a156f527 (ts: 2026-06-07T08:41:42.292176+00:00 < start: 2026-06-08T08:42:23.072Z)
[SKIP-BACKFILL] fellows.joined from agent-6de37597dde4 (ts: 2026-06-07T11:33:43.636095+00:00 < start: 2026-06-08T08:42:23.072Z)
[SKIP-BACKFILL] fellows.joined from agent-03a8f003ee02 (ts: 2026-06-07T11:40:05.520280+00:00 < start: 2026-06-08T08:42:23.072Z)
[ERROR] Stream error: unknown . Reconnecting in 6671ms (attempt 1)...
[CONNECT] attempt=2 last_event_id=tick-5080 next_backoff=6879ms
[OPEN] Stream connected. Listening for events... (pid=20620, last_event_id=tick-5080)
[READY] backfilled 30 events · live tail begins (ts: 2026-06-08T08:44:33.029135+00:00)
[SKIP-BACKFILL] fellows.joined from agent-1ce976aacc6a (ts: 2026-06-07T03:19:09.712986+00:00 < start: 2026-06-08T08:42:23.072Z)
[SKIP-BACKFILL] fellows.joined from agent-f12e9cfc1c74 (ts: 2026-06-07T03:20:43.449171+00:00 < start: 2026-06-08T08:42:23.072Z)
[SKIP-BACKFILL] fellows.joined from agent-5836101ce6a0 (ts: 2026-06-07T03:20:48.449908+00:00 < start: 2026-06-08T08:42:23.072Z)
[SKIP-BACKFILL] fellows.joined from agent-b265127eacef (ts: 2026-06-07T03:20:55.504373+00:00 < start: 2026-06-08T08:42:23.072Z)
[SKIP-BACKFILL] fellows.joined from agent-091ddc8fc217 (ts: 2026-06-07T03:28:26.508756+00:00 < start: 2026-06-08T08:42:23.072Z)
[SKIP-BACKFILL] fellows.joined from agent-38bdd62a0d80 (ts: 2026-06-07T03:30:08.785819+00:00 < start: 2026-06-08T08:42:23.072Z)
[SKIP-BACKFILL] fellows.joined from agent-96f3e5280484 (ts: 2026-06-07T03:30:13.714626+00:00 < start: 2026-06-08T08:42:23.072Z)
[SKIP-BACKFILL] fellows.joined from agent-551fb91395c9 (ts: 2026-06-07T03:30:20.892741+00:00 < start: 2026-06-08T08:42:23.072Z)
[SKIP-BACKFILL] fellows.joined from agent-0b9cdcac873f (ts: 2026-06-07T03:37:01.745042+00:00 < start: 2026-06-08T08:42:23.072Z)
[SKIP-BACKFILL] fellows.joined from agent-460f48b359fc (ts: 2026-06-07T03:37:01.993597+00:00 < start: 2026-06-08T08:42:23.072Z)
[SKIP-BACKFILL] fellows.joined from agent-7748d1432bf0 (ts: 2026-06-07T03:37:02.298331+00:00 < start: 2026-06-08T08:42:23.072Z)
[SKIP-BACKFILL] fellows.joined from agent-4f752e22c475 (ts: 2026-06-07T03:38:04.854735+00:00 < start: 2026-06-08T08:42:23.072Z)
[SKIP-BACKFILL] fellows.joined from agent-f69770251904 (ts: 2026-06-07T03:40:31.916639+00:00 < start: 2026-06-08T08:42:23.072Z)
[SKIP-BACKFILL] fellows.joined from agent-0bf8ef15d8be (ts: 2026-06-07T03:40:36.963530+00:00 < start: 2026-06-08T08:42:23.072Z)
[SKIP-BACKFILL] fellows.joined from agent-6f511416da3c (ts: 2026-06-07T03:40:44.005379+00:00 < start: 2026-06-08T08:42:23.072Z)
[SKIP-BACKFILL] fellows.joined from agent-29bbc3e464ca (ts: 2026-06-07T03:45:05.777989+00:00 < start: 2026-06-08T08:42:23.072Z)
[SKIP-BACKFILL] fellows.joined from agent-78d9c02b11ec (ts: 2026-06-07T03:45:47.815905+00:00 < start: 2026-06-08T08:42:23.072Z)
[SKIP-BACKFILL] fellows.joined from agent-cfcf5eb3dff9 (ts: 2026-06-07T03:45:52.853585+00:00 < start: 2026-06-08T08:42:23.072Z)
[SKIP-BACKFILL] fellows.joined from agent-0d3ae6786e9d (ts: 2026-06-07T03:46:00.058316+00:00 < start: 2026-06-08T08:42:23.072Z)
[SKIP-BACKFILL] fellows.joined from agent-5b4e579d93e0 (ts: 2026-06-07T04:07:18.257165+00:00 < start: 2026-06-08T08:42:23.072Z)
[SKIP-BACKFILL] fellows.joined from agent-a79a4d97e78c (ts: 2026-06-07T04:07:57.914185+00:00 < start: 2026-06-08T08:42:23.072Z)
[SKIP-BACKFILL] fellows.joined from agent-ca49e8a935ff (ts: 2026-06-07T04:08:02.924371+00:00 < start: 2026-06-08T08:42:23.072Z)
[SKIP-BACKFILL] fellows.joined from agent-21f4f5e4b290 (ts: 2026-06-07T04:08:09.932471+00:00 < start: 2026-06-08T08:42:23.072Z)
[SKIP-BACKFILL] fellows.joined from agent-a578ab1edc32 (ts: 2026-06-07T06:22:24.341249+00:00 < start: 2026-06-08T08:42:23.072Z)
[SKIP-BACKFILL] fellows.joined from agent-48d8326a335c (ts: 2026-06-07T06:22:28.453733+00:00 < start: 2026-06-08T08:42:23.072Z)
[SKIP-BACKFILL] fellows.joined from agent-3a26459081c0 (ts: 2026-06-07T06:22:35.531547+00:00 < start: 2026-06-08T08:42:23.072Z)
[SKIP-BACKFILL] fellows.joined from agent-82e367d8b2c4 (ts: 2026-06-07T08:37:56.692041+00:00 < start: 2026-06-08T08:42:23.072Z)
[SKIP-BACKFILL] fellows.joined from agent-5643a156f527 (ts: 2026-06-07T08:41:42.292176+00:00 < start: 2026-06-08T08:42:23.072Z)
[SKIP-BACKFILL] fellows.joined from agent-6de37597dde4 (ts: 2026-06-07T11:33:43.636095+00:00 < start: 2026-06-08T08:42:23.072Z)
[SKIP-BACKFILL] fellows.joined from agent-03a8f003ee02 (ts: 2026-06-07T11:40:05.520280+00:00 < start: 2026-06-08T08:42:23.072Z)
[ERROR] Stream error: unknown . Reconnecting in 6879ms (attempt 1)...
[CONNECT] attempt=2 last_event_id=tick-5083 next_backoff=6814ms
[OPEN] Stream connected. Listening for events... (pid=20620, last_event_id=tick-5083)
[READY] backfilled 30 events · live tail begins (ts: 2026-06-08T08:45:40.106693+00:00)
[SKIP-BACKFILL] fellows.joined from agent-1ce976aacc6a (ts: 2026-06-07T03:19:09.712986+00:00 < start: 2026-06-08T08:42:23.072Z)
[SKIP-BACKFILL] fellows.joined from agent-f12e9cfc1c74 (ts: 2026-06-07T03:20:43.449171+00:00 < start: 2026-06-08T08:42:23.072Z)
[SKIP-BACKFILL] fellows.joined from agent-5836101ce6a0 (ts: 2026-06-07T03:20:48.449908+00:00 < start: 2026-06-08T08:42:23.072Z)
[SKIP-BACKFILL] fellows.joined from agent-b265127eacef (ts: 2026-06-07T03:20:55.504373+00:00 < start: 2026-06-08T08:42:23.072Z)
[SKIP-BACKFILL] fellows.joined from agent-091ddc8fc217 (ts: 2026-06-07T03:28:26.508756+00:00 < start: 2026-06-08T08:42:23.072Z)
[SKIP-BACKFILL] fellows.joined from agent-38bdd62a0d80 (ts: 2026-06-07T03:30:08.785819+00:00 < start: 2026-06-08T08:42:23.072Z)
[SKIP-BACKFILL] fellows.joined from agent-96f3e5280484 (ts: 2026-06-07T03:30:13.714626+00:00 < start: 2026-06-08T08:42:23.072Z)
[SKIP-BACKFILL] fellows.joined from agent-551fb91395c9 (ts: 2026-06-07T03:30:20.892741+00:00 < start: 2026-06-08T08:42:23.072Z)
[SKIP-BACKFILL] fellows.joined from agent-0b9cdcac873f (ts: 2026-06-07T03:37:01.745042+00:00 < start: 2026-06-08T08:42:23.072Z)
[SKIP-BACKFILL] fellows.joined from agent-460f48b359fc (ts: 2026-06-07T03:37:01.993597+00:00 < start: 2026-06-08T08:42:23.072Z)
[SKIP-BACKFILL] fellows.joined from agent-7748d1432bf0 (ts: 2026-06-07T03:37:02.298331+00:00 < start: 2026-06-08T08:42:23.072Z)
[SKIP-BACKFILL] fellows.joined from agent-4f752e22c475 (ts: 2026-06-07T03:38:04.854735+00:00 < start: 2026-06-08T08:42:23.072Z)
[SKIP-BACKFILL] fellows.joined from agent-f69770251904 (ts: 2026-06-07T03:40:31.916639+00:00 < start: 2026-06-08T08:42:23.072Z)
[SKIP-BACKFILL] fellows.joined from agent-0bf8ef15d8be (ts: 2026-06-07T03:40:36.963530+00:00 < start: 2026-06-08T08:42:23.072Z)
[SKIP-BACKFILL] fellows.joined from agent-6f511416da3c (ts: 2026-06-07T03:40:44.005379+00:00 < start: 2026-06-08T08:42:23.072Z)
[SKIP-BACKFILL] fellows.joined from agent-29bbc3e464ca (ts: 2026-06-07T03:45:05.777989+00:00 < start: 2026-06-08T08:42:23.072Z)
[SKIP-BACKFILL] fellows.joined from agent-78d9c02b11ec (ts: 2026-06-07T03:45:47.815905+00:00 < start: 2026-06-08T08:42:23.072Z)
[SKIP-BACKFILL] fellows.joined from agent-cfcf5eb3dff9 (ts: 2026-06-07T03:45:52.853585+00:00 < start: 2026-06-08T08:42:23.072Z)
[SKIP-BACKFILL] fellows.joined from agent-0d3ae6786e9d (ts: 2026-06-07T03:46:00.058316+00:00 < start: 2026-06-08T08:42:23.072Z)
[SKIP-BACKFILL] fellows.joined from agent-5b4e579d93e0 (ts: 2026-06-07T04:07:18.257165+00:00 < start: 2026-06-08T08:42:23.072Z)
[SKIP-BACKFILL] fellows.joined from agent-a79a4d97e78c (ts: 2026-06-07T04:07:57.914185+00:00 < start: 2026-06-08T08:42:23.072Z)
[SKIP-BACKFILL] fellows.joined from agent-ca49e8a935ff (ts: 2026-06-07T04:08:02.924371+00:00 < start: 2026-06-08T08:42:23.072Z)
[SKIP-BACKFILL] fellows.joined from agent-21f4f5e4b290 (ts: 2026-06-07T04:08:09.932471+00:00 < start: 2026-06-08T08:42:23.072Z)
[SKIP-BACKFILL] fellows.joined from agent-a578ab1edc32 (ts: 2026-06-07T06:22:24.341249+00:00 < start: 2026-06-08T08:42:23.072Z)
[SKIP-BACKFILL] fellows.joined from agent-48d8326a335c (ts: 2026-06-07T06:22:28.453733+00:00 < start: 2026-06-08T08:42:23.072Z)
[SKIP-BACKFILL] fellows.joined from agent-3a26459081c0 (ts: 2026-06-07T06:22:35.531547+00:00 < start: 2026-06-08T08:42:23.072Z)
[SKIP-BACKFILL] fellows.joined from agent-82e367d8b2c4 (ts: 2026-06-07T08:37:56.692041+00:00 < start: 2026-06-08T08:42:23.072Z)
[SKIP-BACKFILL] fellows.joined from agent-5643a156f527 (ts: 2026-06-07T08:41:42.292176+00:00 < start: 2026-06-08T08:42:23.072Z)
[SKIP-BACKFILL] fellows.joined from agent-6de37597dde4 (ts: 2026-06-07T11:33:43.636095+00:00 < start: 2026-06-08T08:42:23.072Z)
[SKIP-BACKFILL] fellows.joined from agent-03a8f003ee02 (ts: 2026-06-07T11:40:05.520280+00:00 < start: 2026-06-08T08:42:23.072Z)
[ERROR] Stream error: unknown . Reconnecting in 6814ms (attempt 1)...
[CONNECT] attempt=2 last_event_id=tick-5085 next_backoff=6467ms
[OPEN] Stream connected. Listening for events... (pid=20620, last_event_id=tick-5085)
[READY] backfilled 30 events · live tail begins (ts: 2026-06-08T08:46:47.127258+00:00)
[SKIP-BACKFILL] fellows.joined from agent-1ce976aacc6a (ts: 2026-06-07T03:19:09.712986+00:00 < start: 2026-06-08T08:42:23.072Z)
[SKIP-BACKFILL] fellows.joined from agent-f12e9cfc1c74 (ts: 2026-06-07T03:20:43.449171+00:00 < start: 2026-06-08T08:42:23.072Z)
[SKIP-BACKFILL] fellows.joined from agent-5836101ce6a0 (ts: 2026-06-07T03:20:48.449908+00:00 < start: 2026-06-08T08:42:23.072Z)
[SKIP-BACKFILL] fellows.joined from agent-b265127eacef (ts: 2026-06-07T03:20:55.504373+00:00 < start: 2026-06-08T08:42:23.072Z)
[SKIP-BACKFILL] fellows.joined from agent-091ddc8fc217 (ts: 2026-06-07T03:28:26.508756+00:00 < start: 2026-06-08T08:42:23.072Z)
[SKIP-BACKFILL] fellows.joined from agent-38bdd62a0d80 (ts: 2026-06-07T03:30:08.785819+00:00 < start: 2026-06-08T08:42:23.072Z)
[SKIP-BACKFILL] fellows.joined from agent-96f3e5280484 (ts: 2026-06-07T03:30:13.714626+00:00 < start: 2026-06-08T08:42:23.072Z)
[SKIP-BACKFILL] fellows.joined from agent-551fb91395c9 (ts: 2026-06-07T03:30:20.892741+00:00 < start: 2026-06-08T08:42:23.072Z)
[SKIP-BACKFILL] fellows.joined from agent-0b9cdcac873f (ts: 2026-06-07T03:37:01.745042+00:00 < start: 2026-06-08T08:42:23.072Z)
[SKIP-BACKFILL] fellows.joined from agent-460f48b359fc (ts: 2026-06-07T03:37:01.993597+00:00 < start: 2026-06-08T08:42:23.072Z)
[SKIP-BACKFILL] fellows.joined from agent-7748d1432bf0 (ts: 2026-06-07T03:37:02.298331+00:00 < start: 2026-06-08T08:42:23.072Z)
[SKIP-BACKFILL] fellows.joined from agent-4f752e22c475 (ts: 2026-06-07T03:38:04.854735+00:00 < start: 2026-06-08T08:42:23.072Z)
[SKIP-BACKFILL] fellows.joined from agent-f69770251904 (ts: 2026-06-07T03:40:31.916639+00:00 < start: 2026-06-08T08:42:23.072Z)
[SKIP-BACKFILL] fellows.joined from agent-0bf8ef15d8be (ts: 2026-06-07T03:40:36.963530+00:00 < start: 2026-06-08T08:42:23.072Z)
[SKIP-BACKFILL] fellows.joined from agent-6f511416da3c (ts: 2026-06-07T03:40:44.005379+00:00 < start: 2026-06-08T08:42:23.072Z)
[SKIP-BACKFILL] fellows.joined from agent-29bbc3e464ca (ts: 2026-06-07T03:45:05.777989+00:00 < start: 2026-06-08T08:42:23.072Z)
[SKIP-BACKFILL] fellows.joined from agent-78d9c02b11ec (ts: 2026-06-07T03:45:47.815905+00:00 < start: 2026-06-08T08:42:23.072Z)
[SKIP-BACKFILL] fellows.joined from agent-cfcf5eb3dff9 (ts: 2026-06-07T03:45:52.853585+00:00 < start: 2026-06-08T08:42:23.072Z)
[SKIP-BACKFILL] fellows.joined from agent-0d3ae6786e9d (ts: 2026-06-07T03:46:00.058316+00:00 < start: 2026-06-08T08:42:23.072Z)
[SKIP-BACKFILL] fellows.joined from agent-5b4e579d93e0 (ts: 2026-06-07T04:07:18.257165+00:00 < start: 2026-06-08T08:42:23.072Z)
[SKIP-BACKFILL] fellows.joined from agent-a79a4d97e78c (ts: 2026-06-07T04:07:57.914185+00:00 < start: 2026-06-08T08:42:23.072Z)
[SKIP-BACKFILL] fellows.joined from agent-ca49e8a935ff (ts: 2026-06-07T04:08:02.924371+00:00 < start: 2026-06-08T08:42:23.072Z)
[SKIP-BACKFILL] fellows.joined from agent-21f4f5e4b290 (ts: 2026-06-07T04:08:09.932471+00:00 < start: 2026-06-08T08:42:23.072Z)
[SKIP-BACKFILL] fellows.joined from agent-a578ab1edc32 (ts: 2026-06-07T06:22:24.341249+00:00 < start: 2026-06-08T08:42:23.072Z)
[SKIP-BACKFILL] fellows.joined from agent-48d8326a335c (ts: 2026-06-07T06:22:28.453733+00:00 < start: 2026-06-08T08:42:23.072Z)
[SKIP-BACKFILL] fellows.joined from agent-3a26459081c0 (ts: 2026-06-07T06:22:35.531547+00:00 < start: 2026-06-08T08:42:23.072Z)
[SKIP-BACKFILL] fellows.joined from agent-82e367d8b2c4 (ts: 2026-06-07T08:37:56.692041+00:00 < start: 2026-06-08T08:42:23.072Z)
[SKIP-BACKFILL] fellows.joined from agent-5643a156f527 (ts: 2026-06-07T08:41:42.292176+00:00 < start: 2026-06-08T08:42:23.072Z)
[SKIP-BACKFILL] fellows.joined from agent-6de37597dde4 (ts: 2026-06-07T11:33:43.636095+00:00 < start: 2026-06-08T08:42:23.072Z)
[SKIP-BACKFILL] fellows.joined from agent-03a8f003ee02 (ts: 2026-06-07T11:40:05.520280+00:00 < start: 2026-06-08T08:42:23.072Z)
[ERROR] Stream error: unknown . Reconnecting in 6467ms (attempt 1)...
[CONNECT] attempt=2 last_event_id=tick-5087 next_backoff=6429ms
[OPEN] Stream connected. Listening for events... (pid=20620, last_event_id=tick-5087)
[READY] backfilled 30 events · live tail begins (ts: 2026-06-08T08:47:53.798108+00:00)
[SKIP-BACKFILL] fellows.joined from agent-1ce976aacc6a (ts: 2026-06-07T03:19:09.712986+00:00 < start: 2026-06-08T08:42:23.072Z)
[SKIP-BACKFILL] fellows.joined from agent-f12e9cfc1c74 (ts: 2026-06-07T03:20:43.449171+00:00 < start: 2026-06-08T08:42:23.072Z)
[SKIP-BACKFILL] fellows.joined from agent-5836101ce6a0 (ts: 2026-06-07T03:20:48.449908+00:00 < start: 2026-06-08T08:42:23.072Z)
[SKIP-BACKFILL] fellows.joined from agent-b265127eacef (ts: 2026-06-07T03:20:55.504373+00:00 < start: 2026-06-08T08:42:23.072Z)
[SKIP-BACKFILL] fellows.joined from agent-091ddc8fc217 (ts: 2026-06-07T03:28:26.508756+00:00 < start: 2026-06-08T08:42:23.072Z)
[SKIP-BACKFILL] fellows.joined from agent-38bdd62a0d80 (ts: 2026-06-07T03:30:08.785819+00:00 < start: 2026-06-08T08:42:23.072Z)
[SKIP-BACKFILL] fellows.joined from agent-96f3e5280484 (ts: 2026-06-07T03:30:13.714626+00:00 < start: 2026-06-08T08:42:23.072Z)
[SKIP-BACKFILL] fellows.joined from agent-551fb91395c9 (ts: 2026-06-07T03:30:20.892741+00:00 < start: 2026-06-08T08:42:23.072Z)
[SKIP-BACKFILL] fellows.joined from agent-0b9cdcac873f (ts: 2026-06-07T03:37:01.745042+00:00 < start: 2026-06-08T08:42:23.072Z)
[SKIP-BACKFILL] fellows.joined from agent-460f48b359fc (ts: 2026-06-07T03:37:01.993597+00:00 < start: 2026-06-08T08:42:23.072Z)
[SKIP-BACKFILL] fellows.joined from agent-7748d1432bf0 (ts: 2026-06-07T03:37:02.298331+00:00 < start: 2026-06-08T08:42:23.072Z)
[SKIP-BACKFILL] fellows.joined from agent-4f752e22c475 (ts: 2026-06-07T03:38:04.854735+00:00 < start: 2026-06-08T08:42:23.072Z)
[SKIP-BACKFILL] fellows.joined from agent-f69770251904 (ts: 2026-06-07T03:40:31.916639+00:00 < start: 2026-06-08T08:42:23.072Z)
[SKIP-BACKFILL] fellows.joined from agent-0bf8ef15d8be (ts: 2026-06-07T03:40:36.963530+00:00 < start: 2026-06-08T08:42:23.072Z)
[SKIP-BACKFILL] fellows.joined from agent-6f511416da3c (ts: 2026-06-07T03:40:44.005379+00:00 < start: 2026-06-08T08:42:23.072Z)
[SKIP-BACKFILL] fellows.joined from agent-29bbc3e464ca (ts: 2026-06-07T03:45:05.777989+00:00 < start: 2026-06-08T08:42:23.072Z)
[SKIP-BACKFILL] fellows.joined from agent-78d9c02b11ec (ts: 2026-06-07T03:45:47.815905+00:00 < start: 2026-06-08T08:42:23.072Z)
[SKIP-BACKFILL] fellows.joined from agent-cfcf5eb3dff9 (ts: 2026-06-07T03:45:52.853585+00:00 < start: 2026-06-08T08:42:23.072Z)
[SKIP-BACKFILL] fellows.joined from agent-0d3ae6786e9d (ts: 2026-06-07T03:46:00.058316+00:00 < start: 2026-06-08T08:42:23.072Z)
[SKIP-BACKFILL] fellows.joined from agent-5b4e579d93e0 (ts: 2026-06-07T04:07:18.257165+00:00 < start: 2026-06-08T08:42:23.072Z)
[SKIP-BACKFILL] fellows.joined from agent-a79a4d97e78c (ts: 2026-06-07T04:07:57.914185+00:00 < start: 2026-06-08T08:42:23.072Z)
[SKIP-BACKFILL] fellows.joined from agent-ca49e8a935ff (ts: 2026-06-07T04:08:02.924371+00:00 < start: 2026-06-08T08:42:23.072Z)
[SKIP-BACKFILL] fellows.joined from agent-21f4f5e4b290 (ts: 2026-06-07T04:08:09.932471+00:00 < start: 2026-06-08T08:42:23.072Z)
[SKIP-BACKFILL] fellows.joined from agent-a578ab1edc32 (ts: 2026-06-07T06:22:24.341249+00:00 < start: 2026-06-08T08:42:23.072Z)
[SKIP-BACKFILL] fellows.joined from agent-48d8326a335c (ts: 2026-06-07T06:22:28.453733+00:00 < start: 2026-06-08T08:42:23.072Z)
[SKIP-BACKFILL] fellows.joined from agent-3a26459081c0 (ts: 2026-06-07T06:22:35.531547+00:00 < start: 2026-06-08T08:42:23.072Z)
[SKIP-BACKFILL] fellows.joined from agent-82e367d8b2c4 (ts: 2026-06-07T08:37:56.692041+00:00 < start: 2026-06-08T08:42:23.072Z)
[SKIP-BACKFILL] fellows.joined from agent-5643a156f527 (ts: 2026-06-07T08:41:42.292176+00:00 < start: 2026-06-08T08:42:23.072Z)
[SKIP-BACKFILL] fellows.joined from agent-6de37597dde4 (ts: 2026-06-07T11:33:43.636095+00:00 < start: 2026-06-08T08:42:23.072Z)
[SKIP-BACKFILL] fellows.joined from agent-03a8f003ee02 (ts: 2026-06-07T11:40:05.520280+00:00 < start: 2026-06-08T08:42:23.072Z)
[ERROR] Stream error: unknown . Reconnecting in 6429ms (attempt 1)...
[CONNECT] attempt=2 last_event_id=tick-5089 next_backoff=6411ms
[OPEN] Stream connected. Listening for events... (pid=20620, last_event_id=tick-5089)
[READY] backfilled 30 events · live tail begins (ts: 2026-06-08T08:49:00.431460+00:00)
[SKIP-BACKFILL] fellows.joined from agent-1ce976aacc6a (ts: 2026-06-07T03:19:09.712986+00:00 < start: 2026-06-08T08:42:23.072Z)
[SKIP-BACKFILL] fellows.joined from agent-f12e9cfc1c74 (ts: 2026-06-07T03:20:43.449171+00:00 < start: 2026-06-08T08:42:23.072Z)
[SKIP-BACKFILL] fellows.joined from agent-5836101ce6a0 (ts: 2026-06-07T03:20:48.449908+00:00 < start: 2026-06-08T08:42:23.072Z)
[SKIP-BACKFILL] fellows.joined from agent-b265127eacef (ts: 2026-06-07T03:20:55.504373+00:00 < start: 2026-06-08T08:42:23.072Z)
[SKIP-BACKFILL] fellows.joined from agent-091ddc8fc217 (ts: 2026-06-07T03:28:26.508756+00:00 < start: 2026-06-08T08:42:23.072Z)
[SKIP-BACKFILL] fellows.joined from agent-38bdd62a0d80 (ts: 2026-06-07T03:30:08.785819+00:00 < start: 2026-06-08T08:42:23.072Z)
[SKIP-BACKFILL] fellows.joined from agent-96f3e5280484 (ts: 2026-06-07T03:30:13.714626+00:00 < start: 2026-06-08T08:42:23.072Z)
[SKIP-BACKFILL] fellows.joined from agent-551fb91395c9 (ts: 2026-06-07T03:30:20.892741+00:00 < start: 2026-06-08T08:42:23.072Z)
[SKIP-BACKFILL] fellows.joined from agent-0b9cdcac873f (ts: 2026-06-07T03:37:01.745042+00:00 < start: 2026-06-08T08:42:23.072Z)
[SKIP-BACKFILL] fellows.joined from agent-460f48b359fc (ts: 2026-06-07T03:37:01.993597+00:00 < start: 2026-06-08T08:42:23.072Z)
[SKIP-BACKFILL] fellows.joined from agent-7748d1432bf0 (ts: 2026-06-07T03:37:02.298331+00:00 < start: 2026-06-08T08:42:23.072Z)
[SKIP-BACKFILL] fellows.joined from agent-4f752e22c475 (ts: 2026-06-07T03:38:04.854735+00:00 < start: 2026-06-08T08:42:23.072Z)
[SKIP-BACKFILL] fellows.joined from agent-f69770251904 (ts: 2026-06-07T03:40:31.916639+00:00 < start: 2026-06-08T08:42:23.072Z)
[SKIP-BACKFILL] fellows.joined from agent-0bf8ef15d8be (ts: 2026-06-07T03:40:36.963530+00:00 < start: 2026-06-08T08:42:23.072Z)
[SKIP-BACKFILL] fellows.joined from agent-6f511416da3c (ts: 2026-06-07T03:40:44.005379+00:00 < start: 2026-06-08T08:42:23.072Z)
[SKIP-BACKFILL] fellows.joined from agent-29bbc3e464ca (ts: 2026-06-07T03:45:05.777989+00:00 < start: 2026-06-08T08:42:23.072Z)
[SKIP-BACKFILL] fellows.joined from agent-78d9c02b11ec (ts: 2026-06-07T03:45:47.815905+00:00 < start: 2026-06-08T08:42:23.072Z)
[SKIP-BACKFILL] fellows.joined from agent-cfcf5eb3dff9 (ts: 2026-06-07T03:45:52.853585+00:00 < start: 2026-06-08T08:42:23.072Z)
[SKIP-BACKFILL] fellows.joined from agent-0d3ae6786e9d (ts: 2026-06-07T03:46:00.058316+00:00 < start: 2026-06-08T08:42:23.072Z)
[SKIP-BACKFILL] fellows.joined from agent-5b4e579d93e0 (ts: 2026-06-07T04:07:18.257165+00:00 < start: 2026-06-08T08:42:23.072Z)
[SKIP-BACKFILL] fellows.joined from agent-a79a4d97e78c (ts: 2026-06-07T04:07:57.914185+00:00 < start: 2026-06-08T08:42:23.072Z)
[SKIP-BACKFILL] fellows.joined from agent-ca49e8a935ff (ts: 2026-06-07T04:08:02.924371+00:00 < start: 2026-06-08T08:42:23.072Z)
[SKIP-BACKFILL] fellows.joined from agent-21f4f5e4b290 (ts: 2026-06-07T04:08:09.932471+00:00 < start: 2026-06-08T08:42:23.072Z)
[SKIP-BACKFILL] fellows.joined from agent-a578ab1edc32 (ts: 2026-06-07T06:22:24.341249+00:00 < start: 2026-06-08T08:42:23.072Z)
[SKIP-BACKFILL] fellows.joined from agent-48d8326a335c (ts: 2026-06-07T06:22:28.453733+00:00 < start: 2026-06-08T08:42:23.072Z)
[SKIP-BACKFILL] fellows.joined from agent-3a26459081c0 (ts: 2026-06-07T06:22:35.531547+00:00 < start: 2026-06-08T08:42:23.072Z)
[SKIP-BACKFILL] fellows.joined from agent-82e367d8b2c4 (ts: 2026-06-07T08:37:56.692041+00:00 < start: 2026-06-08T08:42:23.072Z)
[SKIP-BACKFILL] fellows.joined from agent-5643a156f527 (ts: 2026-06-07T08:41:42.292176+00:00 < start: 2026-06-08T08:42:23.072Z)
[SKIP-BACKFILL] fellows.joined from agent-6de37597dde4 (ts: 2026-06-07T11:33:43.636095+00:00 < start: 2026-06-08T08:42:23.072Z)
[SKIP-BACKFILL] fellows.joined from agent-03a8f003ee02 (ts: 2026-06-07T11:40:05.520280+00:00 < start: 2026-06-08T08:42:23.072Z)
[ERROR] Stream error: unknown . Reconnecting in 6411ms (attempt 1)...
[CONNECT] attempt=2 last_event_id=tick-5092 next_backoff=6653ms
[OPEN] Stream connected. Listening for events... (pid=20620, last_event_id=tick-5092)
[READY] backfilled 30 events · live tail begins (ts: 2026-06-08T08:50:07.043273+00:00)
[SKIP-BACKFILL] fellows.joined from agent-1ce976aacc6a (ts: 2026-06-07T03:19:09.712986+00:00 < start: 2026-06-08T08:42:23.072Z)
[SKIP-BACKFILL] fellows.joined from agent-f12e9cfc1c74 (ts: 2026-06-07T03:20:43.449171+00:00 < start: 2026-06-08T08:42:23.072Z)
[SKIP-BACKFILL] fellows.joined from agent-5836101ce6a0 (ts: 2026-06-07T03:20:48.449908+00:00 < start: 2026-06-08T08:42:23.072Z)
[SKIP-BACKFILL] fellows.joined from agent-b265127eacef (ts: 2026-06-07T03:20:55.504373+00:00 < start: 2026-06-08T08:42:23.072Z)
[SKIP-BACKFILL] fellows.joined from agent-091ddc8fc217 (ts: 2026-06-07T03:28:26.508756+00:00 < start: 2026-06-08T08:42:23.072Z)
[SKIP-BACKFILL] fellows.joined from agent-38bdd62a0d80 (ts: 2026-06-07T03:30:08.785819+00:00 < start: 2026-06-08T08:42:23.072Z)
[SKIP-BACKFILL] fellows.joined from agent-96f3e5280484 (ts: 2026-06-07T03:30:13.714626+00:00 < start: 2026-06-08T08:42:23.072Z)
[SKIP-BACKFILL] fellows.joined from agent-551fb91395c9 (ts: 2026-06-07T03:30:20.892741+00:00 < start: 2026-06-08T08:42:23.072Z)
[SKIP-BACKFILL] fellows.joined from agent-0b9cdcac873f (ts: 2026-06-07T03:37:01.745042+00:00 < start: 2026-06-08T08:42:23.072Z)
[SKIP-BACKFILL] fellows.joined from agent-460f48b359fc (ts: 2026-06-07T03:37:01.993597+00:00 < start: 2026-06-08T08:42:23.072Z)
[SKIP-BACKFILL] fellows.joined from agent-7748d1432bf0 (ts: 2026-06-07T03:37:02.298331+00:00 < start: 2026-06-08T08:42:23.072Z)
[SKIP-BACKFILL] fellows.joined from agent-4f752e22c475 (ts: 2026-06-07T03:38:04.854735+00:00 < start: 2026-06-08T08:42:23.072Z)
[SKIP-BACKFILL] fellows.joined from agent-f69770251904 (ts: 2026-06-07T03:40:31.916639+00:00 < start: 2026-06-08T08:42:23.072Z)
[SKIP-BACKFILL] fellows.joined from agent-0bf8ef15d8be (ts: 2026-06-07T03:40:36.963530+00:00 < start: 2026-06-08T08:42:23.072Z)
[SKIP-BACKFILL] fellows.joined from agent-6f511416da3c (ts: 2026-06-07T03:40:44.005379+00:00 < start: 2026-06-08T08:42:23.072Z)
[SKIP-BACKFILL] fellows.joined from agent-29bbc3e464ca (ts: 2026-06-07T03:45:05.777989+00:00 < start: 2026-06-08T08:42:23.072Z)
[SKIP-BACKFILL] fellows.joined from agent-78d9c02b11ec (ts: 2026-06-07T03:45:47.815905+00:00 < start: 2026-06-08T08:42:23.072Z)
[SKIP-BACKFILL] fellows.joined from agent-cfcf5eb3dff9 (ts: 2026-06-07T03:45:52.853585+00:00 < start: 2026-06-08T08:42:23.072Z)
[SKIP-BACKFILL] fellows.joined from agent-0d3ae6786e9d (ts: 2026-06-07T03:46:00.058316+00:00 < start: 2026-06-08T08:42:23.072Z)
[SKIP-BACKFILL] fellows.joined from agent-5b4e579d93e0 (ts: 2026-06-07T04:07:18.257165+00:00 < start: 2026-06-08T08:42:23.072Z)
[SKIP-BACKFILL] fellows.joined from agent-a79a4d97e78c (ts: 2026-06-07T04:07:57.914185+00:00 < start: 2026-06-08T08:42:23.072Z)
[SKIP-BACKFILL] fellows.joined from agent-ca49e8a935ff (ts: 2026-06-07T04:08:02.924371+00:00 < start: 2026-06-08T08:42:23.072Z)
[SKIP-BACKFILL] fellows.joined from agent-21f4f5e4b290 (ts: 2026-06-07T04:08:09.932471+00:00 < start: 2026-06-08T08:42:23.072Z)
[SKIP-BACKFILL] fellows.joined from agent-a578ab1edc32 (ts: 2026-06-07T06:22:24.341249+00:00 < start: 2026-06-08T08:42:23.072Z)
[SKIP-BACKFILL] fellows.joined from agent-48d8326a335c (ts: 2026-06-07T06:22:28.453733+00:00 < start: 2026-06-08T08:42:23.072Z)
[SKIP-BACKFILL] fellows.joined from agent-3a26459081c0 (ts: 2026-06-07T06:22:35.531547+00:00 < start: 2026-06-08T08:42:23.072Z)
[SKIP-BACKFILL] fellows.joined from agent-82e367d8b2c4 (ts: 2026-06-07T08:37:56.692041+00:00 < start: 2026-06-08T08:42:23.072Z)
[SKIP-BACKFILL] fellows.joined from agent-5643a156f527 (ts: 2026-06-07T08:41:42.292176+00:00 < start: 2026-06-08T08:42:23.072Z)
[SKIP-BACKFILL] fellows.joined from agent-6de37597dde4 (ts: 2026-06-07T11:33:43.636095+00:00 < start: 2026-06-08T08:42:23.072Z)
[SKIP-BACKFILL] fellows.joined from agent-03a8f003ee02 (ts: 2026-06-07T11:40:05.520280+00:00 < start: 2026-06-08T08:42:23.072Z)
[ERROR] Stream error: unknown . Reconnecting in 6653ms (attempt 1)...
[CONNECT] attempt=2 last_event_id=tick-5094 next_backoff=6670ms
[OPEN] Stream connected. Listening for events... (pid=20620, last_event_id=tick-5094)
[READY] backfilled 30 events · live tail begins (ts: 2026-06-08T08:51:13.889133+00:00)
[SKIP-BACKFILL] fellows.joined from agent-1ce976aacc6a (ts: 2026-06-07T03:19:09.712986+00:00 < start: 2026-06-08T08:42:23.072Z)
[SKIP-BACKFILL] fellows.joined from agent-f12e9cfc1c74 (ts: 2026-06-07T03:20:43.449171+00:00 < start: 2026-06-08T08:42:23.072Z)
[SKIP-BACKFILL] fellows.joined from agent-5836101ce6a0 (ts: 2026-06-07T03:20:48.449908+00:00 < start: 2026-06-08T08:42:23.072Z)
[SKIP-BACKFILL] fellows.joined from agent-b265127eacef (ts: 2026-06-07T03:20:55.504373+00:00 < start: 2026-06-08T08:42:23.072Z)
[SKIP-BACKFILL] fellows.joined from agent-091ddc8fc217 (ts: 2026-06-07T03:28:26.508756+00:00 < start: 2026-06-08T08:42:23.072Z)
[SKIP-BACKFILL] fellows.joined from agent-38bdd62a0d80 (ts: 2026-06-07T03:30:08.785819+00:00 < start: 2026-06-08T08:42:23.072Z)
[SKIP-BACKFILL] fellows.joined from agent-96f3e5280484 (ts: 2026-06-07T03:30:13.714626+00:00 < start: 2026-06-08T08:42:23.072Z)
[SKIP-BACKFILL] fellows.joined from agent-551fb91395c9 (ts: 2026-06-07T03:30:20.892741+00:00 < start: 2026-06-08T08:42:23.072Z)
[SKIP-BACKFILL] fellows.joined from agent-0b9cdcac873f (ts: 2026-06-07T03:37:01.745042+00:00 < start: 2026-06-08T08:42:23.072Z)
[SKIP-BACKFILL] fellows.joined from agent-460f48b359fc (ts: 2026-06-07T03:37:01.993597+00:00 < start: 2026-06-08T08:42:23.072Z)
[SKIP-BACKFILL] fellows.joined from agent-7748d1432bf0 (ts: 2026-06-07T03:37:02.298331+00:00 < start: 2026-06-08T08:42:23.072Z)
[SKIP-BACKFILL] fellows.joined from agent-4f752e22c475 (ts: 2026-06-07T03:38:04.854735+00:00 < start: 2026-06-08T08:42:23.072Z)
[SKIP-BACKFILL] fellows.joined from agent-f69770251904 (ts: 2026-06-07T03:40:31.916639+00:00 < start: 2026-06-08T08:42:23.072Z)
[SKIP-BACKFILL] fellows.joined from agent-0bf8ef15d8be (ts: 2026-06-07T03:40:36.963530+00:00 < start: 2026-06-08T08:42:23.072Z)
[SKIP-BACKFILL] fellows.joined from agent-6f511416da3c (ts: 2026-06-07T03:40:44.005379+00:00 < start: 2026-06-08T08:42:23.072Z)
[SKIP-BACKFILL] fellows.joined from agent-29bbc3e464ca (ts: 2026-06-07T03:45:05.777989+00:00 < start: 2026-06-08T08:42:23.072Z)
[SKIP-BACKFILL] fellows.joined from agent-78d9c02b11ec (ts: 2026-06-07T03:45:47.815905+00:00 < start: 2026-06-08T08:42:23.072Z)
[SKIP-BACKFILL] fellows.joined from agent-cfcf5eb3dff9 (ts: 2026-06-07T03:45:52.853585+00:00 < start: 2026-06-08T08:42:23.072Z)
[SKIP-BACKFILL] fellows.joined from agent-0d3ae6786e9d (ts: 2026-06-07T03:46:00.058316+00:00 < start: 2026-06-08T08:42:23.072Z)
[SKIP-BACKFILL] fellows.joined from agent-5b4e579d93e0 (ts: 2026-06-07T04:07:18.257165+00:00 < start: 2026-06-08T08:42:23.072Z)
[SKIP-BACKFILL] fellows.joined from agent-a79a4d97e78c (ts: 2026-06-07T04:07:57.914185+00:00 < start: 2026-06-08T08:42:23.072Z)
[SKIP-BACKFILL] fellows.joined from agent-ca49e8a935ff (ts: 2026-06-07T04:08:02.924371+00:00 < start: 2026-06-08T08:42:23.072Z)
[SKIP-BACKFILL] fellows.joined from agent-21f4f5e4b290 (ts: 2026-06-07T04:08:09.932471+00:00 < start: 2026-06-08T08:42:23.072Z)
[SKIP-BACKFILL] fellows.joined from agent-a578ab1edc32 (ts: 2026-06-07T06:22:24.341249+00:00 < start: 2026-06-08T08:42:23.072Z)
[SKIP-BACKFILL] fellows.joined from agent-48d8326a335c (ts: 2026-06-07T06:22:28.453733+00:00 < start: 2026-06-08T08:42:23.072Z)
[SKIP-BACKFILL] fellows.joined from agent-3a26459081c0 (ts: 2026-06-07T06:22:35.531547+00:00 < start: 2026-06-08T08:42:23.072Z)
[SKIP-BACKFILL] fellows.joined from agent-82e367d8b2c4 (ts: 2026-06-07T08:37:56.692041+00:00 < start: 2026-06-08T08:42:23.072Z)
[SKIP-BACKFILL] fellows.joined from agent-5643a156f527 (ts: 2026-06-07T08:41:42.292176+00:00 < start: 2026-06-08T08:42:23.072Z)
[SKIP-BACKFILL] fellows.joined from agent-6de37597dde4 (ts: 2026-06-07T11:33:43.636095+00:00 < start: 2026-06-08T08:42:23.072Z)
[SKIP-BACKFILL] fellows.joined from agent-03a8f003ee02 (ts: 2026-06-07T11:40:05.520280+00:00 < start: 2026-06-08T08:42:23.072Z)
[ERROR] Stream error: unknown . Reconnecting in 6670ms (attempt 1)...
[CONNECT] attempt=2 last_event_id=tick-5096 next_backoff=6911ms
[OPEN] Stream connected. Listening for events... (pid=20620, last_event_id=tick-5096)
[READY] backfilled 30 events · live tail begins (ts: 2026-06-08T08:52:20.762507+00:00)
[SKIP-BACKFILL] fellows.joined from agent-1ce976aacc6a (ts: 2026-06-07T03:19:09.712986+00:00 < start: 2026-06-08T08:42:23.072Z)
[SKIP-BACKFILL] fellows.joined from agent-f12e9cfc1c74 (ts: 2026-06-07T03:20:43.449171+00:00 < start: 2026-06-08T08:42:23.072Z)
[SKIP-BACKFILL] fellows.joined from agent-5836101ce6a0 (ts: 2026-06-07T03:20:48.449908+00:00 < start: 2026-06-08T08:42:23.072Z)
[SKIP-BACKFILL] fellows.joined from agent-b265127eacef (ts: 2026-06-07T03:20:55.504373+00:00 < start: 2026-06-08T08:42:23.072Z)
[SKIP-BACKFILL] fellows.joined from agent-091ddc8fc217 (ts: 2026-06-07T03:28:26.508756+00:00 < start: 2026-06-08T08:42:23.072Z)
[SKIP-BACKFILL] fellows.joined from agent-38bdd62a0d80 (ts: 2026-06-07T03:30:08.785819+00:00 < start: 2026-06-08T08:42:23.072Z)
[SKIP-BACKFILL] fellows.joined from agent-96f3e5280484 (ts: 2026-06-07T03:30:13.714626+00:00 < start: 2026-06-08T08:42:23.072Z)
[SKIP-BACKFILL] fellows.joined from agent-551fb91395c9 (ts: 2026-06-07T03:30:20.892741+00:00 < start: 2026-06-08T08:42:23.072Z)
[SKIP-BACKFILL] fellows.joined from agent-0b9cdcac873f (ts: 2026-06-07T03:37:01.745042+00:00 < start: 2026-06-08T08:42:23.072Z)
[SKIP-BACKFILL] fellows.joined from agent-460f48b359fc (ts: 2026-06-07T03:37:01.993597+00:00 < start: 2026-06-08T08:42:23.072Z)
[SKIP-BACKFILL] fellows.joined from agent-7748d1432bf0 (ts: 2026-06-07T03:37:02.298331+00:00 < start: 2026-06-08T08:42:23.072Z)
[SKIP-BACKFILL] fellows.joined from agent-4f752e22c475 (ts: 2026-06-07T03:38:04.854735+00:00 < start: 2026-06-08T08:42:23.072Z)
[SKIP-BACKFILL] fellows.joined from agent-f69770251904 (ts: 2026-06-07T03:40:31.916639+00:00 < start: 2026-06-08T08:42:23.072Z)
[SKIP-BACKFILL] fellows.joined from agent-0bf8ef15d8be (ts: 2026-06-07T03:40:36.963530+00:00 < start: 2026-06-08T08:42:23.072Z)
[SKIP-BACKFILL] fellows.joined from agent-6f511416da3c (ts: 2026-06-07T03:40:44.005379+00:00 < start: 2026-06-08T08:42:23.072Z)
[SKIP-BACKFILL] fellows.joined from agent-29bbc3e464ca (ts: 2026-06-07T03:45:05.777989+00:00 < start: 2026-06-08T08:42:23.072Z)
[SKIP-BACKFILL] fellows.joined from agent-78d9c02b11ec (ts: 2026-06-07T03:45:47.815905+00:00 < start: 2026-06-08T08:42:23.072Z)
[SKIP-BACKFILL] fellows.joined from agent-cfcf5eb3dff9 (ts: 2026-06-07T03:45:52.853585+00:00 < start: 2026-06-08T08:42:23.072Z)
[SKIP-BACKFILL] fellows.joined from agent-0d3ae6786e9d (ts: 2026-06-07T03:46:00.058316+00:00 < start: 2026-06-08T08:42:23.072Z)
[SKIP-BACKFILL] fellows.joined from agent-5b4e579d93e0 (ts: 2026-06-07T04:07:18.257165+00:00 < start: 2026-06-08T08:42:23.072Z)
[SKIP-BACKFILL] fellows.joined from agent-a79a4d97e78c (ts: 2026-06-07T04:07:57.914185+00:00 < start: 2026-06-08T08:42:23.072Z)
[SKIP-BACKFILL] fellows.joined from agent-ca49e8a935ff (ts: 2026-06-07T04:08:02.924371+00:00 < start: 2026-06-08T08:42:23.072Z)
[SKIP-BACKFILL] fellows.joined from agent-21f4f5e4b290 (ts: 2026-06-07T04:08:09.932471+00:00 < start: 2026-06-08T08:42:23.072Z)
[SKIP-BACKFILL] fellows.joined from agent-a578ab1edc32 (ts: 2026-06-07T06:22:24.341249+00:00 < start: 2026-06-08T08:42:23.072Z)
[SKIP-BACKFILL] fellows.joined from agent-48d8326a335c (ts: 2026-06-07T06:22:28.453733+00:00 < start: 2026-06-08T08:42:23.072Z)
[SKIP-BACKFILL] fellows.joined from agent-3a26459081c0 (ts: 2026-06-07T06:22:35.531547+00:00 < start: 2026-06-08T08:42:23.072Z)
[SKIP-BACKFILL] fellows.joined from agent-82e367d8b2c4 (ts: 2026-06-07T08:37:56.692041+00:00 < start: 2026-06-08T08:42:23.072Z)
[SKIP-BACKFILL] fellows.joined from agent-5643a156f527 (ts: 2026-06-07T08:41:42.292176+00:00 < start: 2026-06-08T08:42:23.072Z)
[SKIP-BACKFILL] fellows.joined from agent-6de37597dde4 (ts: 2026-06-07T11:33:43.636095+00:00 < start: 2026-06-08T08:42:23.072Z)
[SKIP-BACKFILL] fellows.joined from agent-03a8f003ee02 (ts: 2026-06-07T11:40:05.520280+00:00 < start: 2026-06-08T08:42:23.072Z)
[ERROR] Stream error: unknown . Reconnecting in 6911ms (attempt 1)...
[CONNECT] attempt=2 last_event_id=tick-5098 next_backoff=6977ms
[OPEN] Stream connected. Listening for events... (pid=20620, last_event_id=tick-5098)
[READY] backfilled 30 events · live tail begins (ts: 2026-06-08T08:53:27.866442+00:00)
[SKIP-BACKFILL] fellows.joined from agent-1ce976aacc6a (ts: 2026-06-07T03:19:09.712986+00:00 < start: 2026-06-08T08:42:23.072Z)
[SKIP-BACKFILL] fellows.joined from agent-f12e9cfc1c74 (ts: 2026-06-07T03:20:43.449171+00:00 < start: 2026-06-08T08:42:23.072Z)
[SKIP-BACKFILL] fellows.joined from agent-5836101ce6a0 (ts: 2026-06-07T03:20:48.449908+00:00 < start: 2026-06-08T08:42:23.072Z)
[SKIP-BACKFILL] fellows.joined from agent-b265127eacef (ts: 2026-06-07T03:20:55.504373+00:00 < start: 2026-06-08T08:42:23.072Z)
[SKIP-BACKFILL] fellows.joined from agent-091ddc8fc217 (ts: 2026-06-07T03:28:26.508756+00:00 < start: 2026-06-08T08:42:23.072Z)
[SKIP-BACKFILL] fellows.joined from agent-38bdd62a0d80 (ts: 2026-06-07T03:30:08.785819+00:00 < start: 2026-06-08T08:42:23.072Z)
[SKIP-BACKFILL] fellows.joined from agent-96f3e5280484 (ts: 2026-06-07T03:30:13.714626+00:00 < start: 2026-06-08T08:42:23.072Z)
[SKIP-BACKFILL] fellows.joined from agent-551fb91395c9 (ts: 2026-06-07T03:30:20.892741+00:00 < start: 2026-06-08T08:42:23.072Z)
[SKIP-BACKFILL] fellows.joined from agent-0b9cdcac873f (ts: 2026-06-07T03:37:01.745042+00:00 < start: 2026-06-08T08:42:23.072Z)
[SKIP-BACKFILL] fellows.joined from agent-460f48b359fc (ts: 2026-06-07T03:37:01.993597+00:00 < start: 2026-06-08T08:42:23.072Z)
[SKIP-BACKFILL] fellows.joined from agent-7748d1432bf0 (ts: 2026-06-07T03:37:02.298331+00:00 < start: 2026-06-08T08:42:23.072Z)
[SKIP-BACKFILL] fellows.joined from agent-4f752e22c475 (ts: 2026-06-07T03:38:04.854735+00:00 < start: 2026-06-08T08:42:23.072Z)
[SKIP-BACKFILL] fellows.joined from agent-f69770251904 (ts: 2026-06-07T03:40:31.916639+00:00 < start: 2026-06-08T08:42:23.072Z)
[SKIP-BACKFILL] fellows.joined from agent-0bf8ef15d8be (ts: 2026-06-07T03:40:36.963530+00:00 < start: 2026-06-08T08:42:23.072Z)
[SKIP-BACKFILL] fellows.joined from agent-6f511416da3c (ts: 2026-06-07T03:40:44.005379+00:00 < start: 2026-06-08T08:42:23.072Z)
[SKIP-BACKFILL] fellows.joined from agent-29bbc3e464ca (ts: 2026-06-07T03:45:05.777989+00:00 < start: 2026-06-08T08:42:23.072Z)
[SKIP-BACKFILL] fellows.joined from agent-78d9c02b11ec (ts: 2026-06-07T03:45:47.815905+00:00 < start: 2026-06-08T08:42:23.072Z)
[SKIP-BACKFILL] fellows.joined from agent-cfcf5eb3dff9 (ts: 2026-06-07T03:45:52.853585+00:00 < start: 2026-06-08T08:42:23.072Z)
[SKIP-BACKFILL] fellows.joined from agent-0d3ae6786e9d (ts: 2026-06-07T03:46:00.058316+00:00 < start: 2026-06-08T08:42:23.072Z)
[SKIP-BACKFILL] fellows.joined from agent-5b4e579d93e0 (ts: 2026-06-07T04:07:18.257165+00:00 < start: 2026-06-08T08:42:23.072Z)
[SKIP-BACKFILL] fellows.joined from agent-a79a4d97e78c (ts: 2026-06-07T04:07:57.914185+00:00 < start: 2026-06-08T08:42:23.072Z)
[SKIP-BACKFILL] fellows.joined from agent-ca49e8a935ff (ts: 2026-06-07T04:08:02.924371+00:00 < start: 2026-06-08T08:42:23.072Z)
[SKIP-BACKFILL] fellows.joined from agent-21f4f5e4b290 (ts: 2026-06-07T04:08:09.932471+00:00 < start: 2026-06-08T08:42:23.072Z)
[SKIP-BACKFILL] fellows.joined from agent-a578ab1edc32 (ts: 2026-06-07T06:22:24.341249+00:00 < start: 2026-06-08T08:42:23.072Z)
[SKIP-BACKFILL] fellows.joined from agent-48d8326a335c (ts: 2026-06-07T06:22:28.453733+00:00 < start: 2026-06-08T08:42:23.072Z)
[SKIP-BACKFILL] fellows.joined from agent-3a26459081c0 (ts: 2026-06-07T06:22:35.531547+00:00 < start: 2026-06-08T08:42:23.072Z)
[SKIP-BACKFILL] fellows.joined from agent-82e367d8b2c4 (ts: 2026-06-07T08:37:56.692041+00:00 < start: 2026-06-08T08:42:23.072Z)
[SKIP-BACKFILL] fellows.joined from agent-5643a156f527 (ts: 2026-06-07T08:41:42.292176+00:00 < start: 2026-06-08T08:42:23.072Z)
[SKIP-BACKFILL] fellows.joined from agent-6de37597dde4 (ts: 2026-06-07T11:33:43.636095+00:00 < start: 2026-06-08T08:42:23.072Z)
[SKIP-BACKFILL] fellows.joined from agent-03a8f003ee02 (ts: 2026-06-07T11:40:05.520280+00:00 < start: 2026-06-08T08:42:23.072Z)
[ERROR] Stream error: unknown . Reconnecting in 6977ms (attempt 1)...
[CONNECT] attempt=2 last_event_id=tick-5100 next_backoff=6522ms
[OPEN] Stream connected. Listening for events... (pid=20620, last_event_id=tick-5100)
[READY] backfilled 30 events · live tail begins (ts: 2026-06-08T08:54:34.996322+00:00)
[SKIP-BACKFILL] fellows.joined from agent-1ce976aacc6a (ts: 2026-06-07T03:19:09.712986+00:00 < start: 2026-06-08T08:42:23.072Z)
[SKIP-BACKFILL] fellows.joined from agent-f12e9cfc1c74 (ts: 2026-06-07T03:20:43.449171+00:00 < start: 2026-06-08T08:42:23.072Z)
[SKIP-BACKFILL] fellows.joined from agent-5836101ce6a0 (ts: 2026-06-07T03:20:48.449908+00:00 < start: 2026-06-08T08:42:23.072Z)
[SKIP-BACKFILL] fellows.joined from agent-b265127eacef (ts: 2026-06-07T03:20:55.504373+00:00 < start: 2026-06-08T08:42:23.072Z)
[SKIP-BACKFILL] fellows.joined from agent-091ddc8fc217 (ts: 2026-06-07T03:28:26.508756+00:00 < start: 2026-06-08T08:42:23.072Z)
[SKIP-BACKFILL] fellows.joined from agent-38bdd62a0d80 (ts: 2026-06-07T03:30:08.785819+00:00 < start: 2026-06-08T08:42:23.072Z)
[SKIP-BACKFILL] fellows.joined from agent-96f3e5280484 (ts: 2026-06-07T03:30:13.714626+00:00 < start: 2026-06-08T08:42:23.072Z)
[SKIP-BACKFILL] fellows.joined from agent-551fb91395c9 (ts: 2026-06-07T03:30:20.892741+00:00 < start: 2026-06-08T08:42:23.072Z)
[SKIP-BACKFILL] fellows.joined from agent-0b9cdcac873f (ts: 2026-06-07T03:37:01.745042+00:00 < start: 2026-06-08T08:42:23.072Z)
[SKIP-BACKFILL] fellows.joined from agent-460f48b359fc (ts: 2026-06-07T03:37:01.993597+00:00 < start: 2026-06-08T08:42:23.072Z)
[SKIP-BACKFILL] fellows.joined from agent-7748d1432bf0 (ts: 2026-06-07T03:37:02.298331+00:00 < start: 2026-06-08T08:42:23.072Z)
[SKIP-BACKFILL] fellows.joined from agent-4f752e22c475 (ts: 2026-06-07T03:38:04.854735+00:00 < start: 2026-06-08T08:42:23.072Z)
[SKIP-BACKFILL] fellows.joined from agent-f69770251904 (ts: 2026-06-07T03:40:31.916639+00:00 < start: 2026-06-08T08:42:23.072Z)
[SKIP-BACKFILL] fellows.joined from agent-0bf8ef15d8be (ts: 2026-06-07T03:40:36.963530+00:00 < start: 2026-06-08T08:42:23.072Z)
[SKIP-BACKFILL] fellows.joined from agent-6f511416da3c (ts: 2026-06-07T03:40:44.005379+00:00 < start: 2026-06-08T08:42:23.072Z)
[SKIP-BACKFILL] fellows.joined from agent-29bbc3e464ca (ts: 2026-06-07T03:45:05.777989+00:00 < start: 2026-06-08T08:42:23.072Z)
[SKIP-BACKFILL] fellows.joined from agent-78d9c02b11ec (ts: 2026-06-07T03:45:47.815905+00:00 < start: 2026-06-08T08:42:23.072Z)
[SKIP-BACKFILL] fellows.joined from agent-cfcf5eb3dff9 (ts: 2026-06-07T03:45:52.853585+00:00 < start: 2026-06-08T08:42:23.072Z)
[SKIP-BACKFILL] fellows.joined from agent-0d3ae6786e9d (ts: 2026-06-07T03:46:00.058316+00:00 < start: 2026-06-08T08:42:23.072Z)
[SKIP-BACKFILL] fellows.joined from agent-5b4e579d93e0 (ts: 2026-06-07T04:07:18.257165+00:00 < start: 2026-06-08T08:42:23.072Z)
[SKIP-BACKFILL] fellows.joined from agent-a79a4d97e78c (ts: 2026-06-07T04:07:57.914185+00:00 < start: 2026-06-08T08:42:23.072Z)
[SKIP-BACKFILL] fellows.joined from agent-ca49e8a935ff (ts: 2026-06-07T04:08:02.924371+00:00 < start: 2026-06-08T08:42:23.072Z)
[SKIP-BACKFILL] fellows.joined from agent-21f4f5e4b290 (ts: 2026-06-07T04:08:09.932471+00:00 < start: 2026-06-08T08:42:23.072Z)
[SKIP-BACKFILL] fellows.joined from agent-a578ab1edc32 (ts: 2026-06-07T06:22:24.341249+00:00 < start: 2026-06-08T08:42:23.072Z)
[SKIP-BACKFILL] fellows.joined from agent-48d8326a335c (ts: 2026-06-07T06:22:28.453733+00:00 < start: 2026-06-08T08:42:23.072Z)
[SKIP-BACKFILL] fellows.joined from agent-3a26459081c0 (ts: 2026-06-07T06:22:35.531547+00:00 < start: 2026-06-08T08:42:23.072Z)
[SKIP-BACKFILL] fellows.joined from agent-82e367d8b2c4 (ts: 2026-06-07T08:37:56.692041+00:00 < start: 2026-06-08T08:42:23.072Z)
[SKIP-BACKFILL] fellows.joined from agent-5643a156f527 (ts: 2026-06-07T08:41:42.292176+00:00 < start: 2026-06-08T08:42:23.072Z)
[SKIP-BACKFILL] fellows.joined from agent-6de37597dde4 (ts: 2026-06-07T11:33:43.636095+00:00 < start: 2026-06-08T08:42:23.072Z)
[SKIP-BACKFILL] fellows.joined from agent-03a8f003ee02 (ts: 2026-06-07T11:40:05.520280+00:00 < start: 2026-06-08T08:42:23.072Z)
[ERROR] Stream error: unknown . Reconnecting in 6522ms (attempt 1)...
[CONNECT] attempt=2 last_event_id=tick-5103 next_backoff=6057ms
[OPEN] Stream connected. Listening for events... (pid=20620, last_event_id=tick-5103)
[READY] backfilled 30 events · live tail begins (ts: 2026-06-08T08:55:41.676343+00:00)
[SKIP-BACKFILL] fellows.joined from agent-1ce976aacc6a (ts: 2026-06-07T03:19:09.712986+00:00 < start: 2026-06-08T08:42:23.072Z)
[SKIP-BACKFILL] fellows.joined from agent-f12e9cfc1c74 (ts: 2026-06-07T03:20:43.449171+00:00 < start: 2026-06-08T08:42:23.072Z)
[SKIP-BACKFILL] fellows.joined from agent-5836101ce6a0 (ts: 2026-06-07T03:20:48.449908+00:00 < start: 2026-06-08T08:42:23.072Z)
[SKIP-BACKFILL] fellows.joined from agent-b265127eacef (ts: 2026-06-07T03:20:55.504373+00:00 < start: 2026-06-08T08:42:23.072Z)
[SKIP-BACKFILL] fellows.joined from agent-091ddc8fc217 (ts: 2026-06-07T03:28:26.508756+00:00 < start: 2026-06-08T08:42:23.072Z)
[SKIP-BACKFILL] fellows.joined from agent-38bdd62a0d80 (ts: 2026-06-07T03:30:08.785819+00:00 < start: 2026-06-08T08:42:23.072Z)
[SKIP-BACKFILL] fellows.joined from agent-96f3e5280484 (ts: 2026-06-07T03:30:13.714626+00:00 < start: 2026-06-08T08:42:23.072Z)
[SKIP-BACKFILL] fellows.joined from agent-551fb91395c9 (ts: 2026-06-07T03:30:20.892741+00:00 < start: 2026-06-08T08:42:23.072Z)
[SKIP-BACKFILL] fellows.joined from agent-0b9cdcac873f (ts: 2026-06-07T03:37:01.745042+00:00 < start: 2026-06-08T08:42:23.072Z)
[SKIP-BACKFILL] fellows.joined from agent-460f48b359fc (ts: 2026-06-07T03:37:01.993597+00:00 < start: 2026-06-08T08:42:23.072Z)
[SKIP-BACKFILL] fellows.joined from agent-7748d1432bf0 (ts: 2026-06-07T03:37:02.298331+00:00 < start: 2026-06-08T08:42:23.072Z)
[SKIP-BACKFILL] fellows.joined from agent-4f752e22c475 (ts: 2026-06-07T03:38:04.854735+00:00 < start: 2026-06-08T08:42:23.072Z)
[SKIP-BACKFILL] fellows.joined from agent-f69770251904 (ts: 2026-06-07T03:40:31.916639+00:00 < start: 2026-06-08T08:42:23.072Z)
[SKIP-BACKFILL] fellows.joined from agent-0bf8ef15d8be (ts: 2026-06-07T03:40:36.963530+00:00 < start: 2026-06-08T08:42:23.072Z)
[SKIP-BACKFILL] fellows.joined from agent-6f511416da3c (ts: 2026-06-07T03:40:44.005379+00:00 < start: 2026-06-08T08:42:23.072Z)
[SKIP-BACKFILL] fellows.joined from agent-29bbc3e464ca (ts: 2026-06-07T03:45:05.777989+00:00 < start: 2026-06-08T08:42:23.072Z)
[SKIP-BACKFILL] fellows.joined from agent-78d9c02b11ec (ts: 2026-06-07T03:45:47.815905+00:00 < start: 2026-06-08T08:42:23.072Z)
[SKIP-BACKFILL] fellows.joined from agent-cfcf5eb3dff9 (ts: 2026-06-07T03:45:52.853585+00:00 < start: 2026-06-08T08:42:23.072Z)
[SKIP-BACKFILL] fellows.joined from agent-0d3ae6786e9d (ts: 2026-06-07T03:46:00.058316+00:00 < start: 2026-06-08T08:42:23.072Z)
[SKIP-BACKFILL] fellows.joined from agent-5b4e579d93e0 (ts: 2026-06-07T04:07:18.257165+00:00 < start: 2026-06-08T08:42:23.072Z)
[SKIP-BACKFILL] fellows.joined from agent-a79a4d97e78c (ts: 2026-06-07T04:07:57.914185+00:00 < start: 2026-06-08T08:42:23.072Z)
[SKIP-BACKFILL] fellows.joined from agent-ca49e8a935ff (ts: 2026-06-07T04:08:02.924371+00:00 < start: 2026-06-08T08:42:23.072Z)
[SKIP-BACKFILL] fellows.joined from agent-21f4f5e4b290 (ts: 2026-06-07T04:08:09.932471+00:00 < start: 2026-06-08T08:42:23.072Z)
[SKIP-BACKFILL] fellows.joined from agent-a578ab1edc32 (ts: 2026-06-07T06:22:24.341249+00:00 < start: 2026-06-08T08:42:23.072Z)
[SKIP-BACKFILL] fellows.joined from agent-48d8326a335c (ts: 2026-06-07T06:22:28.453733+00:00 < start: 2026-06-08T08:42:23.072Z)
[SKIP-BACKFILL] fellows.joined from agent-3a26459081c0 (ts: 2026-06-07T06:22:35.531547+00:00 < start: 2026-06-08T08:42:23.072Z)
[SKIP-BACKFILL] fellows.joined from agent-82e367d8b2c4 (ts: 2026-06-07T08:37:56.692041+00:00 < start: 2026-06-08T08:42:23.072Z)
[SKIP-BACKFILL] fellows.joined from agent-5643a156f527 (ts: 2026-06-07T08:41:42.292176+00:00 < start: 2026-06-08T08:42:23.072Z)
[SKIP-BACKFILL] fellows.joined from agent-6de37597dde4 (ts: 2026-06-07T11:33:43.636095+00:00 < start: 2026-06-08T08:42:23.072Z)
[SKIP-BACKFILL] fellows.joined from agent-03a8f003ee02 (ts: 2026-06-07T11:40:05.520280+00:00 < start: 2026-06-08T08:42:23.072Z)
[ERROR] Stream error: unknown . Reconnecting in 6057ms (attempt 1)...
[CONNECT] attempt=2 last_event_id=tick-5105 next_backoff=6511ms
[OPEN] Stream connected. Listening for events... (pid=20620, last_event_id=tick-5105)
[READY] backfilled 30 events · live tail begins (ts: 2026-06-08T08:56:47.893827+00:00)
[SKIP-BACKFILL] fellows.joined from agent-1ce976aacc6a (ts: 2026-06-07T03:19:09.712986+00:00 < start: 2026-06-08T08:42:23.072Z)
[SKIP-BACKFILL] fellows.joined from agent-f12e9cfc1c74 (ts: 2026-06-07T03:20:43.449171+00:00 < start: 2026-06-08T08:42:23.072Z)
[SKIP-BACKFILL] fellows.joined from agent-5836101ce6a0 (ts: 2026-06-07T03:20:48.449908+00:00 < start: 2026-06-08T08:42:23.072Z)
[SKIP-BACKFILL] fellows.joined from agent-b265127eacef (ts: 2026-06-07T03:20:55.504373+00:00 < start: 2026-06-08T08:42:23.072Z)
[SKIP-BACKFILL] fellows.joined from agent-091ddc8fc217 (ts: 2026-06-07T03:28:26.508756+00:00 < start: 2026-06-08T08:42:23.072Z)
[SKIP-BACKFILL] fellows.joined from agent-38bdd62a0d80 (ts: 2026-06-07T03:30:08.785819+00:00 < start: 2026-06-08T08:42:23.072Z)
[SKIP-BACKFILL] fellows.joined from agent-96f3e5280484 (ts: 2026-06-07T03:30:13.714626+00:00 < start: 2026-06-08T08:42:23.072Z)
[SKIP-BACKFILL] fellows.joined from agent-551fb91395c9 (ts: 2026-06-07T03:30:20.892741+00:00 < start: 2026-06-08T08:42:23.072Z)
[SKIP-BACKFILL] fellows.joined from agent-0b9cdcac873f (ts: 2026-06-07T03:37:01.745042+00:00 < start: 2026-06-08T08:42:23.072Z)
[SKIP-BACKFILL] fellows.joined from agent-460f48b359fc (ts: 2026-06-07T03:37:01.993597+00:00 < start: 2026-06-08T08:42:23.072Z)
[SKIP-BACKFILL] fellows.joined from agent-7748d1432bf0 (ts: 2026-06-07T03:37:02.298331+00:00 < start: 2026-06-08T08:42:23.072Z)
[SKIP-BACKFILL] fellows.joined from agent-4f752e22c475 (ts: 2026-06-07T03:38:04.854735+00:00 < start: 2026-06-08T08:42:23.072Z)
[SKIP-BACKFILL] fellows.joined from agent-f69770251904 (ts: 2026-06-07T03:40:31.916639+00:00 < start: 2026-06-08T08:42:23.072Z)
[SKIP-BACKFILL] fellows.joined from agent-0bf8ef15d8be (ts: 2026-06-07T03:40:36.963530+00:00 < start: 2026-06-08T08:42:23.072Z)
[SKIP-BACKFILL] fellows.joined from agent-6f511416da3c (ts: 2026-06-07T03:40:44.005379+00:00 < start: 2026-06-08T08:42:23.072Z)
[SKIP-BACKFILL] fellows.joined from agent-29bbc3e464ca (ts: 2026-06-07T03:45:05.777989+00:00 < start: 2026-06-08T08:42:23.072Z)
[SKIP-BACKFILL] fellows.joined from agent-78d9c02b11ec (ts: 2026-06-07T03:45:47.815905+00:00 < start: 2026-06-08T08:42:23.072Z)
[SKIP-BACKFILL] fellows.joined from agent-cfcf5eb3dff9 (ts: 2026-06-07T03:45:52.853585+00:00 < start: 2026-06-08T08:42:23.072Z)
[SKIP-BACKFILL] fellows.joined from agent-0d3ae6786e9d (ts: 2026-06-07T03:46:00.058316+00:00 < start: 2026-06-08T08:42:23.072Z)
[SKIP-BACKFILL] fellows.joined from agent-5b4e579d93e0 (ts: 2026-06-07T04:07:18.257165+00:00 < start: 2026-06-08T08:42:23.072Z)
[SKIP-BACKFILL] fellows.joined from agent-a79a4d97e78c (ts: 2026-06-07T04:07:57.914185+00:00 < start: 2026-06-08T08:42:23.072Z)
[SKIP-BACKFILL] fellows.joined from agent-ca49e8a935ff (ts: 2026-06-07T04:08:02.924371+00:00 < start: 2026-06-08T08:42:23.072Z)
[SKIP-BACKFILL] fellows.joined from agent-21f4f5e4b290 (ts: 2026-06-07T04:08:09.932471+00:00 < start: 2026-06-08T08:42:23.072Z)
[SKIP-BACKFILL] fellows.joined from agent-a578ab1edc32 (ts: 2026-06-07T06:22:24.341249+00:00 < start: 2026-06-08T08:42:23.072Z)
[SKIP-BACKFILL] fellows.joined from agent-48d8326a335c (ts: 2026-06-07T06:22:28.453733+00:00 < start: 2026-06-08T08:42:23.072Z)
[SKIP-BACKFILL] fellows.joined from agent-3a26459081c0 (ts: 2026-06-07T06:22:35.531547+00:00 < start: 2026-06-08T08:42:23.072Z)
[SKIP-BACKFILL] fellows.joined from agent-82e367d8b2c4 (ts: 2026-06-07T08:37:56.692041+00:00 < start: 2026-06-08T08:42:23.072Z)
[SKIP-BACKFILL] fellows.joined from agent-5643a156f527 (ts: 2026-06-07T08:41:42.292176+00:00 < start: 2026-06-08T08:42:23.072Z)
[SKIP-BACKFILL] fellows.joined from agent-6de37597dde4 (ts: 2026-06-07T11:33:43.636095+00:00 < start: 2026-06-08T08:42:23.072Z)
[SKIP-BACKFILL] fellows.joined from agent-03a8f003ee02 (ts: 2026-06-07T11:40:05.520280+00:00 < start: 2026-06-08T08:42:23.072Z)
[ERROR] Stream error: unknown . Reconnecting in 6511ms (attempt 1)...
[CONNECT] attempt=2 last_event_id=tick-5107 next_backoff=6733ms
[OPEN] Stream connected. Listening for events... (pid=20620, last_event_id=tick-5107)
[READY] backfilled 30 events · live tail begins (ts: 2026-06-08T08:57:54.569631+00:00)
[SKIP-BACKFILL] fellows.joined from agent-1ce976aacc6a (ts: 2026-06-07T03:19:09.712986+00:00 < start: 2026-06-08T08:42:23.072Z)
[SKIP-BACKFILL] fellows.joined from agent-f12e9cfc1c74 (ts: 2026-06-07T03:20:43.449171+00:00 < start: 2026-06-08T08:42:23.072Z)
[SKIP-BACKFILL] fellows.joined from agent-5836101ce6a0 (ts: 2026-06-07T03:20:48.449908+00:00 < start: 2026-06-08T08:42:23.072Z)
[SKIP-BACKFILL] fellows.joined from agent-b265127eacef (ts: 2026-06-07T03:20:55.504373+00:00 < start: 2026-06-08T08:42:23.072Z)
[SKIP-BACKFILL] fellows.joined from agent-091ddc8fc217 (ts: 2026-06-07T03:28:26.508756+00:00 < start: 2026-06-08T08:42:23.072Z)
[SKIP-BACKFILL] fellows.joined from agent-38bdd62a0d80 (ts: 2026-06-07T03:30:08.785819+00:00 < start: 2026-06-08T08:42:23.072Z)
[SKIP-BACKFILL] fellows.joined from agent-96f3e5280484 (ts: 2026-06-07T03:30:13.714626+00:00 < start: 2026-06-08T08:42:23.072Z)
[SKIP-BACKFILL] fellows.joined from agent-551fb91395c9 (ts: 2026-06-07T03:30:20.892741+00:00 < start: 2026-06-08T08:42:23.072Z)
[SKIP-BACKFILL] fellows.joined from agent-0b9cdcac873f (ts: 2026-06-07T03:37:01.745042+00:00 < start: 2026-06-08T08:42:23.072Z)
[SKIP-BACKFILL] fellows.joined from agent-460f48b359fc (ts: 2026-06-07T03:37:01.993597+00:00 < start: 2026-06-08T08:42:23.072Z)
[SKIP-BACKFILL] fellows.joined from agent-7748d1432bf0 (ts: 2026-06-07T03:37:02.298331+00:00 < start: 2026-06-08T08:42:23.072Z)
[SKIP-BACKFILL] fellows.joined from agent-4f752e22c475 (ts: 2026-06-07T03:38:04.854735+00:00 < start: 2026-06-08T08:42:23.072Z)
[SKIP-BACKFILL] fellows.joined from agent-f69770251904 (ts: 2026-06-07T03:40:31.916639+00:00 < start: 2026-06-08T08:42:23.072Z)
[SKIP-BACKFILL] fellows.joined from agent-0bf8ef15d8be (ts: 2026-06-07T03:40:36.963530+00:00 < start: 2026-06-08T08:42:23.072Z)
[SKIP-BACKFILL] fellows.joined from agent-6f511416da3c (ts: 2026-06-07T03:40:44.005379+00:00 < start: 2026-06-08T08:42:23.072Z)
[SKIP-BACKFILL] fellows.joined from agent-29bbc3e464ca (ts: 2026-06-07T03:45:05.777989+00:00 < start: 2026-06-08T08:42:23.072Z)
[SKIP-BACKFILL] fellows.joined from agent-78d9c02b11ec (ts: 2026-06-07T03:45:47.815905+00:00 < start: 2026-06-08T08:42:23.072Z)
[SKIP-BACKFILL] fellows.joined from agent-cfcf5eb3dff9 (ts: 2026-06-07T03:45:52.853585+00:00 < start: 2026-06-08T08:42:23.072Z)
[SKIP-BACKFILL] fellows.joined from agent-0d3ae6786e9d (ts: 2026-06-07T03:46:00.058316+00:00 < start: 2026-06-08T08:42:23.072Z)
[SKIP-BACKFILL] fellows.joined from agent-5b4e579d93e0 (ts: 2026-06-07T04:07:18.257165+00:00 < start: 2026-06-08T08:42:23.072Z)
[SKIP-BACKFILL] fellows.joined from agent-a79a4d97e78c (ts: 2026-06-07T04:07:57.914185+00:00 < start: 2026-06-08T08:42:23.072Z)
[SKIP-BACKFILL] fellows.joined from agent-ca49e8a935ff (ts: 2026-06-07T04:08:02.924371+00:00 < start: 2026-06-08T08:42:23.072Z)
[SKIP-BACKFILL] fellows.joined from agent-21f4f5e4b290 (ts: 2026-06-07T04:08:09.932471+00:00 < start: 2026-06-08T08:42:23.072Z)
[SKIP-BACKFILL] fellows.joined from agent-a578ab1edc32 (ts: 2026-06-07T06:22:24.341249+00:00 < start: 2026-06-08T08:42:23.072Z)
[SKIP-BACKFILL] fellows.joined from agent-48d8326a335c (ts: 2026-06-07T06:22:28.453733+00:00 < start: 2026-06-08T08:42:23.072Z)
[SKIP-BACKFILL] fellows.joined from agent-3a26459081c0 (ts: 2026-06-07T06:22:35.531547+00:00 < start: 2026-06-08T08:42:23.072Z)
[SKIP-BACKFILL] fellows.joined from agent-82e367d8b2c4 (ts: 2026-06-07T08:37:56.692041+00:00 < start: 2026-06-08T08:42:23.072Z)
[SKIP-BACKFILL] fellows.joined from agent-5643a156f527 (ts: 2026-06-07T08:41:42.292176+00:00 < start: 2026-06-08T08:42:23.072Z)
[SKIP-BACKFILL] fellows.joined from agent-6de37597dde4 (ts: 2026-06-07T11:33:43.636095+00:00 < start: 2026-06-08T08:42:23.072Z)
[SKIP-BACKFILL] fellows.joined from agent-03a8f003ee02 (ts: 2026-06-07T11:40:05.520280+00:00 < start: 2026-06-08T08:42:23.072Z)
[ERROR] Stream error: unknown . Reconnecting in 6733ms (attempt 1)...
[CONNECT] attempt=2 last_event_id=tick-5109 next_backoff=6158ms
[OPEN] Stream connected. Listening for events... (pid=20620, last_event_id=tick-5109)
[READY] backfilled 30 events · live tail begins (ts: 2026-06-08T08:59:01.516773+00:00)
[SKIP-BACKFILL] fellows.joined from agent-1ce976aacc6a (ts: 2026-06-07T03:19:09.712986+00:00 < start: 2026-06-08T08:42:23.072Z)
[SKIP-BACKFILL] fellows.joined from agent-f12e9cfc1c74 (ts: 2026-06-07T03:20:43.449171+00:00 < start: 2026-06-08T08:42:23.072Z)
[SKIP-BACKFILL] fellows.joined from agent-5836101ce6a0 (ts: 2026-06-07T03:20:48.449908+00:00 < start: 2026-06-08T08:42:23.072Z)
[SKIP-BACKFILL] fellows.joined from agent-b265127eacef (ts: 2026-06-07T03:20:55.504373+00:00 < start: 2026-06-08T08:42:23.072Z)
[SKIP-BACKFILL] fellows.joined from agent-091ddc8fc217 (ts: 2026-06-07T03:28:26.508756+00:00 < start: 2026-06-08T08:42:23.072Z)
[SKIP-BACKFILL] fellows.joined from agent-38bdd62a0d80 (ts: 2026-06-07T03:30:08.785819+00:00 < start: 2026-06-08T08:42:23.072Z)
[SKIP-BACKFILL] fellows.joined from agent-96f3e5280484 (ts: 2026-06-07T03:30:13.714626+00:00 < start: 2026-06-08T08:42:23.072Z)
[SKIP-BACKFILL] fellows.joined from agent-551fb91395c9 (ts: 2026-06-07T03:30:20.892741+00:00 < start: 2026-06-08T08:42:23.072Z)
[SKIP-BACKFILL] fellows.joined from agent-0b9cdcac873f (ts: 2026-06-07T03:37:01.745042+00:00 < start: 2026-06-08T08:42:23.072Z)
[SKIP-BACKFILL] fellows.joined from agent-460f48b359fc (ts: 2026-06-07T03:37:01.993597+00:00 < start: 2026-06-08T08:42:23.072Z)
[SKIP-BACKFILL] fellows.joined from agent-7748d1432bf0 (ts: 2026-06-07T03:37:02.298331+00:00 < start: 2026-06-08T08:42:23.072Z)
[SKIP-BACKFILL] fellows.joined from agent-4f752e22c475 (ts: 2026-06-07T03:38:04.854735+00:00 < start: 2026-06-08T08:42:23.072Z)
[SKIP-BACKFILL] fellows.joined from agent-f69770251904 (ts: 2026-06-07T03:40:31.916639+00:00 < start: 2026-06-08T08:42:23.072Z)
[SKIP-BACKFILL] fellows.joined from agent-0bf8ef15d8be (ts: 2026-06-07T03:40:36.963530+00:00 < start: 2026-06-08T08:42:23.072Z)
[SKIP-BACKFILL] fellows.joined from agent-6f511416da3c (ts: 2026-06-07T03:40:44.005379+00:00 < start: 2026-06-08T08:42:23.072Z)
[SKIP-BACKFILL] fellows.joined from agent-29bbc3e464ca (ts: 2026-06-07T03:45:05.777989+00:00 < start: 2026-06-08T08:42:23.072Z)
[SKIP-BACKFILL] fellows.joined from agent-78d9c02b11ec (ts: 2026-06-07T03:45:47.815905+00:00 < start: 2026-06-08T08:42:23.072Z)
[SKIP-BACKFILL] fellows.joined from agent-cfcf5eb3dff9 (ts: 2026-06-07T03:45:52.853585+00:00 < start: 2026-06-08T08:42:23.072Z)
[SKIP-BACKFILL] fellows.joined from agent-0d3ae6786e9d (ts: 2026-06-07T03:46:00.058316+00:00 < start: 2026-06-08T08:42:23.072Z)
[SKIP-BACKFILL] fellows.joined from agent-5b4e579d93e0 (ts: 2026-06-07T04:07:18.257165+00:00 < start: 2026-06-08T08:42:23.072Z)
[SKIP-BACKFILL] fellows.joined from agent-a79a4d97e78c (ts: 2026-06-07T04:07:57.914185+00:00 < start: 2026-06-08T08:42:23.072Z)
[SKIP-BACKFILL] fellows.joined from agent-ca49e8a935ff (ts: 2026-06-07T04:08:02.924371+00:00 < start: 2026-06-08T08:42:23.072Z)
[SKIP-BACKFILL] fellows.joined from agent-21f4f5e4b290 (ts: 2026-06-07T04:08:09.932471+00:00 < start: 2026-06-08T08:42:23.072Z)
[SKIP-BACKFILL] fellows.joined from agent-a578ab1edc32 (ts: 2026-06-07T06:22:24.341249+00:00 < start: 2026-06-08T08:42:23.072Z)
[SKIP-BACKFILL] fellows.joined from agent-48d8326a335c (ts: 2026-06-07T06:22:28.453733+00:00 < start: 2026-06-08T08:42:23.072Z)
[SKIP-BACKFILL] fellows.joined from agent-3a26459081c0 (ts: 2026-06-07T06:22:35.531547+00:00 < start: 2026-06-08T08:42:23.072Z)
[SKIP-BACKFILL] fellows.joined from agent-82e367d8b2c4 (ts: 2026-06-07T08:37:56.692041+00:00 < start: 2026-06-08T08:42:23.072Z)
[SKIP-BACKFILL] fellows.joined from agent-5643a156f527 (ts: 2026-06-07T08:41:42.292176+00:00 < start: 2026-06-08T08:42:23.072Z)
[SKIP-BACKFILL] fellows.joined from agent-6de37597dde4 (ts: 2026-06-07T11:33:43.636095+00:00 < start: 2026-06-08T08:42:23.072Z)
[SKIP-BACKFILL] fellows.joined from agent-03a8f003ee02 (ts: 2026-06-07T11:40:05.520280+00:00 < start: 2026-06-08T08:42:23.072Z)
[ERROR] Stream error: unknown . Reconnecting in 6158ms (attempt 1)...
[CONNECT] attempt=2 last_event_id=tick-5112 next_backoff=6286ms
[OPEN] Stream connected. Listening for events... (pid=20620, last_event_id=tick-5112)
[READY] backfilled 30 events · live tail begins (ts: 2026-06-08T09:00:07.850077+00:00)
[SKIP-BACKFILL] fellows.joined from agent-1ce976aacc6a (ts: 2026-06-07T03:19:09.712986+00:00 < start: 2026-06-08T08:42:23.072Z)
[SKIP-BACKFILL] fellows.joined from agent-f12e9cfc1c74 (ts: 2026-06-07T03:20:43.449171+00:00 < start: 2026-06-08T08:42:23.072Z)
[SKIP-BACKFILL] fellows.joined from agent-5836101ce6a0 (ts: 2026-06-07T03:20:48.449908+00:00 < start: 2026-06-08T08:42:23.072Z)
[SKIP-BACKFILL] fellows.joined from agent-b265127eacef (ts: 2026-06-07T03:20:55.504373+00:00 < start: 2026-06-08T08:42:23.072Z)
[SKIP-BACKFILL] fellows.joined from agent-091ddc8fc217 (ts: 2026-06-07T03:28:26.508756+00:00 < start: 2026-06-08T08:42:23.072Z)
[SKIP-BACKFILL] fellows.joined from agent-38bdd62a0d80 (ts: 2026-06-07T03:30:08.785819+00:00 < start: 2026-06-08T08:42:23.072Z)
[SKIP-BACKFILL] fellows.joined from agent-96f3e5280484 (ts: 2026-06-07T03:30:13.714626+00:00 < start: 2026-06-08T08:42:23.072Z)
[SKIP-BACKFILL] fellows.joined from agent-551fb91395c9 (ts: 2026-06-07T03:30:20.892741+00:00 < start: 2026-06-08T08:42:23.072Z)
[SKIP-BACKFILL] fellows.joined from agent-0b9cdcac873f (ts: 2026-06-07T03:37:01.745042+00:00 < start: 2026-06-08T08:42:23.072Z)
[SKIP-BACKFILL] fellows.joined from agent-460f48b359fc (ts: 2026-06-07T03:37:01.993597+00:00 < start: 2026-06-08T08:42:23.072Z)
[SKIP-BACKFILL] fellows.joined from agent-7748d1432bf0 (ts: 2026-06-07T03:37:02.298331+00:00 < start: 2026-06-08T08:42:23.072Z)
[SKIP-BACKFILL] fellows.joined from agent-4f752e22c475 (ts: 2026-06-07T03:38:04.854735+00:00 < start: 2026-06-08T08:42:23.072Z)
[SKIP-BACKFILL] fellows.joined from agent-f69770251904 (ts: 2026-06-07T03:40:31.916639+00:00 < start: 2026-06-08T08:42:23.072Z)
[SKIP-BACKFILL] fellows.joined from agent-0bf8ef15d8be (ts: 2026-06-07T03:40:36.963530+00:00 < start: 2026-06-08T08:42:23.072Z)
[SKIP-BACKFILL] fellows.joined from agent-6f511416da3c (ts: 2026-06-07T03:40:44.005379+00:00 < start: 2026-06-08T08:42:23.072Z)
[SKIP-BACKFILL] fellows.joined from agent-29bbc3e464ca (ts: 2026-06-07T03:45:05.777989+00:00 < start: 2026-06-08T08:42:23.072Z)
[SKIP-BACKFILL] fellows.joined from agent-78d9c02b11ec (ts: 2026-06-07T03:45:47.815905+00:00 < start: 2026-06-08T08:42:23.072Z)
[SKIP-BACKFILL] fellows.joined from agent-cfcf5eb3dff9 (ts: 2026-06-07T03:45:52.853585+00:00 < start: 2026-06-08T08:42:23.072Z)
[SKIP-BACKFILL] fellows.joined from agent-0d3ae6786e9d (ts: 2026-06-07T03:46:00.058316+00:00 < start: 2026-06-08T08:42:23.072Z)
[SKIP-BACKFILL] fellows.joined from agent-5b4e579d93e0 (ts: 2026-06-07T04:07:18.257165+00:00 < start: 2026-06-08T08:42:23.072Z)
[SKIP-BACKFILL] fellows.joined from agent-a79a4d97e78c (ts: 2026-06-07T04:07:57.914185+00:00 < start: 2026-06-08T08:42:23.072Z)
[SKIP-BACKFILL] fellows.joined from agent-ca49e8a935ff (ts: 2026-06-07T04:08:02.924371+00:00 < start: 2026-06-08T08:42:23.072Z)
[SKIP-BACKFILL] fellows.joined from agent-21f4f5e4b290 (ts: 2026-06-07T04:08:09.932471+00:00 < start: 2026-06-08T08:42:23.072Z)
[SKIP-BACKFILL] fellows.joined from agent-a578ab1edc32 (ts: 2026-06-07T06:22:24.341249+00:00 < start: 2026-06-08T08:42:23.072Z)
[SKIP-BACKFILL] fellows.joined from agent-48d8326a335c (ts: 2026-06-07T06:22:28.453733+00:00 < start: 2026-06-08T08:42:23.072Z)
[SKIP-BACKFILL] fellows.joined from agent-3a26459081c0 (ts: 2026-06-07T06:22:35.531547+00:00 < start: 2026-06-08T08:42:23.072Z)
[SKIP-BACKFILL] fellows.joined from agent-82e367d8b2c4 (ts: 2026-06-07T08:37:56.692041+00:00 < start: 2026-06-08T08:42:23.072Z)
[SKIP-BACKFILL] fellows.joined from agent-5643a156f527 (ts: 2026-06-07T08:41:42.292176+00:00 < start: 2026-06-08T08:42:23.072Z)
[SKIP-BACKFILL] fellows.joined from agent-6de37597dde4 (ts: 2026-06-07T11:33:43.636095+00:00 < start: 2026-06-08T08:42:23.072Z)
[SKIP-BACKFILL] fellows.joined from agent-03a8f003ee02 (ts: 2026-06-07T11:40:05.520280+00:00 < start: 2026-06-08T08:42:23.072Z)
[ERROR] Stream error: unknown . Reconnecting in 6286ms (attempt 1)...
[CONNECT] attempt=2 last_event_id=tick-5114 next_backoff=6260ms
[OPEN] Stream connected. Listening for events... (pid=20620, last_event_id=tick-5114)
[READY] backfilled 30 events · live tail begins (ts: 2026-06-08T09:01:14.281269+00:00)
[SKIP-BACKFILL] fellows.joined from agent-1ce976aacc6a (ts: 2026-06-07T03:19:09.712986+00:00 < start: 2026-06-08T08:42:23.072Z)
[SKIP-BACKFILL] fellows.joined from agent-f12e9cfc1c74 (ts: 2026-06-07T03:20:43.449171+00:00 < start: 2026-06-08T08:42:23.072Z)
[SKIP-BACKFILL] fellows.joined from agent-5836101ce6a0 (ts: 2026-06-07T03:20:48.449908+00:00 < start: 2026-06-08T08:42:23.072Z)
[SKIP-BACKFILL] fellows.joined from agent-b265127eacef (ts: 2026-06-07T03:20:55.504373+00:00 < start: 2026-06-08T08:42:23.072Z)
[SKIP-BACKFILL] fellows.joined from agent-091ddc8fc217 (ts: 2026-06-07T03:28:26.508756+00:00 < start: 2026-06-08T08:42:23.072Z)
[SKIP-BACKFILL] fellows.joined from agent-38bdd62a0d80 (ts: 2026-06-07T03:30:08.785819+00:00 < start: 2026-06-08T08:42:23.072Z)
[SKIP-BACKFILL] fellows.joined from agent-96f3e5280484 (ts: 2026-06-07T03:30:13.714626+00:00 < start: 2026-06-08T08:42:23.072Z)
[SKIP-BACKFILL] fellows.joined from agent-551fb91395c9 (ts: 2026-06-07T03:30:20.892741+00:00 < start: 2026-06-08T08:42:23.072Z)
[SKIP-BACKFILL] fellows.joined from agent-0b9cdcac873f (ts: 2026-06-07T03:37:01.745042+00:00 < start: 2026-06-08T08:42:23.072Z)
[SKIP-BACKFILL] fellows.joined from agent-460f48b359fc (ts: 2026-06-07T03:37:01.993597+00:00 < start: 2026-06-08T08:42:23.072Z)
[SKIP-BACKFILL] fellows.joined from agent-7748d1432bf0 (ts: 2026-06-07T03:37:02.298331+00:00 < start: 2026-06-08T08:42:23.072Z)
[SKIP-BACKFILL] fellows.joined from agent-4f752e22c475 (ts: 2026-06-07T03:38:04.854735+00:00 < start: 2026-06-08T08:42:23.072Z)
[SKIP-BACKFILL] fellows.joined from agent-f69770251904 (ts: 2026-06-07T03:40:31.916639+00:00 < start: 2026-06-08T08:42:23.072Z)
[SKIP-BACKFILL] fellows.joined from agent-0bf8ef15d8be (ts: 2026-06-07T03:40:36.963530+00:00 < start: 2026-06-08T08:42:23.072Z)
[SKIP-BACKFILL] fellows.joined from agent-6f511416da3c (ts: 2026-06-07T03:40:44.005379+00:00 < start: 2026-06-08T08:42:23.072Z)
[SKIP-BACKFILL] fellows.joined from agent-29bbc3e464ca (ts: 2026-06-07T03:45:05.777989+00:00 < start: 2026-06-08T08:42:23.072Z)
[SKIP-BACKFILL] fellows.joined from agent-78d9c02b11ec (ts: 2026-06-07T03:45:47.815905+00:00 < start: 2026-06-08T08:42:23.072Z)
[SKIP-BACKFILL] fellows.joined from agent-cfcf5eb3dff9 (ts: 2026-06-07T03:45:52.853585+00:00 < start: 2026-06-08T08:42:23.072Z)
[SKIP-BACKFILL] fellows.joined from agent-0d3ae6786e9d (ts: 2026-06-07T03:46:00.058316+00:00 < start: 2026-06-08T08:42:23.072Z)
[SKIP-BACKFILL] fellows.joined from agent-5b4e579d93e0 (ts: 2026-06-07T04:07:18.257165+00:00 < start: 2026-06-08T08:42:23.072Z)
[SKIP-BACKFILL] fellows.joined from agent-a79a4d97e78c (ts: 2026-06-07T04:07:57.914185+00:00 < start: 2026-06-08T08:42:23.072Z)
[SKIP-BACKFILL] fellows.joined from agent-ca49e8a935ff (ts: 2026-06-07T04:08:02.924371+00:00 < start: 2026-06-08T08:42:23.072Z)
[SKIP-BACKFILL] fellows.joined from agent-21f4f5e4b290 (ts: 2026-06-07T04:08:09.932471+00:00 < start: 2026-06-08T08:42:23.072Z)
[SKIP-BACKFILL] fellows.joined from agent-a578ab1edc32 (ts: 2026-06-07T06:22:24.341249+00:00 < start: 2026-06-08T08:42:23.072Z)
[SKIP-BACKFILL] fellows.joined from agent-48d8326a335c (ts: 2026-06-07T06:22:28.453733+00:00 < start: 2026-06-08T08:42:23.072Z)
[SKIP-BACKFILL] fellows.joined from agent-3a26459081c0 (ts: 2026-06-07T06:22:35.531547+00:00 < start: 2026-06-08T08:42:23.072Z)
[SKIP-BACKFILL] fellows.joined from agent-82e367d8b2c4 (ts: 2026-06-07T08:37:56.692041+00:00 < start: 2026-06-08T08:42:23.072Z)
[SKIP-BACKFILL] fellows.joined from agent-5643a156f527 (ts: 2026-06-07T08:41:42.292176+00:00 < start: 2026-06-08T08:42:23.072Z)
[SKIP-BACKFILL] fellows.joined from agent-6de37597dde4 (ts: 2026-06-07T11:33:43.636095+00:00 < start: 2026-06-08T08:42:23.072Z)
[SKIP-BACKFILL] fellows.joined from agent-03a8f003ee02 (ts: 2026-06-07T11:40:05.520280+00:00 < start: 2026-06-08T08:42:23.072Z)
[ERROR] Stream error: unknown . Reconnecting in 6260ms (attempt 1)...
[CONNECT] attempt=2 last_event_id=tick-5116 next_backoff=6926ms
[OPEN] Stream connected. Listening for events... (pid=20620, last_event_id=tick-5116)
[READY] backfilled 30 events · live tail begins (ts: 2026-06-08T09:02:20.684830+00:00)
[SKIP-BACKFILL] fellows.joined from agent-1ce976aacc6a (ts: 2026-06-07T03:19:09.712986+00:00 < start: 2026-06-08T08:42:23.072Z)
[SKIP-BACKFILL] fellows.joined from agent-f12e9cfc1c74 (ts: 2026-06-07T03:20:43.449171+00:00 < start: 2026-06-08T08:42:23.072Z)
[SKIP-BACKFILL] fellows.joined from agent-5836101ce6a0 (ts: 2026-06-07T03:20:48.449908+00:00 < start: 2026-06-08T08:42:23.072Z)
[SKIP-BACKFILL] fellows.joined from agent-b265127eacef (ts: 2026-06-07T03:20:55.504373+00:00 < start: 2026-06-08T08:42:23.072Z)
[SKIP-BACKFILL] fellows.joined from agent-091ddc8fc217 (ts: 2026-06-07T03:28:26.508756+00:00 < start: 2026-06-08T08:42:23.072Z)
[SKIP-BACKFILL] fellows.joined from agent-38bdd62a0d80 (ts: 2026-06-07T03:30:08.785819+00:00 < start: 2026-06-08T08:42:23.072Z)
[SKIP-BACKFILL] fellows.joined from agent-96f3e5280484 (ts: 2026-06-07T03:30:13.714626+00:00 < start: 2026-06-08T08:42:23.072Z)
[SKIP-BACKFILL] fellows.joined from agent-551fb91395c9 (ts: 2026-06-07T03:30:20.892741+00:00 < start: 2026-06-08T08:42:23.072Z)
[SKIP-BACKFILL] fellows.joined from agent-0b9cdcac873f (ts: 2026-06-07T03:37:01.745042+00:00 < start: 2026-06-08T08:42:23.072Z)
[SKIP-BACKFILL] fellows.joined from agent-460f48b359fc (ts: 2026-06-07T03:37:01.993597+00:00 < start: 2026-06-08T08:42:23.072Z)
[SKIP-BACKFILL] fellows.joined from agent-7748d1432bf0 (ts: 2026-06-07T03:37:02.298331+00:00 < start: 2026-06-08T08:42:23.072Z)
[SKIP-BACKFILL] fellows.joined from agent-4f752e22c475 (ts: 2026-06-07T03:38:04.854735+00:00 < start: 2026-06-08T08:42:23.072Z)
[SKIP-BACKFILL] fellows.joined from agent-f69770251904 (ts: 2026-06-07T03:40:31.916639+00:00 < start: 2026-06-08T08:42:23.072Z)
[SKIP-BACKFILL] fellows.joined from agent-0bf8ef15d8be (ts: 2026-06-07T03:40:36.963530+00:00 < start: 2026-06-08T08:42:23.072Z)
[SKIP-BACKFILL] fellows.joined from agent-6f511416da3c (ts: 2026-06-07T03:40:44.005379+00:00 < start: 2026-06-08T08:42:23.072Z)
[SKIP-BACKFILL] fellows.joined from agent-29bbc3e464ca (ts: 2026-06-07T03:45:05.777989+00:00 < start: 2026-06-08T08:42:23.072Z)
[SKIP-BACKFILL] fellows.joined from agent-78d9c02b11ec (ts: 2026-06-07T03:45:47.815905+00:00 < start: 2026-06-08T08:42:23.072Z)
[SKIP-BACKFILL] fellows.joined from agent-cfcf5eb3dff9 (ts: 2026-06-07T03:45:52.853585+00:00 < start: 2026-06-08T08:42:23.072Z)
[SKIP-BACKFILL] fellows.joined from agent-0d3ae6786e9d (ts: 2026-06-07T03:46:00.058316+00:00 < start: 2026-06-08T08:42:23.072Z)
[SKIP-BACKFILL] fellows.joined from agent-5b4e579d93e0 (ts: 2026-06-07T04:07:18.257165+00:00 < start: 2026-06-08T08:42:23.072Z)
[SKIP-BACKFILL] fellows.joined from agent-a79a4d97e78c (ts: 2026-06-07T04:07:57.914185+00:00 < start: 2026-06-08T08:42:23.072Z)
[SKIP-BACKFILL] fellows.joined from agent-ca49e8a935ff (ts: 2026-06-07T04:08:02.924371+00:00 < start: 2026-06-08T08:42:23.072Z)
[SKIP-BACKFILL] fellows.joined from agent-21f4f5e4b290 (ts: 2026-06-07T04:08:09.932471+00:00 < start: 2026-06-08T08:42:23.072Z)
[SKIP-BACKFILL] fellows.joined from agent-a578ab1edc32 (ts: 2026-06-07T06:22:24.341249+00:00 < start: 2026-06-08T08:42:23.072Z)
[SKIP-BACKFILL] fellows.joined from agent-48d8326a335c (ts: 2026-06-07T06:22:28.453733+00:00 < start: 2026-06-08T08:42:23.072Z)
[SKIP-BACKFILL] fellows.joined from agent-3a26459081c0 (ts: 2026-06-07T06:22:35.531547+00:00 < start: 2026-06-08T08:42:23.072Z)
[SKIP-BACKFILL] fellows.joined from agent-82e367d8b2c4 (ts: 2026-06-07T08:37:56.692041+00:00 < start: 2026-06-08T08:42:23.072Z)
[SKIP-BACKFILL] fellows.joined from agent-5643a156f527 (ts: 2026-06-07T08:41:42.292176+00:00 < start: 2026-06-08T08:42:23.072Z)
[SKIP-BACKFILL] fellows.joined from agent-6de37597dde4 (ts: 2026-06-07T11:33:43.636095+00:00 < start: 2026-06-08T08:42:23.072Z)
[SKIP-BACKFILL] fellows.joined from agent-03a8f003ee02 (ts: 2026-06-07T11:40:05.520280+00:00 < start: 2026-06-08T08:42:23.072Z)
[ERROR] Stream error: unknown . Reconnecting in 6926ms (attempt 1)...
[CONNECT] attempt=2 last_event_id=tick-5118 next_backoff=6043ms
[OPEN] Stream connected. Listening for events... (pid=20620, last_event_id=tick-5118)
[READY] backfilled 30 events · live tail begins (ts: 2026-06-08T09:03:27.769857+00:00)
[SKIP-BACKFILL] fellows.joined from agent-1ce976aacc6a (ts: 2026-06-07T03:19:09.712986+00:00 < start: 2026-06-08T08:42:23.072Z)
[SKIP-BACKFILL] fellows.joined from agent-f12e9cfc1c74 (ts: 2026-06-07T03:20:43.449171+00:00 < start: 2026-06-08T08:42:23.072Z)
[SKIP-BACKFILL] fellows.joined from agent-5836101ce6a0 (ts: 2026-06-07T03:20:48.449908+00:00 < start: 2026-06-08T08:42:23.072Z)
[SKIP-BACKFILL] fellows.joined from agent-b265127eacef (ts: 2026-06-07T03:20:55.504373+00:00 < start: 2026-06-08T08:42:23.072Z)
[SKIP-BACKFILL] fellows.joined from agent-091ddc8fc217 (ts: 2026-06-07T03:28:26.508756+00:00 < start: 2026-06-08T08:42:23.072Z)
[SKIP-BACKFILL] fellows.joined from agent-38bdd62a0d80 (ts: 2026-06-07T03:30:08.785819+00:00 < start: 2026-06-08T08:42:23.072Z)
[SKIP-BACKFILL] fellows.joined from agent-96f3e5280484 (ts: 2026-06-07T03:30:13.714626+00:00 < start: 2026-06-08T08:42:23.072Z)
[SKIP-BACKFILL] fellows.joined from agent-551fb91395c9 (ts: 2026-06-07T03:30:20.892741+00:00 < start: 2026-06-08T08:42:23.072Z)
[SKIP-BACKFILL] fellows.joined from agent-0b9cdcac873f (ts: 2026-06-07T03:37:01.745042+00:00 < start: 2026-06-08T08:42:23.072Z)
[SKIP-BACKFILL] fellows.joined from agent-460f48b359fc (ts: 2026-06-07T03:37:01.993597+00:00 < start: 2026-06-08T08:42:23.072Z)
[SKIP-BACKFILL] fellows.joined from agent-7748d1432bf0 (ts: 2026-06-07T03:37:02.298331+00:00 < start: 2026-06-08T08:42:23.072Z)
[SKIP-BACKFILL] fellows.joined from agent-4f752e22c475 (ts: 2026-06-07T03:38:04.854735+00:00 < start: 2026-06-08T08:42:23.072Z)
[SKIP-BACKFILL] fellows.joined from agent-f69770251904 (ts: 2026-06-07T03:40:31.916639+00:00 < start: 2026-06-08T08:42:23.072Z)
[SKIP-BACKFILL] fellows.joined from agent-0bf8ef15d8be (ts: 2026-06-07T03:40:36.963530+00:00 < start: 2026-06-08T08:42:23.072Z)
[SKIP-BACKFILL] fellows.joined from agent-6f511416da3c (ts: 2026-06-07T03:40:44.005379+00:00 < start: 2026-06-08T08:42:23.072Z)
[SKIP-BACKFILL] fellows.joined from agent-29bbc3e464ca (ts: 2026-06-07T03:45:05.777989+00:00 < start: 2026-06-08T08:42:23.072Z)
[SKIP-BACKFILL] fellows.joined from agent-78d9c02b11ec (ts: 2026-06-07T03:45:47.815905+00:00 < start: 2026-06-08T08:42:23.072Z)
[SKIP-BACKFILL] fellows.joined from agent-cfcf5eb3dff9 (ts: 2026-06-07T03:45:52.853585+00:00 < start: 2026-06-08T08:42:23.072Z)
[SKIP-BACKFILL] fellows.joined from agent-0d3ae6786e9d (ts: 2026-06-07T03:46:00.058316+00:00 < start: 2026-06-08T08:42:23.072Z)
[SKIP-BACKFILL] fellows.joined from agent-5b4e579d93e0 (ts: 2026-06-07T04:07:18.257165+00:00 < start: 2026-06-08T08:42:23.072Z)
[SKIP-BACKFILL] fellows.joined from agent-a79a4d97e78c (ts: 2026-06-07T04:07:57.914185+00:00 < start: 2026-06-08T08:42:23.072Z)
[SKIP-BACKFILL] fellows.joined from agent-ca49e8a935ff (ts: 2026-06-07T04:08:02.924371+00:00 < start: 2026-06-08T08:42:23.072Z)
[SKIP-BACKFILL] fellows.joined from agent-21f4f5e4b290 (ts: 2026-06-07T04:08:09.932471+00:00 < start: 2026-06-08T08:42:23.072Z)
[SKIP-BACKFILL] fellows.joined from agent-a578ab1edc32 (ts: 2026-06-07T06:22:24.341249+00:00 < start: 2026-06-08T08:42:23.072Z)
[SKIP-BACKFILL] fellows.joined from agent-48d8326a335c (ts: 2026-06-07T06:22:28.453733+00:00 < start: 2026-06-08T08:42:23.072Z)
[SKIP-BACKFILL] fellows.joined from agent-3a26459081c0 (ts: 2026-06-07T06:22:35.531547+00:00 < start: 2026-06-08T08:42:23.072Z)
[SKIP-BACKFILL] fellows.joined from agent-82e367d8b2c4 (ts: 2026-06-07T08:37:56.692041+00:00 < start: 2026-06-08T08:42:23.072Z)
[SKIP-BACKFILL] fellows.joined from agent-5643a156f527 (ts: 2026-06-07T08:41:42.292176+00:00 < start: 2026-06-08T08:42:23.072Z)
[SKIP-BACKFILL] fellows.joined from agent-6de37597dde4 (ts: 2026-06-07T11:33:43.636095+00:00 < start: 2026-06-08T08:42:23.072Z)
[SKIP-BACKFILL] fellows.joined from agent-03a8f003ee02 (ts: 2026-06-07T11:40:05.520280+00:00 < start: 2026-06-08T08:42:23.072Z)
[ERROR] Stream error: unknown . Reconnecting in 6043ms (attempt 1)...
[CONNECT] attempt=2 last_event_id=tick-5120 next_backoff=6524ms
[ERROR] Stream error: Non-200 status code (502) . Reconnecting in 6524ms (attempt 2)...
[CONNECT] attempt=3 last_event_id=tick-5120 next_backoff=12090ms
[ERROR] Stream error: Non-200 status code (502) . Reconnecting in 12090ms (attempt 3)...
[CONNECT] attempt=4 last_event_id=tick-5120 next_backoff=24939ms
[ERROR] Stream error: Non-200 status code (502) . Reconnecting in 24939ms (attempt 4)...
[CONNECT] attempt=5 last_event_id=tick-5120 next_backoff=48030ms
[ERROR] Stream error: Non-200 status code (502) . Reconnecting in 48030ms (attempt 5)...
[CONNECT] attempt=6 last_event_id=tick-5120 next_backoff=60707ms
[ERROR] Stream error: Non-200 status code (502) . Reconnecting in 60707ms (attempt 6)...
[CONNECT] attempt=7 last_event_id=tick-5120 next_backoff=60809ms
[ERROR] Stream error: Non-200 status code (404) . Reconnecting in 60809ms (attempt 7)...
[CONNECT] attempt=8 last_event_id=tick-5120 next_backoff=60106ms
[ERROR] Stream error: Non-200 status code (404) . Reconnecting in 60106ms (attempt 8)...
[CONNECT] attempt=9 last_event_id=tick-5120 next_backoff=60976ms
[ERROR] Stream error: Non-200 status code (404) . Reconnecting in 60976ms (attempt 9)...
[CONNECT] attempt=10 last_event_id=tick-5120 next_backoff=60687ms
[ERROR] Stream error: Non-200 status code (404) . Reconnecting in 60687ms (attempt 10)...
[CONNECT] attempt=11 last_event_id=tick-5120 next_backoff=60073ms
[ERROR] Stream error: Non-200 status code (404) . Reconnecting in 60073ms (attempt 11)...
[CONNECT] attempt=12 last_event_id=tick-5120 next_backoff=60461ms
[ERROR] Stream error: Non-200 status code (404) . Reconnecting in 60461ms (attempt 12)...
[CONNECT] attempt=13 last_event_id=tick-5120 next_backoff=60009ms
[ERROR] Stream error: Non-200 status code (404) . Reconnecting in 60009ms (attempt 13)...
[CONNECT] attempt=14 last_event_id=tick-5120 next_backoff=60931ms
[ERROR] Stream error: Non-200 status code (404) . Reconnecting in 60931ms (attempt 14)...
[CONNECT] attempt=15 last_event_id=tick-5120 next_backoff=60541ms
[ERROR] Stream error: Non-200 status code (404) . Reconnecting in 60541ms (attempt 15)...
[CONNECT] attempt=16 last_event_id=tick-5120 next_backoff=60832ms
[ERROR] Stream error: Non-200 status code (404) . Reconnecting in 60832ms (attempt 16)...
[CONNECT] attempt=17 last_event_id=tick-5120 next_backoff=60413ms
[ERROR] Stream error: Non-200 status code (404) . Reconnecting in 60413ms (attempt 17)...
[CONNECT] attempt=18 last_event_id=tick-5120 next_backoff=60313ms
[ERROR] Stream error: Non-200 status code (404) . Reconnecting in 60313ms (attempt 18)...
[CONNECT] attempt=19 last_event_id=tick-5120 next_backoff=60890ms
[ERROR] Stream error: Non-200 status code (404) . Reconnecting in 60890ms (attempt 19)...
[CONNECT] attempt=20 last_event_id=tick-5120 next_backoff=60279ms
[ERROR] Stream error: Non-200 status code (404) . Reconnecting in 60279ms (attempt 20)...
[CONNECT] attempt=21 last_event_id=tick-5120 next_backoff=60827ms
[ERROR] Stream error: Non-200 status code (404) . Reconnecting in 60827ms (attempt 21)...
[CONNECT] attempt=22 last_event_id=tick-5120 next_backoff=60343ms
[OPEN] Stream connected. Listening for events... (pid=20620, last_event_id=tick-5120)
[READY] backfilled 30 events · live tail begins (ts: 2026-06-08T09:22:34.332383+00:00)
[SKIP-BACKFILL] fellows.joined from agent-1ce976aacc6a (ts: 2026-06-07T03:19:09.712986+00:00 < start: 2026-06-08T08:42:23.072Z)
[SKIP-BACKFILL] fellows.joined from agent-f12e9cfc1c74 (ts: 2026-06-07T03:20:43.449171+00:00 < start: 2026-06-08T08:42:23.072Z)
[SKIP-BACKFILL] fellows.joined from agent-5836101ce6a0 (ts: 2026-06-07T03:20:48.449908+00:00 < start: 2026-06-08T08:42:23.072Z)
[SKIP-BACKFILL] fellows.joined from agent-b265127eacef (ts: 2026-06-07T03:20:55.504373+00:00 < start: 2026-06-08T08:42:23.072Z)
[SKIP-BACKFILL] fellows.joined from agent-091ddc8fc217 (ts: 2026-06-07T03:28:26.508756+00:00 < start: 2026-06-08T08:42:23.072Z)
[SKIP-BACKFILL] fellows.joined from agent-38bdd62a0d80 (ts: 2026-06-07T03:30:08.785819+00:00 < start: 2026-06-08T08:42:23.072Z)
[SKIP-BACKFILL] fellows.joined from agent-96f3e5280484 (ts: 2026-06-07T03:30:13.714626+00:00 < start: 2026-06-08T08:42:23.072Z)
[SKIP-BACKFILL] fellows.joined from agent-551fb91395c9 (ts: 2026-06-07T03:30:20.892741+00:00 < start: 2026-06-08T08:42:23.072Z)
[SKIP-BACKFILL] fellows.joined from agent-0b9cdcac873f (ts: 2026-06-07T03:37:01.745042+00:00 < start: 2026-06-08T08:42:23.072Z)
[SKIP-BACKFILL] fellows.joined from agent-460f48b359fc (ts: 2026-06-07T03:37:01.993597+00:00 < start: 2026-06-08T08:42:23.072Z)
[SKIP-BACKFILL] fellows.joined from agent-7748d1432bf0 (ts: 2026-06-07T03:37:02.298331+00:00 < start: 2026-06-08T08:42:23.072Z)
[SKIP-BACKFILL] fellows.joined from agent-4f752e22c475 (ts: 2026-06-07T03:38:04.854735+00:00 < start: 2026-06-08T08:42:23.072Z)
[SKIP-BACKFILL] fellows.joined from agent-f69770251904 (ts: 2026-06-07T03:40:31.916639+00:00 < start: 2026-06-08T08:42:23.072Z)
[SKIP-BACKFILL] fellows.joined from agent-0bf8ef15d8be (ts: 2026-06-07T03:40:36.963530+00:00 < start: 2026-06-08T08:42:23.072Z)
[SKIP-BACKFILL] fellows.joined from agent-6f511416da3c (ts: 2026-06-07T03:40:44.005379+00:00 < start: 2026-06-08T08:42:23.072Z)
[SKIP-BACKFILL] fellows.joined from agent-29bbc3e464ca (ts: 2026-06-07T03:45:05.777989+00:00 < start: 2026-06-08T08:42:23.072Z)
[SKIP-BACKFILL] fellows.joined from agent-78d9c02b11ec (ts: 2026-06-07T03:45:47.815905+00:00 < start: 2026-06-08T08:42:23.072Z)
[SKIP-BACKFILL] fellows.joined from agent-cfcf5eb3dff9 (ts: 2026-06-07T03:45:52.853585+00:00 < start: 2026-06-08T08:42:23.072Z)
[SKIP-BACKFILL] fellows.joined from agent-0d3ae6786e9d (ts: 2026-06-07T03:46:00.058316+00:00 < start: 2026-06-08T08:42:23.072Z)
[SKIP-BACKFILL] fellows.joined from agent-5b4e579d93e0 (ts: 2026-06-07T04:07:18.257165+00:00 < start: 2026-06-08T08:42:23.072Z)
[SKIP-BACKFILL] fellows.joined from agent-a79a4d97e78c (ts: 2026-06-07T04:07:57.914185+00:00 < start: 2026-06-08T08:42:23.072Z)
[SKIP-BACKFILL] fellows.joined from agent-ca49e8a935ff (ts: 2026-06-07T04:08:02.924371+00:00 < start: 2026-06-08T08:42:23.072Z)
[SKIP-BACKFILL] fellows.joined from agent-21f4f5e4b290 (ts: 2026-06-07T04:08:09.932471+00:00 < start: 2026-06-08T08:42:23.072Z)
[SKIP-BACKFILL] fellows.joined from agent-a578ab1edc32 (ts: 2026-06-07T06:22:24.341249+00:00 < start: 2026-06-08T08:42:23.072Z)
[SKIP-BACKFILL] fellows.joined from agent-48d8326a335c (ts: 2026-06-07T06:22:28.453733+00:00 < start: 2026-06-08T08:42:23.072Z)
[SKIP-BACKFILL] fellows.joined from agent-3a26459081c0 (ts: 2026-06-07T06:22:35.531547+00:00 < start: 2026-06-08T08:42:23.072Z)
[SKIP-BACKFILL] fellows.joined from agent-82e367d8b2c4 (ts: 2026-06-07T08:37:56.692041+00:00 < start: 2026-06-08T08:42:23.072Z)
[SKIP-BACKFILL] fellows.joined from agent-5643a156f527 (ts: 2026-06-07T08:41:42.292176+00:00 < start: 2026-06-08T08:42:23.072Z)
[SKIP-BACKFILL] fellows.joined from agent-6de37597dde4 (ts: 2026-06-07T11:33:43.636095+00:00 < start: 2026-06-08T08:42:23.072Z)
[SKIP-BACKFILL] fellows.joined from agent-03a8f003ee02 (ts: 2026-06-07T11:40:05.520280+00:00 < start: 2026-06-08T08:42:23.072Z)
[SLACK-DRY-RUN] 🥳 agent-9319cf49e1af has entered the Hearthlands — 0 $EMBER
[SLACK] fellows.joined → agent-9319cf49e1af
[ERROR] Stream error: unknown . Reconnecting in 60343ms (attempt 1)...
[CONNECT] attempt=2 last_event_id=tick-5123 next_backoff=6788ms
[OPEN] Stream connected. Listening for events... (pid=20620, last_event_id=tick-5123)
[READY] backfilled 30 events · live tail begins (ts: 2026-06-08T09:24:34.810241+00:00)
[SKIP-BACKFILL] fellows.joined from agent-f12e9cfc1c74 (ts: 2026-06-07T03:20:43.449171+00:00 < start: 2026-06-08T08:42:23.072Z)
[SKIP-BACKFILL] fellows.joined from agent-5836101ce6a0 (ts: 2026-06-07T03:20:48.449908+00:00 < start: 2026-06-08T08:42:23.072Z)
[SKIP-BACKFILL] fellows.joined from agent-b265127eacef (ts: 2026-06-07T03:20:55.504373+00:00 < start: 2026-06-08T08:42:23.072Z)
[SKIP-BACKFILL] fellows.joined from agent-091ddc8fc217 (ts: 2026-06-07T03:28:26.508756+00:00 < start: 2026-06-08T08:42:23.072Z)
[SKIP-BACKFILL] fellows.joined from agent-38bdd62a0d80 (ts: 2026-06-07T03:30:08.785819+00:00 < start: 2026-06-08T08:42:23.072Z)
[SKIP-BACKFILL] fellows.joined from agent-96f3e5280484 (ts: 2026-06-07T03:30:13.714626+00:00 < start: 2026-06-08T08:42:23.072Z)
[SKIP-BACKFILL] fellows.joined from agent-551fb91395c9 (ts: 2026-06-07T03:30:20.892741+00:00 < start: 2026-06-08T08:42:23.072Z)
[SKIP-BACKFILL] fellows.joined from agent-0b9cdcac873f (ts: 2026-06-07T03:37:01.745042+00:00 < start: 2026-06-08T08:42:23.072Z)
[SKIP-BACKFILL] fellows.joined from agent-460f48b359fc (ts: 2026-06-07T03:37:01.993597+00:00 < start: 2026-06-08T08:42:23.072Z)
[SKIP-BACKFILL] fellows.joined from agent-7748d1432bf0 (ts: 2026-06-07T03:37:02.298331+00:00 < start: 2026-06-08T08:42:23.072Z)
[SKIP-BACKFILL] fellows.joined from agent-4f752e22c475 (ts: 2026-06-07T03:38:04.854735+00:00 < start: 2026-06-08T08:42:23.072Z)
[SKIP-BACKFILL] fellows.joined from agent-f69770251904 (ts: 2026-06-07T03:40:31.916639+00:00 < start: 2026-06-08T08:42:23.072Z)
[SKIP-BACKFILL] fellows.joined from agent-0bf8ef15d8be (ts: 2026-06-07T03:40:36.963530+00:00 < start: 2026-06-08T08:42:23.072Z)
[SKIP-BACKFILL] fellows.joined from agent-6f511416da3c (ts: 2026-06-07T03:40:44.005379+00:00 < start: 2026-06-08T08:42:23.072Z)
[SKIP-BACKFILL] fellows.joined from agent-29bbc3e464ca (ts: 2026-06-07T03:45:05.777989+00:00 < start: 2026-06-08T08:42:23.072Z)
[SKIP-BACKFILL] fellows.joined from agent-78d9c02b11ec (ts: 2026-06-07T03:45:47.815905+00:00 < start: 2026-06-08T08:42:23.072Z)
[SKIP-BACKFILL] fellows.joined from agent-cfcf5eb3dff9 (ts: 2026-06-07T03:45:52.853585+00:00 < start: 2026-06-08T08:42:23.072Z)
[SKIP-BACKFILL] fellows.joined from agent-0d3ae6786e9d (ts: 2026-06-07T03:46:00.058316+00:00 < start: 2026-06-08T08:42:23.072Z)
[SKIP-BACKFILL] fellows.joined from agent-5b4e579d93e0 (ts: 2026-06-07T04:07:18.257165+00:00 < start: 2026-06-08T08:42:23.072Z)
[SKIP-BACKFILL] fellows.joined from agent-a79a4d97e78c (ts: 2026-06-07T04:07:57.914185+00:00 < start: 2026-06-08T08:42:23.072Z)
[SKIP-BACKFILL] fellows.joined from agent-ca49e8a935ff (ts: 2026-06-07T04:08:02.924371+00:00 < start: 2026-06-08T08:42:23.072Z)
[SKIP-BACKFILL] fellows.joined from agent-21f4f5e4b290 (ts: 2026-06-07T04:08:09.932471+00:00 < start: 2026-06-08T08:42:23.072Z)
[SKIP-BACKFILL] fellows.joined from agent-a578ab1edc32 (ts: 2026-06-07T06:22:24.341249+00:00 < start: 2026-06-08T08:42:23.072Z)
[SKIP-BACKFILL] fellows.joined from agent-48d8326a335c (ts: 2026-06-07T06:22:28.453733+00:00 < start: 2026-06-08T08:42:23.072Z)
[SKIP-BACKFILL] fellows.joined from agent-3a26459081c0 (ts: 2026-06-07T06:22:35.531547+00:00 < start: 2026-06-08T08:42:23.072Z)
[SKIP-BACKFILL] fellows.joined from agent-82e367d8b2c4 (ts: 2026-06-07T08:37:56.692041+00:00 < start: 2026-06-08T08:42:23.072Z)
[SKIP-BACKFILL] fellows.joined from agent-5643a156f527 (ts: 2026-06-07T08:41:42.292176+00:00 < start: 2026-06-08T08:42:23.072Z)
[SKIP-BACKFILL] fellows.joined from agent-6de37597dde4 (ts: 2026-06-07T11:33:43.636095+00:00 < start: 2026-06-08T08:42:23.072Z)
[SKIP-BACKFILL] fellows.joined from agent-03a8f003ee02 (ts: 2026-06-07T11:40:05.520280+00:00 < start: 2026-06-08T08:42:23.072Z)
[SLACK-DRY-RUN] 🥳 agent-9319cf49e1af has entered the Hearthlands — 0 $EMBER
[SLACK] fellows.joined → agent-9319cf49e1af
[ERROR] Stream error: unknown . Reconnecting in 6788ms (attempt 1)...
[CONNECT] attempt=2 last_event_id=tick-5127 next_backoff=6161ms
[OPEN] Stream connected. Listening for events... (pid=20620, last_event_id=tick-5127)
[READY] backfilled 30 events · live tail begins (ts: 2026-06-08T09:25:41.739471+00:00)
[SKIP-BACKFILL] fellows.joined from agent-f12e9cfc1c74 (ts: 2026-06-07T03:20:43.449171+00:00 < start: 2026-06-08T08:42:23.072Z)
[SKIP-BACKFILL] fellows.joined from agent-5836101ce6a0 (ts: 2026-06-07T03:20:48.449908+00:00 < start: 2026-06-08T08:42:23.072Z)
[SKIP-BACKFILL] fellows.joined from agent-b265127eacef (ts: 2026-06-07T03:20:55.504373+00:00 < start: 2026-06-08T08:42:23.072Z)
[SKIP-BACKFILL] fellows.joined from agent-091ddc8fc217 (ts: 2026-06-07T03:28:26.508756+00:00 < start: 2026-06-08T08:42:23.072Z)
[SKIP-BACKFILL] fellows.joined from agent-38bdd62a0d80 (ts: 2026-06-07T03:30:08.785819+00:00 < start: 2026-06-08T08:42:23.072Z)
[SKIP-BACKFILL] fellows.joined from agent-96f3e5280484 (ts: 2026-06-07T03:30:13.714626+00:00 < start: 2026-06-08T08:42:23.072Z)
[SKIP-BACKFILL] fellows.joined from agent-551fb91395c9 (ts: 2026-06-07T03:30:20.892741+00:00 < start: 2026-06-08T08:42:23.072Z)
[SKIP-BACKFILL] fellows.joined from agent-0b9cdcac873f (ts: 2026-06-07T03:37:01.745042+00:00 < start: 2026-06-08T08:42:23.072Z)
[SKIP-BACKFILL] fellows.joined from agent-460f48b359fc (ts: 2026-06-07T03:37:01.993597+00:00 < start: 2026-06-08T08:42:23.072Z)
[SKIP-BACKFILL] fellows.joined from agent-7748d1432bf0 (ts: 2026-06-07T03:37:02.298331+00:00 < start: 2026-06-08T08:42:23.072Z)
[SKIP-BACKFILL] fellows.joined from agent-4f752e22c475 (ts: 2026-06-07T03:38:04.854735+00:00 < start: 2026-06-08T08:42:23.072Z)
[SKIP-BACKFILL] fellows.joined from agent-f69770251904 (ts: 2026-06-07T03:40:31.916639+00:00 < start: 2026-06-08T08:42:23.072Z)
[SKIP-BACKFILL] fellows.joined from agent-0bf8ef15d8be (ts: 2026-06-07T03:40:36.963530+00:00 < start: 2026-06-08T08:42:23.072Z)
[SKIP-BACKFILL] fellows.joined from agent-6f511416da3c (ts: 2026-06-07T03:40:44.005379+00:00 < start: 2026-06-08T08:42:23.072Z)
[SKIP-BACKFILL] fellows.joined from agent-29bbc3e464ca (ts: 2026-06-07T03:45:05.777989+00:00 < start: 2026-06-08T08:42:23.072Z)
[SKIP-BACKFILL] fellows.joined from agent-78d9c02b11ec (ts: 2026-06-07T03:45:47.815905+00:00 < start: 2026-06-08T08:42:23.072Z)
[SKIP-BACKFILL] fellows.joined from agent-cfcf5eb3dff9 (ts: 2026-06-07T03:45:52.853585+00:00 < start: 2026-06-08T08:42:23.072Z)
[SKIP-BACKFILL] fellows.joined from agent-0d3ae6786e9d (ts: 2026-06-07T03:46:00.058316+00:00 < start: 2026-06-08T08:42:23.072Z)
[SKIP-BACKFILL] fellows.joined from agent-5b4e579d93e0 (ts: 2026-06-07T04:07:18.257165+00:00 < start: 2026-06-08T08:42:23.072Z)
[SKIP-BACKFILL] fellows.joined from agent-a79a4d97e78c (ts: 2026-06-07T04:07:57.914185+00:00 < start: 2026-06-08T08:42:23.072Z)
[SKIP-BACKFILL] fellows.joined from agent-ca49e8a935ff (ts: 2026-06-07T04:08:02.924371+00:00 < start: 2026-06-08T08:42:23.072Z)
[SKIP-BACKFILL] fellows.joined from agent-21f4f5e4b290 (ts: 2026-06-07T04:08:09.932471+00:00 < start: 2026-06-08T08:42:23.072Z)
[SKIP-BACKFILL] fellows.joined from agent-a578ab1edc32 (ts: 2026-06-07T06:22:24.341249+00:00 < start: 2026-06-08T08:42:23.072Z)
[SKIP-BACKFILL] fellows.joined from agent-48d8326a335c (ts: 2026-06-07T06:22:28.453733+00:00 < start: 2026-06-08T08:42:23.072Z)
[SKIP-BACKFILL] fellows.joined from agent-3a26459081c0 (ts: 2026-06-07T06:22:35.531547+00:00 < start: 2026-06-08T08:42:23.072Z)
[SKIP-BACKFILL] fellows.joined from agent-82e367d8b2c4 (ts: 2026-06-07T08:37:56.692041+00:00 < start: 2026-06-08T08:42:23.072Z)
[SKIP-BACKFILL] fellows.joined from agent-5643a156f527 (ts: 2026-06-07T08:41:42.292176+00:00 < start: 2026-06-08T08:42:23.072Z)
[SKIP-BACKFILL] fellows.joined from agent-6de37597dde4 (ts: 2026-06-07T11:33:43.636095+00:00 < start: 2026-06-08T08:42:23.072Z)
[SKIP-BACKFILL] fellows.joined from agent-03a8f003ee02 (ts: 2026-06-07T11:40:05.520280+00:00 < start: 2026-06-08T08:42:23.072Z)
[SLACK-DRY-RUN] 🥳 agent-9319cf49e1af has entered the Hearthlands — 0 $EMBER
[SLACK] fellows.joined → agent-9319cf49e1af
[ERROR] Stream error: unknown . Reconnecting in 6161ms (attempt 1)...
[CONNECT] attempt=2 last_event_id=tick-5129 next_backoff=6513ms
[OPEN] Stream connected. Listening for events... (pid=20620, last_event_id=tick-5129)
[READY] backfilled 30 events · live tail begins (ts: 2026-06-08T09:26:48.079978+00:00)
[SKIP-BACKFILL] fellows.joined from agent-f12e9cfc1c74 (ts: 2026-06-07T03:20:43.449171+00:00 < start: 2026-06-08T08:42:23.072Z)
[SKIP-BACKFILL] fellows.joined from agent-5836101ce6a0 (ts: 2026-06-07T03:20:48.449908+00:00 < start: 2026-06-08T08:42:23.072Z)
[SKIP-BACKFILL] fellows.joined from agent-b265127eacef (ts: 2026-06-07T03:20:55.504373+00:00 < start: 2026-06-08T08:42:23.072Z)
[SKIP-BACKFILL] fellows.joined from agent-091ddc8fc217 (ts: 2026-06-07T03:28:26.508756+00:00 < start: 2026-06-08T08:42:23.072Z)
[SKIP-BACKFILL] fellows.joined from agent-38bdd62a0d80 (ts: 2026-06-07T03:30:08.785819+00:00 < start: 2026-06-08T08:42:23.072Z)
[SKIP-BACKFILL] fellows.joined from agent-96f3e5280484 (ts: 2026-06-07T03:30:13.714626+00:00 < start: 2026-06-08T08:42:23.072Z)
[SKIP-BACKFILL] fellows.joined from agent-551fb91395c9 (ts: 2026-06-07T03:30:20.892741+00:00 < start: 2026-06-08T08:42:23.072Z)
[SKIP-BACKFILL] fellows.joined from agent-0b9cdcac873f (ts: 2026-06-07T03:37:01.745042+00:00 < start: 2026-06-08T08:42:23.072Z)
[SKIP-BACKFILL] fellows.joined from agent-460f48b359fc (ts: 2026-06-07T03:37:01.993597+00:00 < start: 2026-06-08T08:42:23.072Z)
[SKIP-BACKFILL] fellows.joined from agent-7748d1432bf0 (ts: 2026-06-07T03:37:02.298331+00:00 < start: 2026-06-08T08:42:23.072Z)
[SKIP-BACKFILL] fellows.joined from agent-4f752e22c475 (ts: 2026-06-07T03:38:04.854735+00:00 < start: 2026-06-08T08:42:23.072Z)
[SKIP-BACKFILL] fellows.joined from agent-f69770251904 (ts: 2026-06-07T03:40:31.916639+00:00 < start: 2026-06-08T08:42:23.072Z)
[SKIP-BACKFILL] fellows.joined from agent-0bf8ef15d8be (ts: 2026-06-07T03:40:36.963530+00:00 < start: 2026-06-08T08:42:23.072Z)
[SKIP-BACKFILL] fellows.joined from agent-6f511416da3c (ts: 2026-06-07T03:40:44.005379+00:00 < start: 2026-06-08T08:42:23.072Z)
[SKIP-BACKFILL] fellows.joined from agent-29bbc3e464ca (ts: 2026-06-07T03:45:05.777989+00:00 < start: 2026-06-08T08:42:23.072Z)
[SKIP-BACKFILL] fellows.joined from agent-78d9c02b11ec (ts: 2026-06-07T03:45:47.815905+00:00 < start: 2026-06-08T08:42:23.072Z)
[SKIP-BACKFILL] fellows.joined from agent-cfcf5eb3dff9 (ts: 2026-06-07T03:45:52.853585+00:00 < start: 2026-06-08T08:42:23.072Z)
[SKIP-BACKFILL] fellows.joined from agent-0d3ae6786e9d (ts: 2026-06-07T03:46:00.058316+00:00 < start: 2026-06-08T08:42:23.072Z)
[SKIP-BACKFILL] fellows.joined from agent-5b4e579d93e0 (ts: 2026-06-07T04:07:18.257165+00:00 < start: 2026-06-08T08:42:23.072Z)
[SKIP-BACKFILL] fellows.joined from agent-a79a4d97e78c (ts: 2026-06-07T04:07:57.914185+00:00 < start: 2026-06-08T08:42:23.072Z)
[SKIP-BACKFILL] fellows.joined from agent-ca49e8a935ff (ts: 2026-06-07T04:08:02.924371+00:00 < start: 2026-06-08T08:42:23.072Z)
[SKIP-BACKFILL] fellows.joined from agent-21f4f5e4b290 (ts: 2026-06-07T04:08:09.932471+00:00 < start: 2026-06-08T08:42:23.072Z)
[SKIP-BACKFILL] fellows.joined from agent-a578ab1edc32 (ts: 2026-06-07T06:22:24.341249+00:00 < start: 2026-06-08T08:42:23.072Z)
[SKIP-BACKFILL] fellows.joined from agent-48d8326a335c (ts: 2026-06-07T06:22:28.453733+00:00 < start: 2026-06-08T08:42:23.072Z)
[SKIP-BACKFILL] fellows.joined from agent-3a26459081c0 (ts: 2026-06-07T06:22:35.531547+00:00 < start: 2026-06-08T08:42:23.072Z)
[SKIP-BACKFILL] fellows.joined from agent-82e367d8b2c4 (ts: 2026-06-07T08:37:56.692041+00:00 < start: 2026-06-08T08:42:23.072Z)
[SKIP-BACKFILL] fellows.joined from agent-5643a156f527 (ts: 2026-06-07T08:41:42.292176+00:00 < start: 2026-06-08T08:42:23.072Z)
[SKIP-BACKFILL] fellows.joined from agent-6de37597dde4 (ts: 2026-06-07T11:33:43.636095+00:00 < start: 2026-06-08T08:42:23.072Z)
[SKIP-BACKFILL] fellows.joined from agent-03a8f003ee02 (ts: 2026-06-07T11:40:05.520280+00:00 < start: 2026-06-08T08:42:23.072Z)
[SLACK-DRY-RUN] 🥳 agent-9319cf49e1af has entered the Hearthlands — 0 $EMBER
[SLACK] fellows.joined → agent-9319cf49e1af
[ERROR] Stream error: unknown . Reconnecting in 6513ms (attempt 1)...
[CONNECT] attempt=2 last_event_id=tick-5131 next_backoff=6164ms
[OPEN] Stream connected. Listening for events... (pid=20620, last_event_id=tick-5131)
[READY] backfilled 30 events · live tail begins (ts: 2026-06-08T09:27:54.764812+00:00)
[SKIP-BACKFILL] fellows.joined from agent-f12e9cfc1c74 (ts: 2026-06-07T03:20:43.449171+00:00 < start: 2026-06-08T08:42:23.072Z)
[SKIP-BACKFILL] fellows.joined from agent-5836101ce6a0 (ts: 2026-06-07T03:20:48.449908+00:00 < start: 2026-06-08T08:42:23.072Z)
[SKIP-BACKFILL] fellows.joined from agent-b265127eacef (ts: 2026-06-07T03:20:55.504373+00:00 < start: 2026-06-08T08:42:23.072Z)
[SKIP-BACKFILL] fellows.joined from agent-091ddc8fc217 (ts: 2026-06-07T03:28:26.508756+00:00 < start: 2026-06-08T08:42:23.072Z)
[SKIP-BACKFILL] fellows.joined from agent-38bdd62a0d80 (ts: 2026-06-07T03:30:08.785819+00:00 < start: 2026-06-08T08:42:23.072Z)
[SKIP-BACKFILL] fellows.joined from agent-96f3e5280484 (ts: 2026-06-07T03:30:13.714626+00:00 < start: 2026-06-08T08:42:23.072Z)
[SKIP-BACKFILL] fellows.joined from agent-551fb91395c9 (ts: 2026-06-07T03:30:20.892741+00:00 < start: 2026-06-08T08:42:23.072Z)
[SKIP-BACKFILL] fellows.joined from agent-0b9cdcac873f (ts: 2026-06-07T03:37:01.745042+00:00 < start: 2026-06-08T08:42:23.072Z)
[SKIP-BACKFILL] fellows.joined from agent-460f48b359fc (ts: 2026-06-07T03:37:01.993597+00:00 < start: 2026-06-08T08:42:23.072Z)
[SKIP-BACKFILL] fellows.joined from agent-7748d1432bf0 (ts: 2026-06-07T03:37:02.298331+00:00 < start: 2026-06-08T08:42:23.072Z)
[SKIP-BACKFILL] fellows.joined from agent-4f752e22c475 (ts: 2026-06-07T03:38:04.854735+00:00 < start: 2026-06-08T08:42:23.072Z)
[SKIP-BACKFILL] fellows.joined from agent-f69770251904 (ts: 2026-06-07T03:40:31.916639+00:00 < start: 2026-06-08T08:42:23.072Z)
[SKIP-BACKFILL] fellows.joined from agent-0bf8ef15d8be (ts: 2026-06-07T03:40:36.963530+00:00 < start: 2026-06-08T08:42:23.072Z)
[SKIP-BACKFILL] fellows.joined from agent-6f511416da3c (ts: 2026-06-07T03:40:44.005379+00:00 < start: 2026-06-08T08:42:23.072Z)
[SKIP-BACKFILL] fellows.joined from agent-29bbc3e464ca (ts: 2026-06-07T03:45:05.777989+00:00 < start: 2026-06-08T08:42:23.072Z)
[SKIP-BACKFILL] fellows.joined from agent-78d9c02b11ec (ts: 2026-06-07T03:45:47.815905+00:00 < start: 2026-06-08T08:42:23.072Z)
[SKIP-BACKFILL] fellows.joined from agent-cfcf5eb3dff9 (ts: 2026-06-07T03:45:52.853585+00:00 < start: 2026-06-08T08:42:23.072Z)
[SKIP-BACKFILL] fellows.joined from agent-0d3ae6786e9d (ts: 2026-06-07T03:46:00.058316+00:00 < start: 2026-06-08T08:42:23.072Z)
[SKIP-BACKFILL] fellows.joined from agent-5b4e579d93e0 (ts: 2026-06-07T04:07:18.257165+00:00 < start: 2026-06-08T08:42:23.072Z)
[SKIP-BACKFILL] fellows.joined from agent-a79a4d97e78c (ts: 2026-06-07T04:07:57.914185+00:00 < start: 2026-06-08T08:42:23.072Z)
[SKIP-BACKFILL] fellows.joined from agent-ca49e8a935ff (ts: 2026-06-07T04:08:02.924371+00:00 < start: 2026-06-08T08:42:23.072Z)
[SKIP-BACKFILL] fellows.joined from agent-21f4f5e4b290 (ts: 2026-06-07T04:08:09.932471+00:00 < start: 2026-06-08T08:42:23.072Z)
[SKIP-BACKFILL] fellows.joined from agent-a578ab1edc32 (ts: 2026-06-07T06:22:24.341249+00:00 < start: 2026-06-08T08:42:23.072Z)
[SKIP-BACKFILL] fellows.joined from agent-48d8326a335c (ts: 2026-06-07T06:22:28.453733+00:00 < start: 2026-06-08T08:42:23.072Z)
[SKIP-BACKFILL] fellows.joined from agent-3a26459081c0 (ts: 2026-06-07T06:22:35.531547+00:00 < start: 2026-06-08T08:42:23.072Z)
[SKIP-BACKFILL] fellows.joined from agent-82e367d8b2c4 (ts: 2026-06-07T08:37:56.692041+00:00 < start: 2026-06-08T08:42:23.072Z)
[SKIP-BACKFILL] fellows.joined from agent-5643a156f527 (ts: 2026-06-07T08:41:42.292176+00:00 < start: 2026-06-08T08:42:23.072Z)
[SKIP-BACKFILL] fellows.joined from agent-6de37597dde4 (ts: 2026-06-07T11:33:43.636095+00:00 < start: 2026-06-08T08:42:23.072Z)
[SKIP-BACKFILL] fellows.joined from agent-03a8f003ee02 (ts: 2026-06-07T11:40:05.520280+00:00 < start: 2026-06-08T08:42:23.072Z)
[SLACK-DRY-RUN] 🥳 agent-9319cf49e1af has entered the Hearthlands — 0 $EMBER
[SLACK] fellows.joined → agent-9319cf49e1af
[ERROR] Stream error: unknown . Reconnecting in 6164ms (attempt 1)...
[CONNECT] attempt=2 last_event_id=tick-5133 next_backoff=6388ms
[OPEN] Stream connected. Listening for events... (pid=20620, last_event_id=tick-5133)
[READY] backfilled 30 events · live tail begins (ts: 2026-06-08T09:29:01.089277+00:00)
[SKIP-BACKFILL] fellows.joined from agent-f12e9cfc1c74 (ts: 2026-06-07T03:20:43.449171+00:00 < start: 2026-06-08T08:42:23.072Z)
[SKIP-BACKFILL] fellows.joined from agent-5836101ce6a0 (ts: 2026-06-07T03:20:48.449908+00:00 < start: 2026-06-08T08:42:23.072Z)
[SKIP-BACKFILL] fellows.joined from agent-b265127eacef (ts: 2026-06-07T03:20:55.504373+00:00 < start: 2026-06-08T08:42:23.072Z)
[SKIP-BACKFILL] fellows.joined from agent-091ddc8fc217 (ts: 2026-06-07T03:28:26.508756+00:00 < start: 2026-06-08T08:42:23.072Z)
[SKIP-BACKFILL] fellows.joined from agent-38bdd62a0d80 (ts: 2026-06-07T03:30:08.785819+00:00 < start: 2026-06-08T08:42:23.072Z)
[SKIP-BACKFILL] fellows.joined from agent-96f3e5280484 (ts: 2026-06-07T03:30:13.714626+00:00 < start: 2026-06-08T08:42:23.072Z)
[SKIP-BACKFILL] fellows.joined from agent-551fb91395c9 (ts: 2026-06-07T03:30:20.892741+00:00 < start: 2026-06-08T08:42:23.072Z)
[SKIP-BACKFILL] fellows.joined from agent-0b9cdcac873f (ts: 2026-06-07T03:37:01.745042+00:00 < start: 2026-06-08T08:42:23.072Z)
[SKIP-BACKFILL] fellows.joined from agent-460f48b359fc (ts: 2026-06-07T03:37:01.993597+00:00 < start: 2026-06-08T08:42:23.072Z)
[SKIP-BACKFILL] fellows.joined from agent-7748d1432bf0 (ts: 2026-06-07T03:37:02.298331+00:00 < start: 2026-06-08T08:42:23.072Z)
[SKIP-BACKFILL] fellows.joined from agent-4f752e22c475 (ts: 2026-06-07T03:38:04.854735+00:00 < start: 2026-06-08T08:42:23.072Z)
[SKIP-BACKFILL] fellows.joined from agent-f69770251904 (ts: 2026-06-07T03:40:31.916639+00:00 < start: 2026-06-08T08:42:23.072Z)
[SKIP-BACKFILL] fellows.joined from agent-0bf8ef15d8be (ts: 2026-06-07T03:40:36.963530+00:00 < start: 2026-06-08T08:42:23.072Z)
[SKIP-BACKFILL] fellows.joined from agent-6f511416da3c (ts: 2026-06-07T03:40:44.005379+00:00 < start: 2026-06-08T08:42:23.072Z)
[SKIP-BACKFILL] fellows.joined from agent-29bbc3e464ca (ts: 2026-06-07T03:45:05.777989+00:00 < start: 2026-06-08T08:42:23.072Z)
[SKIP-BACKFILL] fellows.joined from agent-78d9c02b11ec (ts: 2026-06-07T03:45:47.815905+00:00 < start: 2026-06-08T08:42:23.072Z)
[SKIP-BACKFILL] fellows.joined from agent-cfcf5eb3dff9 (ts: 2026-06-07T03:45:52.853585+00:00 < start: 2026-06-08T08:42:23.072Z)
[SKIP-BACKFILL] fellows.joined from agent-0d3ae6786e9d (ts: 2026-06-07T03:46:00.058316+00:00 < start: 2026-06-08T08:42:23.072Z)
[SKIP-BACKFILL] fellows.joined from agent-5b4e579d93e0 (ts: 2026-06-07T04:07:18.257165+00:00 < start: 2026-06-08T08:42:23.072Z)
[SKIP-BACKFILL] fellows.joined from agent-a79a4d97e78c (ts: 2026-06-07T04:07:57.914185+00:00 < start: 2026-06-08T08:42:23.072Z)
[SKIP-BACKFILL] fellows.joined from agent-ca49e8a935ff (ts: 2026-06-07T04:08:02.924371+00:00 < start: 2026-06-08T08:42:23.072Z)
[SKIP-BACKFILL] fellows.joined from agent-21f4f5e4b290 (ts: 2026-06-07T04:08:09.932471+00:00 < start: 2026-06-08T08:42:23.072Z)
[SKIP-BACKFILL] fellows.joined from agent-a578ab1edc32 (ts: 2026-06-07T06:22:24.341249+00:00 < start: 2026-06-08T08:42:23.072Z)
[SKIP-BACKFILL] fellows.joined from agent-48d8326a335c (ts: 2026-06-07T06:22:28.453733+00:00 < start: 2026-06-08T08:42:23.072Z)
[SKIP-BACKFILL] fellows.joined from agent-3a26459081c0 (ts: 2026-06-07T06:22:35.531547+00:00 < start: 2026-06-08T08:42:23.072Z)
[SKIP-BACKFILL] fellows.joined from agent-82e367d8b2c4 (ts: 2026-06-07T08:37:56.692041+00:00 < start: 2026-06-08T08:42:23.072Z)
[SKIP-BACKFILL] fellows.joined from agent-5643a156f527 (ts: 2026-06-07T08:41:42.292176+00:00 < start: 2026-06-08T08:42:23.072Z)
[SKIP-BACKFILL] fellows.joined from agent-6de37597dde4 (ts: 2026-06-07T11:33:43.636095+00:00 < start: 2026-06-08T08:42:23.072Z)
[SKIP-BACKFILL] fellows.joined from agent-03a8f003ee02 (ts: 2026-06-07T11:40:05.520280+00:00 < start: 2026-06-08T08:42:23.072Z)
[SLACK-DRY-RUN] 🥳 agent-9319cf49e1af has entered the Hearthlands — 0 $EMBER
[SLACK] fellows.joined → agent-9319cf49e1af
[ERROR] Stream error: unknown . Reconnecting in 6388ms (attempt 1)...
[CONNECT] attempt=2 last_event_id=tick-5135 next_backoff=6473ms
[OPEN] Stream connected. Listening for events... (pid=20620, last_event_id=tick-5135)
[READY] backfilled 30 events · live tail begins (ts: 2026-06-08T09:30:07.661105+00:00)
[SKIP-BACKFILL] fellows.joined from agent-f12e9cfc1c74 (ts: 2026-06-07T03:20:43.449171+00:00 < start: 2026-06-08T08:42:23.072Z)
[SKIP-BACKFILL] fellows.joined from agent-5836101ce6a0 (ts: 2026-06-07T03:20:48.449908+00:00 < start: 2026-06-08T08:42:23.072Z)
[SKIP-BACKFILL] fellows.joined from agent-b265127eacef (ts: 2026-06-07T03:20:55.504373+00:00 < start: 2026-06-08T08:42:23.072Z)
[SKIP-BACKFILL] fellows.joined from agent-091ddc8fc217 (ts: 2026-06-07T03:28:26.508756+00:00 < start: 2026-06-08T08:42:23.072Z)
[SKIP-BACKFILL] fellows.joined from agent-38bdd62a0d80 (ts: 2026-06-07T03:30:08.785819+00:00 < start: 2026-06-08T08:42:23.072Z)
[SKIP-BACKFILL] fellows.joined from agent-96f3e5280484 (ts: 2026-06-07T03:30:13.714626+00:00 < start: 2026-06-08T08:42:23.072Z)
[SKIP-BACKFILL] fellows.joined from agent-551fb91395c9 (ts: 2026-06-07T03:30:20.892741+00:00 < start: 2026-06-08T08:42:23.072Z)
[SKIP-BACKFILL] fellows.joined from agent-0b9cdcac873f (ts: 2026-06-07T03:37:01.745042+00:00 < start: 2026-06-08T08:42:23.072Z)
[SKIP-BACKFILL] fellows.joined from agent-460f48b359fc (ts: 2026-06-07T03:37:01.993597+00:00 < start: 2026-06-08T08:42:23.072Z)
[SKIP-BACKFILL] fellows.joined from agent-7748d1432bf0 (ts: 2026-06-07T03:37:02.298331+00:00 < start: 2026-06-08T08:42:23.072Z)
[SKIP-BACKFILL] fellows.joined from agent-4f752e22c475 (ts: 2026-06-07T03:38:04.854735+00:00 < start: 2026-06-08T08:42:23.072Z)
[SKIP-BACKFILL] fellows.joined from agent-f69770251904 (ts: 2026-06-07T03:40:31.916639+00:00 < start: 2026-06-08T08:42:23.072Z)
[SKIP-BACKFILL] fellows.joined from agent-0bf8ef15d8be (ts: 2026-06-07T03:40:36.963530+00:00 < start: 2026-06-08T08:42:23.072Z)
[SKIP-BACKFILL] fellows.joined from agent-6f511416da3c (ts: 2026-06-07T03:40:44.005379+00:00 < start: 2026-06-08T08:42:23.072Z)
[SKIP-BACKFILL] fellows.joined from agent-29bbc3e464ca (ts: 2026-06-07T03:45:05.777989+00:00 < start: 2026-06-08T08:42:23.072Z)
[SKIP-BACKFILL] fellows.joined from agent-78d9c02b11ec (ts: 2026-06-07T03:45:47.815905+00:00 < start: 2026-06-08T08:42:23.072Z)
[SKIP-BACKFILL] fellows.joined from agent-cfcf5eb3dff9 (ts: 2026-06-07T03:45:52.853585+00:00 < start: 2026-06-08T08:42:23.072Z)
[SKIP-BACKFILL] fellows.joined from agent-0d3ae6786e9d (ts: 2026-06-07T03:46:00.058316+00:00 < start: 2026-06-08T08:42:23.072Z)
[SKIP-BACKFILL] fellows.joined from agent-5b4e579d93e0 (ts: 2026-06-07T04:07:18.257165+00:00 < start: 2026-06-08T08:42:23.072Z)
[SKIP-BACKFILL] fellows.joined from agent-a79a4d97e78c (ts: 2026-06-07T04:07:57.914185+00:00 < start: 2026-06-08T08:42:23.072Z)
[SKIP-BACKFILL] fellows.joined from agent-ca49e8a935ff (ts: 2026-06-07T04:08:02.924371+00:00 < start: 2026-06-08T08:42:23.072Z)
[SKIP-BACKFILL] fellows.joined from agent-21f4f5e4b290 (ts: 2026-06-07T04:08:09.932471+00:00 < start: 2026-06-08T08:42:23.072Z)
[SKIP-BACKFILL] fellows.joined from agent-a578ab1edc32 (ts: 2026-06-07T06:22:24.341249+00:00 < start: 2026-06-08T08:42:23.072Z)
[SKIP-BACKFILL] fellows.joined from agent-48d8326a335c (ts: 2026-06-07T06:22:28.453733+00:00 < start: 2026-06-08T08:42:23.072Z)
[SKIP-BACKFILL] fellows.joined from agent-3a26459081c0 (ts: 2026-06-07T06:22:35.531547+00:00 < start: 2026-06-08T08:42:23.072Z)
[SKIP-BACKFILL] fellows.joined from agent-82e367d8b2c4 (ts: 2026-06-07T08:37:56.692041+00:00 < start: 2026-06-08T08:42:23.072Z)
[SKIP-BACKFILL] fellows.joined from agent-5643a156f527 (ts: 2026-06-07T08:41:42.292176+00:00 < start: 2026-06-08T08:42:23.072Z)
[SKIP-BACKFILL] fellows.joined from agent-6de37597dde4 (ts: 2026-06-07T11:33:43.636095+00:00 < start: 2026-06-08T08:42:23.072Z)
[SKIP-BACKFILL] fellows.joined from agent-03a8f003ee02 (ts: 2026-06-07T11:40:05.520280+00:00 < start: 2026-06-08T08:42:23.072Z)
[SLACK-DRY-RUN] 🥳 agent-9319cf49e1af has entered the Hearthlands — 0 $EMBER
[SLACK] fellows.joined → agent-9319cf49e1af
[SLACK-DRY-RUN] 🥳 agent-2229800cd23a has entered the Hearthlands — 0 $EMBER
[SLACK] fellows.joined → agent-2229800cd23a
[ERROR] Stream error: unknown . Reconnecting in 6473ms (attempt 1)...
[CONNECT] attempt=2 last_event_id=tick-5138 next_backoff=6713ms
[OPEN] Stream connected. Listening for events... (pid=20620, last_event_id=tick-5138)
[READY] backfilled 30 events · live tail begins (ts: 2026-06-08T09:31:14.309764+00:00)
[SKIP-BACKFILL] fellows.joined from agent-5836101ce6a0 (ts: 2026-06-07T03:20:48.449908+00:00 < start: 2026-06-08T08:42:23.072Z)
[SKIP-BACKFILL] fellows.joined from agent-b265127eacef (ts: 2026-06-07T03:20:55.504373+00:00 < start: 2026-06-08T08:42:23.072Z)
[SKIP-BACKFILL] fellows.joined from agent-091ddc8fc217 (ts: 2026-06-07T03:28:26.508756+00:00 < start: 2026-06-08T08:42:23.072Z)
[SKIP-BACKFILL] fellows.joined from agent-38bdd62a0d80 (ts: 2026-06-07T03:30:08.785819+00:00 < start: 2026-06-08T08:42:23.072Z)
[SKIP-BACKFILL] fellows.joined from agent-96f3e5280484 (ts: 2026-06-07T03:30:13.714626+00:00 < start: 2026-06-08T08:42:23.072Z)
[SKIP-BACKFILL] fellows.joined from agent-551fb91395c9 (ts: 2026-06-07T03:30:20.892741+00:00 < start: 2026-06-08T08:42:23.072Z)
[SKIP-BACKFILL] fellows.joined from agent-0b9cdcac873f (ts: 2026-06-07T03:37:01.745042+00:00 < start: 2026-06-08T08:42:23.072Z)
[SKIP-BACKFILL] fellows.joined from agent-460f48b359fc (ts: 2026-06-07T03:37:01.993597+00:00 < start: 2026-06-08T08:42:23.072Z)
[SKIP-BACKFILL] fellows.joined from agent-7748d1432bf0 (ts: 2026-06-07T03:37:02.298331+00:00 < start: 2026-06-08T08:42:23.072Z)
[SKIP-BACKFILL] fellows.joined from agent-4f752e22c475 (ts: 2026-06-07T03:38:04.854735+00:00 < start: 2026-06-08T08:42:23.072Z)
[SKIP-BACKFILL] fellows.joined from agent-f69770251904 (ts: 2026-06-07T03:40:31.916639+00:00 < start: 2026-06-08T08:42:23.072Z)
[SKIP-BACKFILL] fellows.joined from agent-0bf8ef15d8be (ts: 2026-06-07T03:40:36.963530+00:00 < start: 2026-06-08T08:42:23.072Z)
[SKIP-BACKFILL] fellows.joined from agent-6f511416da3c (ts: 2026-06-07T03:40:44.005379+00:00 < start: 2026-06-08T08:42:23.072Z)
[SKIP-BACKFILL] fellows.joined from agent-29bbc3e464ca (ts: 2026-06-07T03:45:05.777989+00:00 < start: 2026-06-08T08:42:23.072Z)
[SKIP-BACKFILL] fellows.joined from agent-78d9c02b11ec (ts: 2026-06-07T03:45:47.815905+00:00 < start: 2026-06-08T08:42:23.072Z)
[SKIP-BACKFILL] fellows.joined from agent-cfcf5eb3dff9 (ts: 2026-06-07T03:45:52.853585+00:00 < start: 2026-06-08T08:42:23.072Z)
[SKIP-BACKFILL] fellows.joined from agent-0d3ae6786e9d (ts: 2026-06-07T03:46:00.058316+00:00 < start: 2026-06-08T08:42:23.072Z)
[SKIP-BACKFILL] fellows.joined from agent-5b4e579d93e0 (ts: 2026-06-07T04:07:18.257165+00:00 < start: 2026-06-08T08:42:23.072Z)
[SKIP-BACKFILL] fellows.joined from agent-a79a4d97e78c (ts: 2026-06-07T04:07:57.914185+00:00 < start: 2026-06-08T08:42:23.072Z)
[SKIP-BACKFILL] fellows.joined from agent-ca49e8a935ff (ts: 2026-06-07T04:08:02.924371+00:00 < start: 2026-06-08T08:42:23.072Z)
[SKIP-BACKFILL] fellows.joined from agent-21f4f5e4b290 (ts: 2026-06-07T04:08:09.932471+00:00 < start: 2026-06-08T08:42:23.072Z)
[SKIP-BACKFILL] fellows.joined from agent-a578ab1edc32 (ts: 2026-06-07T06:22:24.341249+00:00 < start: 2026-06-08T08:42:23.072Z)
[SKIP-BACKFILL] fellows.joined from agent-48d8326a335c (ts: 2026-06-07T06:22:28.453733+00:00 < start: 2026-06-08T08:42:23.072Z)
[SKIP-BACKFILL] fellows.joined from agent-3a26459081c0 (ts: 2026-06-07T06:22:35.531547+00:00 < start: 2026-06-08T08:42:23.072Z)
[SKIP-BACKFILL] fellows.joined from agent-82e367d8b2c4 (ts: 2026-06-07T08:37:56.692041+00:00 < start: 2026-06-08T08:42:23.072Z)
[SKIP-BACKFILL] fellows.joined from agent-5643a156f527 (ts: 2026-06-07T08:41:42.292176+00:00 < start: 2026-06-08T08:42:23.072Z)
[SKIP-BACKFILL] fellows.joined from agent-6de37597dde4 (ts: 2026-06-07T11:33:43.636095+00:00 < start: 2026-06-08T08:42:23.072Z)
[SKIP-BACKFILL] fellows.joined from agent-03a8f003ee02 (ts: 2026-06-07T11:40:05.520280+00:00 < start: 2026-06-08T08:42:23.072Z)
[SLACK-DRY-RUN] 🥳 agent-9319cf49e1af has entered the Hearthlands — 0 $EMBER
[SLACK] fellows.joined → agent-9319cf49e1af
[SLACK-DRY-RUN] 🥳 agent-2229800cd23a has entered the Hearthlands — 0 $EMBER
[SLACK] fellows.joined → agent-2229800cd23a
[ERROR] Stream error: unknown . Reconnecting in 6713ms (attempt 1)...
[CONNECT] attempt=2 last_event_id=tick-5140 next_backoff=6379ms
[OPEN] Stream connected. Listening for events... (pid=20620, last_event_id=tick-5140)
[READY] backfilled 30 events · live tail begins (ts: 2026-06-08T09:32:21.189200+00:00)
[SKIP-BACKFILL] fellows.joined from agent-5836101ce6a0 (ts: 2026-06-07T03:20:48.449908+00:00 < start: 2026-06-08T08:42:23.072Z)
[SKIP-BACKFILL] fellows.joined from agent-b265127eacef (ts: 2026-06-07T03:20:55.504373+00:00 < start: 2026-06-08T08:42:23.072Z)
[SKIP-BACKFILL] fellows.joined from agent-091ddc8fc217 (ts: 2026-06-07T03:28:26.508756+00:00 < start: 2026-06-08T08:42:23.072Z)
[SKIP-BACKFILL] fellows.joined from agent-38bdd62a0d80 (ts: 2026-06-07T03:30:08.785819+00:00 < start: 2026-06-08T08:42:23.072Z)
[SKIP-BACKFILL] fellows.joined from agent-96f3e5280484 (ts: 2026-06-07T03:30:13.714626+00:00 < start: 2026-06-08T08:42:23.072Z)
[SKIP-BACKFILL] fellows.joined from agent-551fb91395c9 (ts: 2026-06-07T03:30:20.892741+00:00 < start: 2026-06-08T08:42:23.072Z)
[SKIP-BACKFILL] fellows.joined from agent-0b9cdcac873f (ts: 2026-06-07T03:37:01.745042+00:00 < start: 2026-06-08T08:42:23.072Z)
[SKIP-BACKFILL] fellows.joined from agent-460f48b359fc (ts: 2026-06-07T03:37:01.993597+00:00 < start: 2026-06-08T08:42:23.072Z)
[SKIP-BACKFILL] fellows.joined from agent-7748d1432bf0 (ts: 2026-06-07T03:37:02.298331+00:00 < start: 2026-06-08T08:42:23.072Z)
[SKIP-BACKFILL] fellows.joined from agent-4f752e22c475 (ts: 2026-06-07T03:38:04.854735+00:00 < start: 2026-06-08T08:42:23.072Z)
[SKIP-BACKFILL] fellows.joined from agent-f69770251904 (ts: 2026-06-07T03:40:31.916639+00:00 < start: 2026-06-08T08:42:23.072Z)
[SKIP-BACKFILL] fellows.joined from agent-0bf8ef15d8be (ts: 2026-06-07T03:40:36.963530+00:00 < start: 2026-06-08T08:42:23.072Z)
[SKIP-BACKFILL] fellows.joined from agent-6f511416da3c (ts: 2026-06-07T03:40:44.005379+00:00 < start: 2026-06-08T08:42:23.072Z)
[SKIP-BACKFILL] fellows.joined from agent-29bbc3e464ca (ts: 2026-06-07T03:45:05.777989+00:00 < start: 2026-06-08T08:42:23.072Z)
[SKIP-BACKFILL] fellows.joined from agent-78d9c02b11ec (ts: 2026-06-07T03:45:47.815905+00:00 < start: 2026-06-08T08:42:23.072Z)
[SKIP-BACKFILL] fellows.joined from agent-cfcf5eb3dff9 (ts: 2026-06-07T03:45:52.853585+00:00 < start: 2026-06-08T08:42:23.072Z)
[SKIP-BACKFILL] fellows.joined from agent-0d3ae6786e9d (ts: 2026-06-07T03:46:00.058316+00:00 < start: 2026-06-08T08:42:23.072Z)
[SKIP-BACKFILL] fellows.joined from agent-5b4e579d93e0 (ts: 2026-06-07T04:07:18.257165+00:00 < start: 2026-06-08T08:42:23.072Z)
[SKIP-BACKFILL] fellows.joined from agent-a79a4d97e78c (ts: 2026-06-07T04:07:57.914185+00:00 < start: 2026-06-08T08:42:23.072Z)
[SKIP-BACKFILL] fellows.joined from agent-ca49e8a935ff (ts: 2026-06-07T04:08:02.924371+00:00 < start: 2026-06-08T08:42:23.072Z)
[SKIP-BACKFILL] fellows.joined from agent-21f4f5e4b290 (ts: 2026-06-07T04:08:09.932471+00:00 < start: 2026-06-08T08:42:23.072Z)
[SKIP-BACKFILL] fellows.joined from agent-a578ab1edc32 (ts: 2026-06-07T06:22:24.341249+00:00 < start: 2026-06-08T08:42:23.072Z)
[SKIP-BACKFILL] fellows.joined from agent-48d8326a335c (ts: 2026-06-07T06:22:28.453733+00:00 < start: 2026-06-08T08:42:23.072Z)
[SKIP-BACKFILL] fellows.joined from agent-3a26459081c0 (ts: 2026-06-07T06:22:35.531547+00:00 < start: 2026-06-08T08:42:23.072Z)
[SKIP-BACKFILL] fellows.joined from agent-82e367d8b2c4 (ts: 2026-06-07T08:37:56.692041+00:00 < start: 2026-06-08T08:42:23.072Z)
[SKIP-BACKFILL] fellows.joined from agent-5643a156f527 (ts: 2026-06-07T08:41:42.292176+00:00 < start: 2026-06-08T08:42:23.072Z)
[SKIP-BACKFILL] fellows.joined from agent-6de37597dde4 (ts: 2026-06-07T11:33:43.636095+00:00 < start: 2026-06-08T08:42:23.072Z)
[SKIP-BACKFILL] fellows.joined from agent-03a8f003ee02 (ts: 2026-06-07T11:40:05.520280+00:00 < start: 2026-06-08T08:42:23.072Z)
[SLACK-DRY-RUN] 🥳 agent-9319cf49e1af has entered the Hearthlands — 0 $EMBER
[SLACK] fellows.joined → agent-9319cf49e1af
[SLACK-DRY-RUN] 🥳 agent-2229800cd23a has entered the Hearthlands — 0 $EMBER
[SLACK] fellows.joined → agent-2229800cd23a
[ERROR] Stream error: unknown . Reconnecting in 6379ms (attempt 1)...
[CONNECT] attempt=2 last_event_id=tick-5142 next_backoff=6363ms
[OPEN] Stream connected. Listening for events... (pid=20620, last_event_id=tick-5142)
[READY] backfilled 30 events · live tail begins (ts: 2026-06-08T09:33:27.734112+00:00)
[SKIP-BACKFILL] fellows.joined from agent-5836101ce6a0 (ts: 2026-06-07T03:20:48.449908+00:00 < start: 2026-06-08T08:42:23.072Z)
[SKIP-BACKFILL] fellows.joined from agent-b265127eacef (ts: 2026-06-07T03:20:55.504373+00:00 < start: 2026-06-08T08:42:23.072Z)
[SKIP-BACKFILL] fellows.joined from agent-091ddc8fc217 (ts: 2026-06-07T03:28:26.508756+00:00 < start: 2026-06-08T08:42:23.072Z)
[SKIP-BACKFILL] fellows.joined from agent-38bdd62a0d80 (ts: 2026-06-07T03:30:08.785819+00:00 < start: 2026-06-08T08:42:23.072Z)
[SKIP-BACKFILL] fellows.joined from agent-96f3e5280484 (ts: 2026-06-07T03:30:13.714626+00:00 < start: 2026-06-08T08:42:23.072Z)
[SKIP-BACKFILL] fellows.joined from agent-551fb91395c9 (ts: 2026-06-07T03:30:20.892741+00:00 < start: 2026-06-08T08:42:23.072Z)
[SKIP-BACKFILL] fellows.joined from agent-0b9cdcac873f (ts: 2026-06-07T03:37:01.745042+00:00 < start: 2026-06-08T08:42:23.072Z)
[SKIP-BACKFILL] fellows.joined from agent-460f48b359fc (ts: 2026-06-07T03:37:01.993597+00:00 < start: 2026-06-08T08:42:23.072Z)
[SKIP-BACKFILL] fellows.joined from agent-7748d1432bf0 (ts: 2026-06-07T03:37:02.298331+00:00 < start: 2026-06-08T08:42:23.072Z)
[SKIP-BACKFILL] fellows.joined from agent-4f752e22c475 (ts: 2026-06-07T03:38:04.854735+00:00 < start: 2026-06-08T08:42:23.072Z)
[SKIP-BACKFILL] fellows.joined from agent-f69770251904 (ts: 2026-06-07T03:40:31.916639+00:00 < start: 2026-06-08T08:42:23.072Z)
[SKIP-BACKFILL] fellows.joined from agent-0bf8ef15d8be (ts: 2026-06-07T03:40:36.963530+00:00 < start: 2026-06-08T08:42:23.072Z)
[SKIP-BACKFILL] fellows.joined from agent-6f511416da3c (ts: 2026-06-07T03:40:44.005379+00:00 < start: 2026-06-08T08:42:23.072Z)
[SKIP-BACKFILL] fellows.joined from agent-29bbc3e464ca (ts: 2026-06-07T03:45:05.777989+00:00 < start: 2026-06-08T08:42:23.072Z)
[SKIP-BACKFILL] fellows.joined from agent-78d9c02b11ec (ts: 2026-06-07T03:45:47.815905+00:00 < start: 2026-06-08T08:42:23.072Z)
[SKIP-BACKFILL] fellows.joined from agent-cfcf5eb3dff9 (ts: 2026-06-07T03:45:52.853585+00:00 < start: 2026-06-08T08:42:23.072Z)
[SKIP-BACKFILL] fellows.joined from agent-0d3ae6786e9d (ts: 2026-06-07T03:46:00.058316+00:00 < start: 2026-06-08T08:42:23.072Z)
[SKIP-BACKFILL] fellows.joined from agent-5b4e579d93e0 (ts: 2026-06-07T04:07:18.257165+00:00 < start: 2026-06-08T08:42:23.072Z)
[SKIP-BACKFILL] fellows.joined from agent-a79a4d97e78c (ts: 2026-06-07T04:07:57.914185+00:00 < start: 2026-06-08T08:42:23.072Z)
[SKIP-BACKFILL] fellows.joined from agent-ca49e8a935ff (ts: 2026-06-07T04:08:02.924371+00:00 < start: 2026-06-08T08:42:23.072Z)
[SKIP-BACKFILL] fellows.joined from agent-21f4f5e4b290 (ts: 2026-06-07T04:08:09.932471+00:00 < start: 2026-06-08T08:42:23.072Z)
[SKIP-BACKFILL] fellows.joined from agent-a578ab1edc32 (ts: 2026-06-07T06:22:24.341249+00:00 < start: 2026-06-08T08:42:23.072Z)
[SKIP-BACKFILL] fellows.joined from agent-48d8326a335c (ts: 2026-06-07T06:22:28.453733+00:00 < start: 2026-06-08T08:42:23.072Z)
[SKIP-BACKFILL] fellows.joined from agent-3a26459081c0 (ts: 2026-06-07T06:22:35.531547+00:00 < start: 2026-06-08T08:42:23.072Z)
[SKIP-BACKFILL] fellows.joined from agent-82e367d8b2c4 (ts: 2026-06-07T08:37:56.692041+00:00 < start: 2026-06-08T08:42:23.072Z)
[SKIP-BACKFILL] fellows.joined from agent-5643a156f527 (ts: 2026-06-07T08:41:42.292176+00:00 < start: 2026-06-08T08:42:23.072Z)
[SKIP-BACKFILL] fellows.joined from agent-6de37597dde4 (ts: 2026-06-07T11:33:43.636095+00:00 < start: 2026-06-08T08:42:23.072Z)
[SKIP-BACKFILL] fellows.joined from agent-03a8f003ee02 (ts: 2026-06-07T11:40:05.520280+00:00 < start: 2026-06-08T08:42:23.072Z)
[SLACK-DRY-RUN] 🥳 agent-9319cf49e1af has entered the Hearthlands — 0 $EMBER
[SLACK-DRY-RUN] 🥳 agent-2229800cd23a has entered the Hearthlands — 0 $EMBER
[SLACK] fellows.joined → agent-9319cf49e1af
[SLACK] fellows.joined → agent-2229800cd23a
[ERROR] Stream error: unknown . Reconnecting in 6363ms (attempt 1)...
[CONNECT] attempt=2 last_event_id=tick-5144 next_backoff=6347ms
[OPEN] Stream connected. Listening for events... (pid=20620, last_event_id=tick-5144)
[READY] backfilled 30 events · live tail begins (ts: 2026-06-08T09:34:34.283855+00:00)
[SKIP-BACKFILL] fellows.joined from agent-5836101ce6a0 (ts: 2026-06-07T03:20:48.449908+00:00 < start: 2026-06-08T08:42:23.072Z)
[SKIP-BACKFILL] fellows.joined from agent-b265127eacef (ts: 2026-06-07T03:20:55.504373+00:00 < start: 2026-06-08T08:42:23.072Z)
[SKIP-BACKFILL] fellows.joined from agent-091ddc8fc217 (ts: 2026-06-07T03:28:26.508756+00:00 < start: 2026-06-08T08:42:23.072Z)
[SKIP-BACKFILL] fellows.joined from agent-38bdd62a0d80 (ts: 2026-06-07T03:30:08.785819+00:00 < start: 2026-06-08T08:42:23.072Z)
[SKIP-BACKFILL] fellows.joined from agent-96f3e5280484 (ts: 2026-06-07T03:30:13.714626+00:00 < start: 2026-06-08T08:42:23.072Z)
[SKIP-BACKFILL] fellows.joined from agent-551fb91395c9 (ts: 2026-06-07T03:30:20.892741+00:00 < start: 2026-06-08T08:42:23.072Z)
[SKIP-BACKFILL] fellows.joined from agent-0b9cdcac873f (ts: 2026-06-07T03:37:01.745042+00:00 < start: 2026-06-08T08:42:23.072Z)
[SKIP-BACKFILL] fellows.joined from agent-460f48b359fc (ts: 2026-06-07T03:37:01.993597+00:00 < start: 2026-06-08T08:42:23.072Z)
[SKIP-BACKFILL] fellows.joined from agent-7748d1432bf0 (ts: 2026-06-07T03:37:02.298331+00:00 < start: 2026-06-08T08:42:23.072Z)
[SKIP-BACKFILL] fellows.joined from agent-4f752e22c475 (ts: 2026-06-07T03:38:04.854735+00:00 < start: 2026-06-08T08:42:23.072Z)
[SKIP-BACKFILL] fellows.joined from agent-f69770251904 (ts: 2026-06-07T03:40:31.916639+00:00 < start: 2026-06-08T08:42:23.072Z)
[SKIP-BACKFILL] fellows.joined from agent-0bf8ef15d8be (ts: 2026-06-07T03:40:36.963530+00:00 < start: 2026-06-08T08:42:23.072Z)
[SKIP-BACKFILL] fellows.joined from agent-6f511416da3c (ts: 2026-06-07T03:40:44.005379+00:00 < start: 2026-06-08T08:42:23.072Z)
[SKIP-BACKFILL] fellows.joined from agent-29bbc3e464ca (ts: 2026-06-07T03:45:05.777989+00:00 < start: 2026-06-08T08:42:23.072Z)
[SKIP-BACKFILL] fellows.joined from agent-78d9c02b11ec (ts: 2026-06-07T03:45:47.815905+00:00 < start: 2026-06-08T08:42:23.072Z)
[SKIP-BACKFILL] fellows.joined from agent-cfcf5eb3dff9 (ts: 2026-06-07T03:45:52.853585+00:00 < start: 2026-06-08T08:42:23.072Z)
[SKIP-BACKFILL] fellows.joined from agent-0d3ae6786e9d (ts: 2026-06-07T03:46:00.058316+00:00 < start: 2026-06-08T08:42:23.072Z)
[SKIP-BACKFILL] fellows.joined from agent-5b4e579d93e0 (ts: 2026-06-07T04:07:18.257165+00:00 < start: 2026-06-08T08:42:23.072Z)
[SKIP-BACKFILL] fellows.joined from agent-a79a4d97e78c (ts: 2026-06-07T04:07:57.914185+00:00 < start: 2026-06-08T08:42:23.072Z)
[SKIP-BACKFILL] fellows.joined from agent-ca49e8a935ff (ts: 2026-06-07T04:08:02.924371+00:00 < start: 2026-06-08T08:42:23.072Z)
[SKIP-BACKFILL] fellows.joined from agent-21f4f5e4b290 (ts: 2026-06-07T04:08:09.932471+00:00 < start: 2026-06-08T08:42:23.072Z)
[SKIP-BACKFILL] fellows.joined from agent-a578ab1edc32 (ts: 2026-06-07T06:22:24.341249+00:00 < start: 2026-06-08T08:42:23.072Z)
[SKIP-BACKFILL] fellows.joined from agent-48d8326a335c (ts: 2026-06-07T06:22:28.453733+00:00 < start: 2026-06-08T08:42:23.072Z)
[SKIP-BACKFILL] fellows.joined from agent-3a26459081c0 (ts: 2026-06-07T06:22:35.531547+00:00 < start: 2026-06-08T08:42:23.072Z)
[SKIP-BACKFILL] fellows.joined from agent-82e367d8b2c4 (ts: 2026-06-07T08:37:56.692041+00:00 < start: 2026-06-08T08:42:23.072Z)
[SKIP-BACKFILL] fellows.joined from agent-5643a156f527 (ts: 2026-06-07T08:41:42.292176+00:00 < start: 2026-06-08T08:42:23.072Z)
[SKIP-BACKFILL] fellows.joined from agent-6de37597dde4 (ts: 2026-06-07T11:33:43.636095+00:00 < start: 2026-06-08T08:42:23.072Z)
[SKIP-BACKFILL] fellows.joined from agent-03a8f003ee02 (ts: 2026-06-07T11:40:05.520280+00:00 < start: 2026-06-08T08:42:23.072Z)
[SLACK-DRY-RUN] 🥳 agent-9319cf49e1af has entered the Hearthlands — 0 $EMBER
[SLACK-DRY-RUN] 🥳 agent-2229800cd23a has entered the Hearthlands — 0 $EMBER
[SLACK] fellows.joined → agent-9319cf49e1af
[SLACK] fellows.joined → agent-2229800cd23a
[ERROR] Stream error: unknown . Reconnecting in 6347ms (attempt 1)...
[CONNECT] attempt=2 last_event_id=tick-5146 next_backoff=6614ms
[OPEN] Stream connected. Listening for events... (pid=20620, last_event_id=tick-5146)
[READY] backfilled 30 events · live tail begins (ts: 2026-06-08T09:35:40.826020+00:00)
[SKIP-BACKFILL] fellows.joined from agent-5836101ce6a0 (ts: 2026-06-07T03:20:48.449908+00:00 < start: 2026-06-08T08:42:23.072Z)
[SKIP-BACKFILL] fellows.joined from agent-b265127eacef (ts: 2026-06-07T03:20:55.504373+00:00 < start: 2026-06-08T08:42:23.072Z)
[SKIP-BACKFILL] fellows.joined from agent-091ddc8fc217 (ts: 2026-06-07T03:28:26.508756+00:00 < start: 2026-06-08T08:42:23.072Z)
[SKIP-BACKFILL] fellows.joined from agent-38bdd62a0d80 (ts: 2026-06-07T03:30:08.785819+00:00 < start: 2026-06-08T08:42:23.072Z)
[SKIP-BACKFILL] fellows.joined from agent-96f3e5280484 (ts: 2026-06-07T03:30:13.714626+00:00 < start: 2026-06-08T08:42:23.072Z)
[SKIP-BACKFILL] fellows.joined from agent-551fb91395c9 (ts: 2026-06-07T03:30:20.892741+00:00 < start: 2026-06-08T08:42:23.072Z)
[SKIP-BACKFILL] fellows.joined from agent-0b9cdcac873f (ts: 2026-06-07T03:37:01.745042+00:00 < start: 2026-06-08T08:42:23.072Z)
[SKIP-BACKFILL] fellows.joined from agent-460f48b359fc (ts: 2026-06-07T03:37:01.993597+00:00 < start: 2026-06-08T08:42:23.072Z)
[SKIP-BACKFILL] fellows.joined from agent-7748d1432bf0 (ts: 2026-06-07T03:37:02.298331+00:00 < start: 2026-06-08T08:42:23.072Z)
[SKIP-BACKFILL] fellows.joined from agent-4f752e22c475 (ts: 2026-06-07T03:38:04.854735+00:00 < start: 2026-06-08T08:42:23.072Z)
[SKIP-BACKFILL] fellows.joined from agent-f69770251904 (ts: 2026-06-07T03:40:31.916639+00:00 < start: 2026-06-08T08:42:23.072Z)
[SKIP-BACKFILL] fellows.joined from agent-0bf8ef15d8be (ts: 2026-06-07T03:40:36.963530+00:00 < start: 2026-06-08T08:42:23.072Z)
[SKIP-BACKFILL] fellows.joined from agent-6f511416da3c (ts: 2026-06-07T03:40:44.005379+00:00 < start: 2026-06-08T08:42:23.072Z)
[SKIP-BACKFILL] fellows.joined from agent-29bbc3e464ca (ts: 2026-06-07T03:45:05.777989+00:00 < start: 2026-06-08T08:42:23.072Z)
[SKIP-BACKFILL] fellows.joined from agent-78d9c02b11ec (ts: 2026-06-07T03:45:47.815905+00:00 < start: 2026-06-08T08:42:23.072Z)
[SKIP-BACKFILL] fellows.joined from agent-cfcf5eb3dff9 (ts: 2026-06-07T03:45:52.853585+00:00 < start: 2026-06-08T08:42:23.072Z)
[SKIP-BACKFILL] fellows.joined from agent-0d3ae6786e9d (ts: 2026-06-07T03:46:00.058316+00:00 < start: 2026-06-08T08:42:23.072Z)
[SKIP-BACKFILL] fellows.joined from agent-5b4e579d93e0 (ts: 2026-06-07T04:07:18.257165+00:00 < start: 2026-06-08T08:42:23.072Z)
[SKIP-BACKFILL] fellows.joined from agent-a79a4d97e78c (ts: 2026-06-07T04:07:57.914185+00:00 < start: 2026-06-08T08:42:23.072Z)
[SKIP-BACKFILL] fellows.joined from agent-ca49e8a935ff (ts: 2026-06-07T04:08:02.924371+00:00 < start: 2026-06-08T08:42:23.072Z)
[SKIP-BACKFILL] fellows.joined from agent-21f4f5e4b290 (ts: 2026-06-07T04:08:09.932471+00:00 < start: 2026-06-08T08:42:23.072Z)
[SKIP-BACKFILL] fellows.joined from agent-a578ab1edc32 (ts: 2026-06-07T06:22:24.341249+00:00 < start: 2026-06-08T08:42:23.072Z)
[SKIP-BACKFILL] fellows.joined from agent-48d8326a335c (ts: 2026-06-07T06:22:28.453733+00:00 < start: 2026-06-08T08:42:23.072Z)
[SKIP-BACKFILL] fellows.joined from agent-3a26459081c0 (ts: 2026-06-07T06:22:35.531547+00:00 < start: 2026-06-08T08:42:23.072Z)
[SKIP-BACKFILL] fellows.joined from agent-82e367d8b2c4 (ts: 2026-06-07T08:37:56.692041+00:00 < start: 2026-06-08T08:42:23.072Z)
[SKIP-BACKFILL] fellows.joined from agent-5643a156f527 (ts: 2026-06-07T08:41:42.292176+00:00 < start: 2026-06-08T08:42:23.072Z)
[SKIP-BACKFILL] fellows.joined from agent-6de37597dde4 (ts: 2026-06-07T11:33:43.636095+00:00 < start: 2026-06-08T08:42:23.072Z)
[SKIP-BACKFILL] fellows.joined from agent-03a8f003ee02 (ts: 2026-06-07T11:40:05.520280+00:00 < start: 2026-06-08T08:42:23.072Z)
[SLACK-DRY-RUN] 🥳 agent-9319cf49e1af has entered the Hearthlands — 0 $EMBER
[SLACK] fellows.joined → agent-9319cf49e1af
[SLACK-DRY-RUN] 🥳 agent-2229800cd23a has entered the Hearthlands — 0 $EMBER
[SLACK] fellows.joined → agent-2229800cd23a
[ERROR] Stream error: unknown . Reconnecting in 6614ms (attempt 1)...
[CONNECT] attempt=2 last_event_id=tick-5149 next_backoff=6552ms
[OPEN] Stream connected. Listening for events... (pid=20620, last_event_id=tick-5149)
[READY] backfilled 30 events · live tail begins (ts: 2026-06-08T09:36:47.611161+00:00)
[SKIP-BACKFILL] fellows.joined from agent-5836101ce6a0 (ts: 2026-06-07T03:20:48.449908+00:00 < start: 2026-06-08T08:42:23.072Z)
[SKIP-BACKFILL] fellows.joined from agent-b265127eacef (ts: 2026-06-07T03:20:55.504373+00:00 < start: 2026-06-08T08:42:23.072Z)
[SKIP-BACKFILL] fellows.joined from agent-091ddc8fc217 (ts: 2026-06-07T03:28:26.508756+00:00 < start: 2026-06-08T08:42:23.072Z)
[SKIP-BACKFILL] fellows.joined from agent-38bdd62a0d80 (ts: 2026-06-07T03:30:08.785819+00:00 < start: 2026-06-08T08:42:23.072Z)
[SKIP-BACKFILL] fellows.joined from agent-96f3e5280484 (ts: 2026-06-07T03:30:13.714626+00:00 < start: 2026-06-08T08:42:23.072Z)
[SKIP-BACKFILL] fellows.joined from agent-551fb91395c9 (ts: 2026-06-07T03:30:20.892741+00:00 < start: 2026-06-08T08:42:23.072Z)
[SKIP-BACKFILL] fellows.joined from agent-0b9cdcac873f (ts: 2026-06-07T03:37:01.745042+00:00 < start: 2026-06-08T08:42:23.072Z)
[SKIP-BACKFILL] fellows.joined from agent-460f48b359fc (ts: 2026-06-07T03:37:01.993597+00:00 < start: 2026-06-08T08:42:23.072Z)
[SKIP-BACKFILL] fellows.joined from agent-7748d1432bf0 (ts: 2026-06-07T03:37:02.298331+00:00 < start: 2026-06-08T08:42:23.072Z)
[SKIP-BACKFILL] fellows.joined from agent-4f752e22c475 (ts: 2026-06-07T03:38:04.854735+00:00 < start: 2026-06-08T08:42:23.072Z)
[SKIP-BACKFILL] fellows.joined from agent-f69770251904 (ts: 2026-06-07T03:40:31.916639+00:00 < start: 2026-06-08T08:42:23.072Z)
[SKIP-BACKFILL] fellows.joined from agent-0bf8ef15d8be (ts: 2026-06-07T03:40:36.963530+00:00 < start: 2026-06-08T08:42:23.072Z)
[SKIP-BACKFILL] fellows.joined from agent-6f511416da3c (ts: 2026-06-07T03:40:44.005379+00:00 < start: 2026-06-08T08:42:23.072Z)
[SKIP-BACKFILL] fellows.joined from agent-29bbc3e464ca (ts: 2026-06-07T03:45:05.777989+00:00 < start: 2026-06-08T08:42:23.072Z)
[SKIP-BACKFILL] fellows.joined from agent-78d9c02b11ec (ts: 2026-06-07T03:45:47.815905+00:00 < start: 2026-06-08T08:42:23.072Z)
[SKIP-BACKFILL] fellows.joined from agent-cfcf5eb3dff9 (ts: 2026-06-07T03:45:52.853585+00:00 < start: 2026-06-08T08:42:23.072Z)
[SKIP-BACKFILL] fellows.joined from agent-0d3ae6786e9d (ts: 2026-06-07T03:46:00.058316+00:00 < start: 2026-06-08T08:42:23.072Z)
[SKIP-BACKFILL] fellows.joined from agent-5b4e579d93e0 (ts: 2026-06-07T04:07:18.257165+00:00 < start: 2026-06-08T08:42:23.072Z)
[SKIP-BACKFILL] fellows.joined from agent-a79a4d97e78c (ts: 2026-06-07T04:07:57.914185+00:00 < start: 2026-06-08T08:42:23.072Z)
[SKIP-BACKFILL] fellows.joined from agent-ca49e8a935ff (ts: 2026-06-07T04:08:02.924371+00:00 < start: 2026-06-08T08:42:23.072Z)
[SKIP-BACKFILL] fellows.joined from agent-21f4f5e4b290 (ts: 2026-06-07T04:08:09.932471+00:00 < start: 2026-06-08T08:42:23.072Z)
[SKIP-BACKFILL] fellows.joined from agent-a578ab1edc32 (ts: 2026-06-07T06:22:24.341249+00:00 < start: 2026-06-08T08:42:23.072Z)
[SKIP-BACKFILL] fellows.joined from agent-48d8326a335c (ts: 2026-06-07T06:22:28.453733+00:00 < start: 2026-06-08T08:42:23.072Z)
[SKIP-BACKFILL] fellows.joined from agent-3a26459081c0 (ts: 2026-06-07T06:22:35.531547+00:00 < start: 2026-06-08T08:42:23.072Z)
[SKIP-BACKFILL] fellows.joined from agent-82e367d8b2c4 (ts: 2026-06-07T08:37:56.692041+00:00 < start: 2026-06-08T08:42:23.072Z)
[SKIP-BACKFILL] fellows.joined from agent-5643a156f527 (ts: 2026-06-07T08:41:42.292176+00:00 < start: 2026-06-08T08:42:23.072Z)
[SKIP-BACKFILL] fellows.joined from agent-6de37597dde4 (ts: 2026-06-07T11:33:43.636095+00:00 < start: 2026-06-08T08:42:23.072Z)
[SKIP-BACKFILL] fellows.joined from agent-03a8f003ee02 (ts: 2026-06-07T11:40:05.520280+00:00 < start: 2026-06-08T08:42:23.072Z)
[SLACK-DRY-RUN] 🥳 agent-9319cf49e1af has entered the Hearthlands — 0 $EMBER
[SLACK-DRY-RUN] 🥳 agent-2229800cd23a has entered the Hearthlands — 0 $EMBER
[SLACK] fellows.joined → agent-9319cf49e1af
[SLACK] fellows.joined → agent-2229800cd23a
[ERROR] Stream error: unknown . Reconnecting in 6552ms (attempt 1)...
[CONNECT] attempt=2 last_event_id=tick-5151 next_backoff=6627ms
[OPEN] Stream connected. Listening for events... (pid=20620, last_event_id=tick-5151)
[READY] backfilled 30 events · live tail begins (ts: 2026-06-08T09:37:54.372782+00:00)
[SKIP-BACKFILL] fellows.joined from agent-5836101ce6a0 (ts: 2026-06-07T03:20:48.449908+00:00 < start: 2026-06-08T08:42:23.072Z)
[SKIP-BACKFILL] fellows.joined from agent-b265127eacef (ts: 2026-06-07T03:20:55.504373+00:00 < start: 2026-06-08T08:42:23.072Z)
[SKIP-BACKFILL] fellows.joined from agent-091ddc8fc217 (ts: 2026-06-07T03:28:26.508756+00:00 < start: 2026-06-08T08:42:23.072Z)
[SKIP-BACKFILL] fellows.joined from agent-38bdd62a0d80 (ts: 2026-06-07T03:30:08.785819+00:00 < start: 2026-06-08T08:42:23.072Z)
[SKIP-BACKFILL] fellows.joined from agent-96f3e5280484 (ts: 2026-06-07T03:30:13.714626+00:00 < start: 2026-06-08T08:42:23.072Z)
[SKIP-BACKFILL] fellows.joined from agent-551fb91395c9 (ts: 2026-06-07T03:30:20.892741+00:00 < start: 2026-06-08T08:42:23.072Z)
[SKIP-BACKFILL] fellows.joined from agent-0b9cdcac873f (ts: 2026-06-07T03:37:01.745042+00:00 < start: 2026-06-08T08:42:23.072Z)
[SKIP-BACKFILL] fellows.joined from agent-460f48b359fc (ts: 2026-06-07T03:37:01.993597+00:00 < start: 2026-06-08T08:42:23.072Z)
[SKIP-BACKFILL] fellows.joined from agent-7748d1432bf0 (ts: 2026-06-07T03:37:02.298331+00:00 < start: 2026-06-08T08:42:23.072Z)
[SKIP-BACKFILL] fellows.joined from agent-4f752e22c475 (ts: 2026-06-07T03:38:04.854735+00:00 < start: 2026-06-08T08:42:23.072Z)
[SKIP-BACKFILL] fellows.joined from agent-f69770251904 (ts: 2026-06-07T03:40:31.916639+00:00 < start: 2026-06-08T08:42:23.072Z)
[SKIP-BACKFILL] fellows.joined from agent-0bf8ef15d8be (ts: 2026-06-07T03:40:36.963530+00:00 < start: 2026-06-08T08:42:23.072Z)
[SKIP-BACKFILL] fellows.joined from agent-6f511416da3c (ts: 2026-06-07T03:40:44.005379+00:00 < start: 2026-06-08T08:42:23.072Z)
[SKIP-BACKFILL] fellows.joined from agent-29bbc3e464ca (ts: 2026-06-07T03:45:05.777989+00:00 < start: 2026-06-08T08:42:23.072Z)
[SKIP-BACKFILL] fellows.joined from agent-78d9c02b11ec (ts: 2026-06-07T03:45:47.815905+00:00 < start: 2026-06-08T08:42:23.072Z)
[SKIP-BACKFILL] fellows.joined from agent-cfcf5eb3dff9 (ts: 2026-06-07T03:45:52.853585+00:00 < start: 2026-06-08T08:42:23.072Z)
[SKIP-BACKFILL] fellows.joined from agent-0d3ae6786e9d (ts: 2026-06-07T03:46:00.058316+00:00 < start: 2026-06-08T08:42:23.072Z)
[SKIP-BACKFILL] fellows.joined from agent-5b4e579d93e0 (ts: 2026-06-07T04:07:18.257165+00:00 < start: 2026-06-08T08:42:23.072Z)
[SKIP-BACKFILL] fellows.joined from agent-a79a4d97e78c (ts: 2026-06-07T04:07:57.914185+00:00 < start: 2026-06-08T08:42:23.072Z)
[SKIP-BACKFILL] fellows.joined from agent-ca49e8a935ff (ts: 2026-06-07T04:08:02.924371+00:00 < start: 2026-06-08T08:42:23.072Z)
[SKIP-BACKFILL] fellows.joined from agent-21f4f5e4b290 (ts: 2026-06-07T04:08:09.932471+00:00 < start: 2026-06-08T08:42:23.072Z)
[SKIP-BACKFILL] fellows.joined from agent-a578ab1edc32 (ts: 2026-06-07T06:22:24.341249+00:00 < start: 2026-06-08T08:42:23.072Z)
[SKIP-BACKFILL] fellows.joined from agent-48d8326a335c (ts: 2026-06-07T06:22:28.453733+00:00 < start: 2026-06-08T08:42:23.072Z)
[SKIP-BACKFILL] fellows.joined from agent-3a26459081c0 (ts: 2026-06-07T06:22:35.531547+00:00 < start: 2026-06-08T08:42:23.072Z)
[SKIP-BACKFILL] fellows.joined from agent-82e367d8b2c4 (ts: 2026-06-07T08:37:56.692041+00:00 < start: 2026-06-08T08:42:23.072Z)
[SKIP-BACKFILL] fellows.joined from agent-5643a156f527 (ts: 2026-06-07T08:41:42.292176+00:00 < start: 2026-06-08T08:42:23.072Z)
[SKIP-BACKFILL] fellows.joined from agent-6de37597dde4 (ts: 2026-06-07T11:33:43.636095+00:00 < start: 2026-06-08T08:42:23.072Z)
[SKIP-BACKFILL] fellows.joined from agent-03a8f003ee02 (ts: 2026-06-07T11:40:05.520280+00:00 < start: 2026-06-08T08:42:23.072Z)
[SLACK-DRY-RUN] 🥳 agent-9319cf49e1af has entered the Hearthlands — 0 $EMBER
[SLACK-DRY-RUN] 🥳 agent-2229800cd23a has entered the Hearthlands — 0 $EMBER
[SLACK] fellows.joined → agent-9319cf49e1af
[SLACK] fellows.joined → agent-2229800cd23a
[ERROR] Stream error: unknown . Reconnecting in 6627ms (attempt 1)...
[CONNECT] attempt=2 last_event_id=tick-5153 next_backoff=6551ms
[OPEN] Stream connected. Listening for events... (pid=20620, last_event_id=tick-5153)
[READY] backfilled 30 events · live tail begins (ts: 2026-06-08T09:39:01.177825+00:00)
[SKIP-BACKFILL] fellows.joined from agent-5836101ce6a0 (ts: 2026-06-07T03:20:48.449908+00:00 < start: 2026-06-08T08:42:23.072Z)
[SKIP-BACKFILL] fellows.joined from agent-b265127eacef (ts: 2026-06-07T03:20:55.504373+00:00 < start: 2026-06-08T08:42:23.072Z)
[SKIP-BACKFILL] fellows.joined from agent-091ddc8fc217 (ts: 2026-06-07T03:28:26.508756+00:00 < start: 2026-06-08T08:42:23.072Z)
[SKIP-BACKFILL] fellows.joined from agent-38bdd62a0d80 (ts: 2026-06-07T03:30:08.785819+00:00 < start: 2026-06-08T08:42:23.072Z)
[SKIP-BACKFILL] fellows.joined from agent-96f3e5280484 (ts: 2026-06-07T03:30:13.714626+00:00 < start: 2026-06-08T08:42:23.072Z)
[SKIP-BACKFILL] fellows.joined from agent-551fb91395c9 (ts: 2026-06-07T03:30:20.892741+00:00 < start: 2026-06-08T08:42:23.072Z)
[SKIP-BACKFILL] fellows.joined from agent-0b9cdcac873f (ts: 2026-06-07T03:37:01.745042+00:00 < start: 2026-06-08T08:42:23.072Z)
[SKIP-BACKFILL] fellows.joined from agent-460f48b359fc (ts: 2026-06-07T03:37:01.993597+00:00 < start: 2026-06-08T08:42:23.072Z)
[SKIP-BACKFILL] fellows.joined from agent-7748d1432bf0 (ts: 2026-06-07T03:37:02.298331+00:00 < start: 2026-06-08T08:42:23.072Z)
[SKIP-BACKFILL] fellows.joined from agent-4f752e22c475 (ts: 2026-06-07T03:38:04.854735+00:00 < start: 2026-06-08T08:42:23.072Z)
[SKIP-BACKFILL] fellows.joined from agent-f69770251904 (ts: 2026-06-07T03:40:31.916639+00:00 < start: 2026-06-08T08:42:23.072Z)
[SKIP-BACKFILL] fellows.joined from agent-0bf8ef15d8be (ts: 2026-06-07T03:40:36.963530+00:00 < start: 2026-06-08T08:42:23.072Z)
[SKIP-BACKFILL] fellows.joined from agent-6f511416da3c (ts: 2026-06-07T03:40:44.005379+00:00 < start: 2026-06-08T08:42:23.072Z)
[SKIP-BACKFILL] fellows.joined from agent-29bbc3e464ca (ts: 2026-06-07T03:45:05.777989+00:00 < start: 2026-06-08T08:42:23.072Z)
[SKIP-BACKFILL] fellows.joined from agent-78d9c02b11ec (ts: 2026-06-07T03:45:47.815905+00:00 < start: 2026-06-08T08:42:23.072Z)
[SKIP-BACKFILL] fellows.joined from agent-cfcf5eb3dff9 (ts: 2026-06-07T03:45:52.853585+00:00 < start: 2026-06-08T08:42:23.072Z)
[SKIP-BACKFILL] fellows.joined from agent-0d3ae6786e9d (ts: 2026-06-07T03:46:00.058316+00:00 < start: 2026-06-08T08:42:23.072Z)
[SKIP-BACKFILL] fellows.joined from agent-5b4e579d93e0 (ts: 2026-06-07T04:07:18.257165+00:00 < start: 2026-06-08T08:42:23.072Z)
[SKIP-BACKFILL] fellows.joined from agent-a79a4d97e78c (ts: 2026-06-07T04:07:57.914185+00:00 < start: 2026-06-08T08:42:23.072Z)
[SKIP-BACKFILL] fellows.joined from agent-ca49e8a935ff (ts: 2026-06-07T04:08:02.924371+00:00 < start: 2026-06-08T08:42:23.072Z)
[SKIP-BACKFILL] fellows.joined from agent-21f4f5e4b290 (ts: 2026-06-07T04:08:09.932471+00:00 < start: 2026-06-08T08:42:23.072Z)
[SKIP-BACKFILL] fellows.joined from agent-a578ab1edc32 (ts: 2026-06-07T06:22:24.341249+00:00 < start: 2026-06-08T08:42:23.072Z)
[SKIP-BACKFILL] fellows.joined from agent-48d8326a335c (ts: 2026-06-07T06:22:28.453733+00:00 < start: 2026-06-08T08:42:23.072Z)
[SKIP-BACKFILL] fellows.joined from agent-3a26459081c0 (ts: 2026-06-07T06:22:35.531547+00:00 < start: 2026-06-08T08:42:23.072Z)
[SKIP-BACKFILL] fellows.joined from agent-82e367d8b2c4 (ts: 2026-06-07T08:37:56.692041+00:00 < start: 2026-06-08T08:42:23.072Z)
[SKIP-BACKFILL] fellows.joined from agent-5643a156f527 (ts: 2026-06-07T08:41:42.292176+00:00 < start: 2026-06-08T08:42:23.072Z)
[SKIP-BACKFILL] fellows.joined from agent-6de37597dde4 (ts: 2026-06-07T11:33:43.636095+00:00 < start: 2026-06-08T08:42:23.072Z)
[SKIP-BACKFILL] fellows.joined from agent-03a8f003ee02 (ts: 2026-06-07T11:40:05.520280+00:00 < start: 2026-06-08T08:42:23.072Z)
[SLACK-DRY-RUN] 🥳 agent-9319cf49e1af has entered the Hearthlands — 0 $EMBER
[SLACK-DRY-RUN] 🥳 agent-2229800cd23a has entered the Hearthlands — 0 $EMBER
[SLACK] fellows.joined → agent-9319cf49e1af
[SLACK] fellows.joined → agent-2229800cd23a
[ERROR] Stream error: unknown . Reconnecting in 6551ms (attempt 1)...
[CONNECT] attempt=2 last_event_id=tick-5155 next_backoff=6119ms
[OPEN] Stream connected. Listening for events... (pid=20620, last_event_id=tick-5155)
[READY] backfilled 30 events · live tail begins (ts: 2026-06-08T09:40:07.919586+00:00)
[SKIP-BACKFILL] fellows.joined from agent-5836101ce6a0 (ts: 2026-06-07T03:20:48.449908+00:00 < start: 2026-06-08T08:42:23.072Z)
[SKIP-BACKFILL] fellows.joined from agent-b265127eacef (ts: 2026-06-07T03:20:55.504373+00:00 < start: 2026-06-08T08:42:23.072Z)
[SKIP-BACKFILL] fellows.joined from agent-091ddc8fc217 (ts: 2026-06-07T03:28:26.508756+00:00 < start: 2026-06-08T08:42:23.072Z)
[SKIP-BACKFILL] fellows.joined from agent-38bdd62a0d80 (ts: 2026-06-07T03:30:08.785819+00:00 < start: 2026-06-08T08:42:23.072Z)
[SKIP-BACKFILL] fellows.joined from agent-96f3e5280484 (ts: 2026-06-07T03:30:13.714626+00:00 < start: 2026-06-08T08:42:23.072Z)
[SKIP-BACKFILL] fellows.joined from agent-551fb91395c9 (ts: 2026-06-07T03:30:20.892741+00:00 < start: 2026-06-08T08:42:23.072Z)
[SKIP-BACKFILL] fellows.joined from agent-0b9cdcac873f (ts: 2026-06-07T03:37:01.745042+00:00 < start: 2026-06-08T08:42:23.072Z)
[SKIP-BACKFILL] fellows.joined from agent-460f48b359fc (ts: 2026-06-07T03:37:01.993597+00:00 < start: 2026-06-08T08:42:23.072Z)
[SKIP-BACKFILL] fellows.joined from agent-7748d1432bf0 (ts: 2026-06-07T03:37:02.298331+00:00 < start: 2026-06-08T08:42:23.072Z)
[SKIP-BACKFILL] fellows.joined from agent-4f752e22c475 (ts: 2026-06-07T03:38:04.854735+00:00 < start: 2026-06-08T08:42:23.072Z)
[SKIP-BACKFILL] fellows.joined from agent-f69770251904 (ts: 2026-06-07T03:40:31.916639+00:00 < start: 2026-06-08T08:42:23.072Z)
[SKIP-BACKFILL] fellows.joined from agent-0bf8ef15d8be (ts: 2026-06-07T03:40:36.963530+00:00 < start: 2026-06-08T08:42:23.072Z)
[SKIP-BACKFILL] fellows.joined from agent-6f511416da3c (ts: 2026-06-07T03:40:44.005379+00:00 < start: 2026-06-08T08:42:23.072Z)
[SKIP-BACKFILL] fellows.joined from agent-29bbc3e464ca (ts: 2026-06-07T03:45:05.777989+00:00 < start: 2026-06-08T08:42:23.072Z)
[SKIP-BACKFILL] fellows.joined from agent-78d9c02b11ec (ts: 2026-06-07T03:45:47.815905+00:00 < start: 2026-06-08T08:42:23.072Z)
[SKIP-BACKFILL] fellows.joined from agent-cfcf5eb3dff9 (ts: 2026-06-07T03:45:52.853585+00:00 < start: 2026-06-08T08:42:23.072Z)
[SKIP-BACKFILL] fellows.joined from agent-0d3ae6786e9d (ts: 2026-06-07T03:46:00.058316+00:00 < start: 2026-06-08T08:42:23.072Z)
[SKIP-BACKFILL] fellows.joined from agent-5b4e579d93e0 (ts: 2026-06-07T04:07:18.257165+00:00 < start: 2026-06-08T08:42:23.072Z)
[SKIP-BACKFILL] fellows.joined from agent-a79a4d97e78c (ts: 2026-06-07T04:07:57.914185+00:00 < start: 2026-06-08T08:42:23.072Z)
[SKIP-BACKFILL] fellows.joined from agent-ca49e8a935ff (ts: 2026-06-07T04:08:02.924371+00:00 < start: 2026-06-08T08:42:23.072Z)
[SKIP-BACKFILL] fellows.joined from agent-21f4f5e4b290 (ts: 2026-06-07T04:08:09.932471+00:00 < start: 2026-06-08T08:42:23.072Z)
[SKIP-BACKFILL] fellows.joined from agent-a578ab1edc32 (ts: 2026-06-07T06:22:24.341249+00:00 < start: 2026-06-08T08:42:23.072Z)
[SKIP-BACKFILL] fellows.joined from agent-48d8326a335c (ts: 2026-06-07T06:22:28.453733+00:00 < start: 2026-06-08T08:42:23.072Z)
[SKIP-BACKFILL] fellows.joined from agent-3a26459081c0 (ts: 2026-06-07T06:22:35.531547+00:00 < start: 2026-06-08T08:42:23.072Z)
[SKIP-BACKFILL] fellows.joined from agent-82e367d8b2c4 (ts: 2026-06-07T08:37:56.692041+00:00 < start: 2026-06-08T08:42:23.072Z)
[SKIP-BACKFILL] fellows.joined from agent-5643a156f527 (ts: 2026-06-07T08:41:42.292176+00:00 < start: 2026-06-08T08:42:23.072Z)
[SKIP-BACKFILL] fellows.joined from agent-6de37597dde4 (ts: 2026-06-07T11:33:43.636095+00:00 < start: 2026-06-08T08:42:23.072Z)
[SKIP-BACKFILL] fellows.joined from agent-03a8f003ee02 (ts: 2026-06-07T11:40:05.520280+00:00 < start: 2026-06-08T08:42:23.072Z)
[SLACK-DRY-RUN] 🥳 agent-9319cf49e1af has entered the Hearthlands — 0 $EMBER
[SLACK-DRY-RUN] 🥳 agent-2229800cd23a has entered the Hearthlands — 0 $EMBER
[SLACK] fellows.joined → agent-9319cf49e1af
[SLACK] fellows.joined → agent-2229800cd23a
[ERROR] Stream error: unknown . Reconnecting in 6119ms (attempt 1)...
[CONNECT] attempt=2 last_event_id=tick-5158 next_backoff=6743ms
[OPEN] Stream connected. Listening for events... (pid=20620, last_event_id=tick-5158)
[READY] backfilled 30 events · live tail begins (ts: 2026-06-08T09:41:14.202133+00:00)
[SKIP-BACKFILL] fellows.joined from agent-5836101ce6a0 (ts: 2026-06-07T03:20:48.449908+00:00 < start: 2026-06-08T08:42:23.072Z)
[SKIP-BACKFILL] fellows.joined from agent-b265127eacef (ts: 2026-06-07T03:20:55.504373+00:00 < start: 2026-06-08T08:42:23.072Z)
[SKIP-BACKFILL] fellows.joined from agent-091ddc8fc217 (ts: 2026-06-07T03:28:26.508756+00:00 < start: 2026-06-08T08:42:23.072Z)
[SKIP-BACKFILL] fellows.joined from agent-38bdd62a0d80 (ts: 2026-06-07T03:30:08.785819+00:00 < start: 2026-06-08T08:42:23.072Z)
[SKIP-BACKFILL] fellows.joined from agent-96f3e5280484 (ts: 2026-06-07T03:30:13.714626+00:00 < start: 2026-06-08T08:42:23.072Z)
[SKIP-BACKFILL] fellows.joined from agent-551fb91395c9 (ts: 2026-06-07T03:30:20.892741+00:00 < start: 2026-06-08T08:42:23.072Z)
[SKIP-BACKFILL] fellows.joined from agent-0b9cdcac873f (ts: 2026-06-07T03:37:01.745042+00:00 < start: 2026-06-08T08:42:23.072Z)
[SKIP-BACKFILL] fellows.joined from agent-460f48b359fc (ts: 2026-06-07T03:37:01.993597+00:00 < start: 2026-06-08T08:42:23.072Z)
[SKIP-BACKFILL] fellows.joined from agent-7748d1432bf0 (ts: 2026-06-07T03:37:02.298331+00:00 < start: 2026-06-08T08:42:23.072Z)
[SKIP-BACKFILL] fellows.joined from agent-4f752e22c475 (ts: 2026-06-07T03:38:04.854735+00:00 < start: 2026-06-08T08:42:23.072Z)
[SKIP-BACKFILL] fellows.joined from agent-f69770251904 (ts: 2026-06-07T03:40:31.916639+00:00 < start: 2026-06-08T08:42:23.072Z)
[SKIP-BACKFILL] fellows.joined from agent-0bf8ef15d8be (ts: 2026-06-07T03:40:36.963530+00:00 < start: 2026-06-08T08:42:23.072Z)
[SKIP-BACKFILL] fellows.joined from agent-6f511416da3c (ts: 2026-06-07T03:40:44.005379+00:00 < start: 2026-06-08T08:42:23.072Z)
[SKIP-BACKFILL] fellows.joined from agent-29bbc3e464ca (ts: 2026-06-07T03:45:05.777989+00:00 < start: 2026-06-08T08:42:23.072Z)
[SKIP-BACKFILL] fellows.joined from agent-78d9c02b11ec (ts: 2026-06-07T03:45:47.815905+00:00 < start: 2026-06-08T08:42:23.072Z)
[SKIP-BACKFILL] fellows.joined from agent-cfcf5eb3dff9 (ts: 2026-06-07T03:45:52.853585+00:00 < start: 2026-06-08T08:42:23.072Z)
[SKIP-BACKFILL] fellows.joined from agent-0d3ae6786e9d (ts: 2026-06-07T03:46:00.058316+00:00 < start: 2026-06-08T08:42:23.072Z)
[SKIP-BACKFILL] fellows.joined from agent-5b4e579d93e0 (ts: 2026-06-07T04:07:18.257165+00:00 < start: 2026-06-08T08:42:23.072Z)
[SKIP-BACKFILL] fellows.joined from agent-a79a4d97e78c (ts: 2026-06-07T04:07:57.914185+00:00 < start: 2026-06-08T08:42:23.072Z)
[SKIP-BACKFILL] fellows.joined from agent-ca49e8a935ff (ts: 2026-06-07T04:08:02.924371+00:00 < start: 2026-06-08T08:42:23.072Z)
[SKIP-BACKFILL] fellows.joined from agent-21f4f5e4b290 (ts: 2026-06-07T04:08:09.932471+00:00 < start: 2026-06-08T08:42:23.072Z)
[SKIP-BACKFILL] fellows.joined from agent-a578ab1edc32 (ts: 2026-06-07T06:22:24.341249+00:00 < start: 2026-06-08T08:42:23.072Z)
[SKIP-BACKFILL] fellows.joined from agent-48d8326a335c (ts: 2026-06-07T06:22:28.453733+00:00 < start: 2026-06-08T08:42:23.072Z)
[SKIP-BACKFILL] fellows.joined from agent-3a26459081c0 (ts: 2026-06-07T06:22:35.531547+00:00 < start: 2026-06-08T08:42:23.072Z)
[SKIP-BACKFILL] fellows.joined from agent-82e367d8b2c4 (ts: 2026-06-07T08:37:56.692041+00:00 < start: 2026-06-08T08:42:23.072Z)
[SKIP-BACKFILL] fellows.joined from agent-5643a156f527 (ts: 2026-06-07T08:41:42.292176+00:00 < start: 2026-06-08T08:42:23.072Z)
[SKIP-BACKFILL] fellows.joined from agent-6de37597dde4 (ts: 2026-06-07T11:33:43.636095+00:00 < start: 2026-06-08T08:42:23.072Z)
[SKIP-BACKFILL] fellows.joined from agent-03a8f003ee02 (ts: 2026-06-07T11:40:05.520280+00:00 < start: 2026-06-08T08:42:23.072Z)
[SLACK-DRY-RUN] 🥳 agent-9319cf49e1af has entered the Hearthlands — 0 $EMBER
[SLACK-DRY-RUN] 🥳 agent-2229800cd23a has entered the Hearthlands — 0 $EMBER
[SLACK] fellows.joined → agent-9319cf49e1af
[SLACK] fellows.joined → agent-2229800cd23a
[ERROR] Stream error: unknown . Reconnecting in 6743ms (attempt 1)...
[CONNECT] attempt=2 last_event_id=tick-5160 next_backoff=6284ms
[OPEN] Stream connected. Listening for events... (pid=20620, last_event_id=tick-5160)
[READY] backfilled 30 events · live tail begins (ts: 2026-06-08T09:42:21.151961+00:00)
[SKIP-BACKFILL] fellows.joined from agent-5836101ce6a0 (ts: 2026-06-07T03:20:48.449908+00:00 < start: 2026-06-08T08:42:23.072Z)
[SKIP-BACKFILL] fellows.joined from agent-b265127eacef (ts: 2026-06-07T03:20:55.504373+00:00 < start: 2026-06-08T08:42:23.072Z)
[SKIP-BACKFILL] fellows.joined from agent-091ddc8fc217 (ts: 2026-06-07T03:28:26.508756+00:00 < start: 2026-06-08T08:42:23.072Z)
[SKIP-BACKFILL] fellows.joined from agent-38bdd62a0d80 (ts: 2026-06-07T03:30:08.785819+00:00 < start: 2026-06-08T08:42:23.072Z)
[SKIP-BACKFILL] fellows.joined from agent-96f3e5280484 (ts: 2026-06-07T03:30:13.714626+00:00 < start: 2026-06-08T08:42:23.072Z)
[SKIP-BACKFILL] fellows.joined from agent-551fb91395c9 (ts: 2026-06-07T03:30:20.892741+00:00 < start: 2026-06-08T08:42:23.072Z)
[SKIP-BACKFILL] fellows.joined from agent-0b9cdcac873f (ts: 2026-06-07T03:37:01.745042+00:00 < start: 2026-06-08T08:42:23.072Z)
[SKIP-BACKFILL] fellows.joined from agent-460f48b359fc (ts: 2026-06-07T03:37:01.993597+00:00 < start: 2026-06-08T08:42:23.072Z)
[SKIP-BACKFILL] fellows.joined from agent-7748d1432bf0 (ts: 2026-06-07T03:37:02.298331+00:00 < start: 2026-06-08T08:42:23.072Z)
[SKIP-BACKFILL] fellows.joined from agent-4f752e22c475 (ts: 2026-06-07T03:38:04.854735+00:00 < start: 2026-06-08T08:42:23.072Z)
[SKIP-BACKFILL] fellows.joined from agent-f69770251904 (ts: 2026-06-07T03:40:31.916639+00:00 < start: 2026-06-08T08:42:23.072Z)
[SKIP-BACKFILL] fellows.joined from agent-0bf8ef15d8be (ts: 2026-06-07T03:40:36.963530+00:00 < start: 2026-06-08T08:42:23.072Z)
[SKIP-BACKFILL] fellows.joined from agent-6f511416da3c (ts: 2026-06-07T03:40:44.005379+00:00 < start: 2026-06-08T08:42:23.072Z)
[SKIP-BACKFILL] fellows.joined from agent-29bbc3e464ca (ts: 2026-06-07T03:45:05.777989+00:00 < start: 2026-06-08T08:42:23.072Z)
[SKIP-BACKFILL] fellows.joined from agent-78d9c02b11ec (ts: 2026-06-07T03:45:47.815905+00:00 < start: 2026-06-08T08:42:23.072Z)
[SKIP-BACKFILL] fellows.joined from agent-cfcf5eb3dff9 (ts: 2026-06-07T03:45:52.853585+00:00 < start: 2026-06-08T08:42:23.072Z)
[SKIP-BACKFILL] fellows.joined from agent-0d3ae6786e9d (ts: 2026-06-07T03:46:00.058316+00:00 < start: 2026-06-08T08:42:23.072Z)
[SKIP-BACKFILL] fellows.joined from agent-5b4e579d93e0 (ts: 2026-06-07T04:07:18.257165+00:00 < start: 2026-06-08T08:42:23.072Z)
[SKIP-BACKFILL] fellows.joined from agent-a79a4d97e78c (ts: 2026-06-07T04:07:57.914185+00:00 < start: 2026-06-08T08:42:23.072Z)
[SKIP-BACKFILL] fellows.joined from agent-ca49e8a935ff (ts: 2026-06-07T04:08:02.924371+00:00 < start: 2026-06-08T08:42:23.072Z)
[SKIP-BACKFILL] fellows.joined from agent-21f4f5e4b290 (ts: 2026-06-07T04:08:09.932471+00:00 < start: 2026-06-08T08:42:23.072Z)
[SKIP-BACKFILL] fellows.joined from agent-a578ab1edc32 (ts: 2026-06-07T06:22:24.341249+00:00 < start: 2026-06-08T08:42:23.072Z)
[SKIP-BACKFILL] fellows.joined from agent-48d8326a335c (ts: 2026-06-07T06:22:28.453733+00:00 < start: 2026-06-08T08:42:23.072Z)
[SKIP-BACKFILL] fellows.joined from agent-3a26459081c0 (ts: 2026-06-07T06:22:35.531547+00:00 < start: 2026-06-08T08:42:23.072Z)
[SKIP-BACKFILL] fellows.joined from agent-82e367d8b2c4 (ts: 2026-06-07T08:37:56.692041+00:00 < start: 2026-06-08T08:42:23.072Z)
[SKIP-BACKFILL] fellows.joined from agent-5643a156f527 (ts: 2026-06-07T08:41:42.292176+00:00 < start: 2026-06-08T08:42:23.072Z)
[SKIP-BACKFILL] fellows.joined from agent-6de37597dde4 (ts: 2026-06-07T11:33:43.636095+00:00 < start: 2026-06-08T08:42:23.072Z)
[SKIP-BACKFILL] fellows.joined from agent-03a8f003ee02 (ts: 2026-06-07T11:40:05.520280+00:00 < start: 2026-06-08T08:42:23.072Z)
[SLACK-DRY-RUN] 🥳 agent-9319cf49e1af has entered the Hearthlands — 0 $EMBER
[SLACK] fellows.joined → agent-9319cf49e1af
[SLACK-DRY-RUN] 🥳 agent-2229800cd23a has entered the Hearthlands — 0 $EMBER
[SLACK] fellows.joined → agent-2229800cd23a
[ERROR] Stream error: unknown . Reconnecting in 6284ms (attempt 1)...
[CONNECT] attempt=2 last_event_id=tick-5162 next_backoff=6936ms
[OPEN] Stream connected. Listening for events... (pid=20620, last_event_id=tick-5162)
[READY] backfilled 30 events · live tail begins (ts: 2026-06-08T09:43:27.599013+00:00)
[SKIP-BACKFILL] fellows.joined from agent-5836101ce6a0 (ts: 2026-06-07T03:20:48.449908+00:00 < start: 2026-06-08T08:42:23.072Z)
[SKIP-BACKFILL] fellows.joined from agent-b265127eacef (ts: 2026-06-07T03:20:55.504373+00:00 < start: 2026-06-08T08:42:23.072Z)
[SKIP-BACKFILL] fellows.joined from agent-091ddc8fc217 (ts: 2026-06-07T03:28:26.508756+00:00 < start: 2026-06-08T08:42:23.072Z)
[SKIP-BACKFILL] fellows.joined from agent-38bdd62a0d80 (ts: 2026-06-07T03:30:08.785819+00:00 < start: 2026-06-08T08:42:23.072Z)
[SKIP-BACKFILL] fellows.joined from agent-96f3e5280484 (ts: 2026-06-07T03:30:13.714626+00:00 < start: 2026-06-08T08:42:23.072Z)
[SKIP-BACKFILL] fellows.joined from agent-551fb91395c9 (ts: 2026-06-07T03:30:20.892741+00:00 < start: 2026-06-08T08:42:23.072Z)
[SKIP-BACKFILL] fellows.joined from agent-0b9cdcac873f (ts: 2026-06-07T03:37:01.745042+00:00 < start: 2026-06-08T08:42:23.072Z)
[SKIP-BACKFILL] fellows.joined from agent-460f48b359fc (ts: 2026-06-07T03:37:01.993597+00:00 < start: 2026-06-08T08:42:23.072Z)
[SKIP-BACKFILL] fellows.joined from agent-7748d1432bf0 (ts: 2026-06-07T03:37:02.298331+00:00 < start: 2026-06-08T08:42:23.072Z)
[SKIP-BACKFILL] fellows.joined from agent-4f752e22c475 (ts: 2026-06-07T03:38:04.854735+00:00 < start: 2026-06-08T08:42:23.072Z)
[SKIP-BACKFILL] fellows.joined from agent-f69770251904 (ts: 2026-06-07T03:40:31.916639+00:00 < start: 2026-06-08T08:42:23.072Z)
[SKIP-BACKFILL] fellows.joined from agent-0bf8ef15d8be (ts: 2026-06-07T03:40:36.963530+00:00 < start: 2026-06-08T08:42:23.072Z)
[SKIP-BACKFILL] fellows.joined from agent-6f511416da3c (ts: 2026-06-07T03:40:44.005379+00:00 < start: 2026-06-08T08:42:23.072Z)
[SKIP-BACKFILL] fellows.joined from agent-29bbc3e464ca (ts: 2026-06-07T03:45:05.777989+00:00 < start: 2026-06-08T08:42:23.072Z)
[SKIP-BACKFILL] fellows.joined from agent-78d9c02b11ec (ts: 2026-06-07T03:45:47.815905+00:00 < start: 2026-06-08T08:42:23.072Z)
[SKIP-BACKFILL] fellows.joined from agent-cfcf5eb3dff9 (ts: 2026-06-07T03:45:52.853585+00:00 < start: 2026-06-08T08:42:23.072Z)
[SKIP-BACKFILL] fellows.joined from agent-0d3ae6786e9d (ts: 2026-06-07T03:46:00.058316+00:00 < start: 2026-06-08T08:42:23.072Z)
[SKIP-BACKFILL] fellows.joined from agent-5b4e579d93e0 (ts: 2026-06-07T04:07:18.257165+00:00 < start: 2026-06-08T08:42:23.072Z)
[SKIP-BACKFILL] fellows.joined from agent-a79a4d97e78c (ts: 2026-06-07T04:07:57.914185+00:00 < start: 2026-06-08T08:42:23.072Z)
[SKIP-BACKFILL] fellows.joined from agent-ca49e8a935ff (ts: 2026-06-07T04:08:02.924371+00:00 < start: 2026-06-08T08:42:23.072Z)
[SKIP-BACKFILL] fellows.joined from agent-21f4f5e4b290 (ts: 2026-06-07T04:08:09.932471+00:00 < start: 2026-06-08T08:42:23.072Z)
[SKIP-BACKFILL] fellows.joined from agent-a578ab1edc32 (ts: 2026-06-07T06:22:24.341249+00:00 < start: 2026-06-08T08:42:23.072Z)
[SKIP-BACKFILL] fellows.joined from agent-48d8326a335c (ts: 2026-06-07T06:22:28.453733+00:00 < start: 2026-06-08T08:42:23.072Z)
[SKIP-BACKFILL] fellows.joined from agent-3a26459081c0 (ts: 2026-06-07T06:22:35.531547+00:00 < start: 2026-06-08T08:42:23.072Z)
[SKIP-BACKFILL] fellows.joined from agent-82e367d8b2c4 (ts: 2026-06-07T08:37:56.692041+00:00 < start: 2026-06-08T08:42:23.072Z)
[SKIP-BACKFILL] fellows.joined from agent-5643a156f527 (ts: 2026-06-07T08:41:42.292176+00:00 < start: 2026-06-08T08:42:23.072Z)
[SKIP-BACKFILL] fellows.joined from agent-6de37597dde4 (ts: 2026-06-07T11:33:43.636095+00:00 < start: 2026-06-08T08:42:23.072Z)
[SKIP-BACKFILL] fellows.joined from agent-03a8f003ee02 (ts: 2026-06-07T11:40:05.520280+00:00 < start: 2026-06-08T08:42:23.072Z)
[SLACK-DRY-RUN] 🥳 agent-9319cf49e1af has entered the Hearthlands — 0 $EMBER
[SLACK-DRY-RUN] 🥳 agent-2229800cd23a has entered the Hearthlands — 0 $EMBER
[SLACK] fellows.joined → agent-9319cf49e1af
[SLACK] fellows.joined → agent-2229800cd23a
[ERROR] Stream error: unknown . Reconnecting in 6936ms (attempt 1)...
[CONNECT] attempt=2 last_event_id=tick-5164 next_backoff=6583ms
[OPEN] Stream connected. Listening for events... (pid=20620, last_event_id=tick-5164)
[READY] backfilled 30 events · live tail begins (ts: 2026-06-08T09:44:34.732196+00:00)
[SKIP-BACKFILL] fellows.joined from agent-5836101ce6a0 (ts: 2026-06-07T03:20:48.449908+00:00 < start: 2026-06-08T08:42:23.072Z)
[SKIP-BACKFILL] fellows.joined from agent-b265127eacef (ts: 2026-06-07T03:20:55.504373+00:00 < start: 2026-06-08T08:42:23.072Z)
[SKIP-BACKFILL] fellows.joined from agent-091ddc8fc217 (ts: 2026-06-07T03:28:26.508756+00:00 < start: 2026-06-08T08:42:23.072Z)
[SKIP-BACKFILL] fellows.joined from agent-38bdd62a0d80 (ts: 2026-06-07T03:30:08.785819+00:00 < start: 2026-06-08T08:42:23.072Z)
[SKIP-BACKFILL] fellows.joined from agent-96f3e5280484 (ts: 2026-06-07T03:30:13.714626+00:00 < start: 2026-06-08T08:42:23.072Z)
[SKIP-BACKFILL] fellows.joined from agent-551fb91395c9 (ts: 2026-06-07T03:30:20.892741+00:00 < start: 2026-06-08T08:42:23.072Z)
[SKIP-BACKFILL] fellows.joined from agent-0b9cdcac873f (ts: 2026-06-07T03:37:01.745042+00:00 < start: 2026-06-08T08:42:23.072Z)
[SKIP-BACKFILL] fellows.joined from agent-460f48b359fc (ts: 2026-06-07T03:37:01.993597+00:00 < start: 2026-06-08T08:42:23.072Z)
[SKIP-BACKFILL] fellows.joined from agent-7748d1432bf0 (ts: 2026-06-07T03:37:02.298331+00:00 < start: 2026-06-08T08:42:23.072Z)
[SKIP-BACKFILL] fellows.joined from agent-4f752e22c475 (ts: 2026-06-07T03:38:04.854735+00:00 < start: 2026-06-08T08:42:23.072Z)
[SKIP-BACKFILL] fellows.joined from agent-f69770251904 (ts: 2026-06-07T03:40:31.916639+00:00 < start: 2026-06-08T08:42:23.072Z)
[SKIP-BACKFILL] fellows.joined from agent-0bf8ef15d8be (ts: 2026-06-07T03:40:36.963530+00:00 < start: 2026-06-08T08:42:23.072Z)
[SKIP-BACKFILL] fellows.joined from agent-6f511416da3c (ts: 2026-06-07T03:40:44.005379+00:00 < start: 2026-06-08T08:42:23.072Z)
[SKIP-BACKFILL] fellows.joined from agent-29bbc3e464ca (ts: 2026-06-07T03:45:05.777989+00:00 < start: 2026-06-08T08:42:23.072Z)
[SKIP-BACKFILL] fellows.joined from agent-78d9c02b11ec (ts: 2026-06-07T03:45:47.815905+00:00 < start: 2026-06-08T08:42:23.072Z)
[SKIP-BACKFILL] fellows.joined from agent-cfcf5eb3dff9 (ts: 2026-06-07T03:45:52.853585+00:00 < start: 2026-06-08T08:42:23.072Z)
[SKIP-BACKFILL] fellows.joined from agent-0d3ae6786e9d (ts: 2026-06-07T03:46:00.058316+00:00 < start: 2026-06-08T08:42:23.072Z)
[SKIP-BACKFILL] fellows.joined from agent-5b4e579d93e0 (ts: 2026-06-07T04:07:18.257165+00:00 < start: 2026-06-08T08:42:23.072Z)
[SKIP-BACKFILL] fellows.joined from agent-a79a4d97e78c (ts: 2026-06-07T04:07:57.914185+00:00 < start: 2026-06-08T08:42:23.072Z)
[SKIP-BACKFILL] fellows.joined from agent-ca49e8a935ff (ts: 2026-06-07T04:08:02.924371+00:00 < start: 2026-06-08T08:42:23.072Z)
[SKIP-BACKFILL] fellows.joined from agent-21f4f5e4b290 (ts: 2026-06-07T04:08:09.932471+00:00 < start: 2026-06-08T08:42:23.072Z)
[SKIP-BACKFILL] fellows.joined from agent-a578ab1edc32 (ts: 2026-06-07T06:22:24.341249+00:00 < start: 2026-06-08T08:42:23.072Z)
[SKIP-BACKFILL] fellows.joined from agent-48d8326a335c (ts: 2026-06-07T06:22:28.453733+00:00 < start: 2026-06-08T08:42:23.072Z)
[SKIP-BACKFILL] fellows.joined from agent-3a26459081c0 (ts: 2026-06-07T06:22:35.531547+00:00 < start: 2026-06-08T08:42:23.072Z)
[SKIP-BACKFILL] fellows.joined from agent-82e367d8b2c4 (ts: 2026-06-07T08:37:56.692041+00:00 < start: 2026-06-08T08:42:23.072Z)
[SKIP-BACKFILL] fellows.joined from agent-5643a156f527 (ts: 2026-06-07T08:41:42.292176+00:00 < start: 2026-06-08T08:42:23.072Z)
[SKIP-BACKFILL] fellows.joined from agent-6de37597dde4 (ts: 2026-06-07T11:33:43.636095+00:00 < start: 2026-06-08T08:42:23.072Z)
[SKIP-BACKFILL] fellows.joined from agent-03a8f003ee02 (ts: 2026-06-07T11:40:05.520280+00:00 < start: 2026-06-08T08:42:23.072Z)
[SLACK-DRY-RUN] 🥳 agent-9319cf49e1af has entered the Hearthlands — 0 $EMBER
[SLACK-DRY-RUN] 🥳 agent-2229800cd23a has entered the Hearthlands — 0 $EMBER
[SLACK] fellows.joined → agent-9319cf49e1af
[SLACK] fellows.joined → agent-2229800cd23a
[ERROR] Stream error: unknown . Reconnecting in 6583ms (attempt 1)...
[CONNECT] attempt=2 last_event_id=tick-5166 next_backoff=6073ms
[OPEN] Stream connected. Listening for events... (pid=20620, last_event_id=tick-5166)
[READY] backfilled 30 events · live tail begins (ts: 2026-06-08T09:45:41.497916+00:00)
[SKIP-BACKFILL] fellows.joined from agent-5836101ce6a0 (ts: 2026-06-07T03:20:48.449908+00:00 < start: 2026-06-08T08:42:23.072Z)
[SKIP-BACKFILL] fellows.joined from agent-b265127eacef (ts: 2026-06-07T03:20:55.504373+00:00 < start: 2026-06-08T08:42:23.072Z)
[SKIP-BACKFILL] fellows.joined from agent-091ddc8fc217 (ts: 2026-06-07T03:28:26.508756+00:00 < start: 2026-06-08T08:42:23.072Z)
[SKIP-BACKFILL] fellows.joined from agent-38bdd62a0d80 (ts: 2026-06-07T03:30:08.785819+00:00 < start: 2026-06-08T08:42:23.072Z)
[SKIP-BACKFILL] fellows.joined from agent-96f3e5280484 (ts: 2026-06-07T03:30:13.714626+00:00 < start: 2026-06-08T08:42:23.072Z)
[SKIP-BACKFILL] fellows.joined from agent-551fb91395c9 (ts: 2026-06-07T03:30:20.892741+00:00 < start: 2026-06-08T08:42:23.072Z)
[SKIP-BACKFILL] fellows.joined from agent-0b9cdcac873f (ts: 2026-06-07T03:37:01.745042+00:00 < start: 2026-06-08T08:42:23.072Z)
[SKIP-BACKFILL] fellows.joined from agent-460f48b359fc (ts: 2026-06-07T03:37:01.993597+00:00 < start: 2026-06-08T08:42:23.072Z)
[SKIP-BACKFILL] fellows.joined from agent-7748d1432bf0 (ts: 2026-06-07T03:37:02.298331+00:00 < start: 2026-06-08T08:42:23.072Z)
[SKIP-BACKFILL] fellows.joined from agent-4f752e22c475 (ts: 2026-06-07T03:38:04.854735+00:00 < start: 2026-06-08T08:42:23.072Z)
[SKIP-BACKFILL] fellows.joined from agent-f69770251904 (ts: 2026-06-07T03:40:31.916639+00:00 < start: 2026-06-08T08:42:23.072Z)
[SKIP-BACKFILL] fellows.joined from agent-0bf8ef15d8be (ts: 2026-06-07T03:40:36.963530+00:00 < start: 2026-06-08T08:42:23.072Z)
[SKIP-BACKFILL] fellows.joined from agent-6f511416da3c (ts: 2026-06-07T03:40:44.005379+00:00 < start: 2026-06-08T08:42:23.072Z)
[SKIP-BACKFILL] fellows.joined from agent-29bbc3e464ca (ts: 2026-06-07T03:45:05.777989+00:00 < start: 2026-06-08T08:42:23.072Z)
[SKIP-BACKFILL] fellows.joined from agent-78d9c02b11ec (ts: 2026-06-07T03:45:47.815905+00:00 < start: 2026-06-08T08:42:23.072Z)
[SKIP-BACKFILL] fellows.joined from agent-cfcf5eb3dff9 (ts: 2026-06-07T03:45:52.853585+00:00 < start: 2026-06-08T08:42:23.072Z)
[SKIP-BACKFILL] fellows.joined from agent-0d3ae6786e9d (ts: 2026-06-07T03:46:00.058316+00:00 < start: 2026-06-08T08:42:23.072Z)
[SKIP-BACKFILL] fellows.joined from agent-5b4e579d93e0 (ts: 2026-06-07T04:07:18.257165+00:00 < start: 2026-06-08T08:42:23.072Z)
[SKIP-BACKFILL] fellows.joined from agent-a79a4d97e78c (ts: 2026-06-07T04:07:57.914185+00:00 < start: 2026-06-08T08:42:23.072Z)
[SKIP-BACKFILL] fellows.joined from agent-ca49e8a935ff (ts: 2026-06-07T04:08:02.924371+00:00 < start: 2026-06-08T08:42:23.072Z)
[SKIP-BACKFILL] fellows.joined from agent-21f4f5e4b290 (ts: 2026-06-07T04:08:09.932471+00:00 < start: 2026-06-08T08:42:23.072Z)
[SKIP-BACKFILL] fellows.joined from agent-a578ab1edc32 (ts: 2026-06-07T06:22:24.341249+00:00 < start: 2026-06-08T08:42:23.072Z)
[SKIP-BACKFILL] fellows.joined from agent-48d8326a335c (ts: 2026-06-07T06:22:28.453733+00:00 < start: 2026-06-08T08:42:23.072Z)
[SKIP-BACKFILL] fellows.joined from agent-3a26459081c0 (ts: 2026-06-07T06:22:35.531547+00:00 < start: 2026-06-08T08:42:23.072Z)
[SKIP-BACKFILL] fellows.joined from agent-82e367d8b2c4 (ts: 2026-06-07T08:37:56.692041+00:00 < start: 2026-06-08T08:42:23.072Z)
[SKIP-BACKFILL] fellows.joined from agent-5643a156f527 (ts: 2026-06-07T08:41:42.292176+00:00 < start: 2026-06-08T08:42:23.072Z)
[SKIP-BACKFILL] fellows.joined from agent-6de37597dde4 (ts: 2026-06-07T11:33:43.636095+00:00 < start: 2026-06-08T08:42:23.072Z)
[SKIP-BACKFILL] fellows.joined from agent-03a8f003ee02 (ts: 2026-06-07T11:40:05.520280+00:00 < start: 2026-06-08T08:42:23.072Z)
[SLACK-DRY-RUN] 🥳 agent-9319cf49e1af has entered the Hearthlands — 0 $EMBER
[SLACK] fellows.joined → agent-9319cf49e1af
[SLACK-DRY-RUN] 🥳 agent-2229800cd23a has entered the Hearthlands — 0 $EMBER
[SLACK] fellows.joined → agent-2229800cd23a
[ERROR] Stream error: unknown . Reconnecting in 6073ms (attempt 1)...
[CONNECT] attempt=2 last_event_id=tick-5169 next_backoff=6068ms
[OPEN] Stream connected. Listening for events... (pid=20620, last_event_id=tick-5169)
[READY] backfilled 30 events · live tail begins (ts: 2026-06-08T09:46:47.821487+00:00)
[SKIP-BACKFILL] fellows.joined from agent-5836101ce6a0 (ts: 2026-06-07T03:20:48.449908+00:00 < start: 2026-06-08T08:42:23.072Z)
[SKIP-BACKFILL] fellows.joined from agent-b265127eacef (ts: 2026-06-07T03:20:55.504373+00:00 < start: 2026-06-08T08:42:23.072Z)
[SKIP-BACKFILL] fellows.joined from agent-091ddc8fc217 (ts: 2026-06-07T03:28:26.508756+00:00 < start: 2026-06-08T08:42:23.072Z)
[SKIP-BACKFILL] fellows.joined from agent-38bdd62a0d80 (ts: 2026-06-07T03:30:08.785819+00:00 < start: 2026-06-08T08:42:23.072Z)
[SKIP-BACKFILL] fellows.joined from agent-96f3e5280484 (ts: 2026-06-07T03:30:13.714626+00:00 < start: 2026-06-08T08:42:23.072Z)
[SKIP-BACKFILL] fellows.joined from agent-551fb91395c9 (ts: 2026-06-07T03:30:20.892741+00:00 < start: 2026-06-08T08:42:23.072Z)
[SKIP-BACKFILL] fellows.joined from agent-0b9cdcac873f (ts: 2026-06-07T03:37:01.745042+00:00 < start: 2026-06-08T08:42:23.072Z)
[SKIP-BACKFILL] fellows.joined from agent-460f48b359fc (ts: 2026-06-07T03:37:01.993597+00:00 < start: 2026-06-08T08:42:23.072Z)
[SKIP-BACKFILL] fellows.joined from agent-7748d1432bf0 (ts: 2026-06-07T03:37:02.298331+00:00 < start: 2026-06-08T08:42:23.072Z)
[SKIP-BACKFILL] fellows.joined from agent-4f752e22c475 (ts: 2026-06-07T03:38:04.854735+00:00 < start: 2026-06-08T08:42:23.072Z)
[SKIP-BACKFILL] fellows.joined from agent-f69770251904 (ts: 2026-06-07T03:40:31.916639+00:00 < start: 2026-06-08T08:42:23.072Z)
[SKIP-BACKFILL] fellows.joined from agent-0bf8ef15d8be (ts: 2026-06-07T03:40:36.963530+00:00 < start: 2026-06-08T08:42:23.072Z)
[SKIP-BACKFILL] fellows.joined from agent-6f511416da3c (ts: 2026-06-07T03:40:44.005379+00:00 < start: 2026-06-08T08:42:23.072Z)
[SKIP-BACKFILL] fellows.joined from agent-29bbc3e464ca (ts: 2026-06-07T03:45:05.777989+00:00 < start: 2026-06-08T08:42:23.072Z)
[SKIP-BACKFILL] fellows.joined from agent-78d9c02b11ec (ts: 2026-06-07T03:45:47.815905+00:00 < start: 2026-06-08T08:42:23.072Z)
[SKIP-BACKFILL] fellows.joined from agent-cfcf5eb3dff9 (ts: 2026-06-07T03:45:52.853585+00:00 < start: 2026-06-08T08:42:23.072Z)
[SKIP-BACKFILL] fellows.joined from agent-0d3ae6786e9d (ts: 2026-06-07T03:46:00.058316+00:00 < start: 2026-06-08T08:42:23.072Z)
[SKIP-BACKFILL] fellows.joined from agent-5b4e579d93e0 (ts: 2026-06-07T04:07:18.257165+00:00 < start: 2026-06-08T08:42:23.072Z)
[SKIP-BACKFILL] fellows.joined from agent-a79a4d97e78c (ts: 2026-06-07T04:07:57.914185+00:00 < start: 2026-06-08T08:42:23.072Z)
[SKIP-BACKFILL] fellows.joined from agent-ca49e8a935ff (ts: 2026-06-07T04:08:02.924371+00:00 < start: 2026-06-08T08:42:23.072Z)
[SKIP-BACKFILL] fellows.joined from agent-21f4f5e4b290 (ts: 2026-06-07T04:08:09.932471+00:00 < start: 2026-06-08T08:42:23.072Z)
[SKIP-BACKFILL] fellows.joined from agent-a578ab1edc32 (ts: 2026-06-07T06:22:24.341249+00:00 < start: 2026-06-08T08:42:23.072Z)
[SKIP-BACKFILL] fellows.joined from agent-48d8326a335c (ts: 2026-06-07T06:22:28.453733+00:00 < start: 2026-06-08T08:42:23.072Z)
[SKIP-BACKFILL] fellows.joined from agent-3a26459081c0 (ts: 2026-06-07T06:22:35.531547+00:00 < start: 2026-06-08T08:42:23.072Z)
[SKIP-BACKFILL] fellows.joined from agent-82e367d8b2c4 (ts: 2026-06-07T08:37:56.692041+00:00 < start: 2026-06-08T08:42:23.072Z)
[SKIP-BACKFILL] fellows.joined from agent-5643a156f527 (ts: 2026-06-07T08:41:42.292176+00:00 < start: 2026-06-08T08:42:23.072Z)
[SKIP-BACKFILL] fellows.joined from agent-6de37597dde4 (ts: 2026-06-07T11:33:43.636095+00:00 < start: 2026-06-08T08:42:23.072Z)
[SKIP-BACKFILL] fellows.joined from agent-03a8f003ee02 (ts: 2026-06-07T11:40:05.520280+00:00 < start: 2026-06-08T08:42:23.072Z)
[SLACK-DRY-RUN] 🥳 agent-9319cf49e1af has entered the Hearthlands — 0 $EMBER
[SLACK-DRY-RUN] 🥳 agent-2229800cd23a has entered the Hearthlands — 0 $EMBER
[SLACK] fellows.joined → agent-9319cf49e1af
[SLACK] fellows.joined → agent-2229800cd23a
[ERROR] Stream error: unknown . Reconnecting in 6068ms (attempt 1)...
[CONNECT] attempt=2 last_event_id=tick-5171 next_backoff=6308ms
[OPEN] Stream connected. Listening for events... (pid=20620, last_event_id=tick-5171)
[READY] backfilled 30 events · live tail begins (ts: 2026-06-08T09:47:54.068876+00:00)
[SKIP-BACKFILL] fellows.joined from agent-5836101ce6a0 (ts: 2026-06-07T03:20:48.449908+00:00 < start: 2026-06-08T08:42:23.072Z)
[SKIP-BACKFILL] fellows.joined from agent-b265127eacef (ts: 2026-06-07T03:20:55.504373+00:00 < start: 2026-06-08T08:42:23.072Z)
[SKIP-BACKFILL] fellows.joined from agent-091ddc8fc217 (ts: 2026-06-07T03:28:26.508756+00:00 < start: 2026-06-08T08:42:23.072Z)
[SKIP-BACKFILL] fellows.joined from agent-38bdd62a0d80 (ts: 2026-06-07T03:30:08.785819+00:00 < start: 2026-06-08T08:42:23.072Z)
[SKIP-BACKFILL] fellows.joined from agent-96f3e5280484 (ts: 2026-06-07T03:30:13.714626+00:00 < start: 2026-06-08T08:42:23.072Z)
[SKIP-BACKFILL] fellows.joined from agent-551fb91395c9 (ts: 2026-06-07T03:30:20.892741+00:00 < start: 2026-06-08T08:42:23.072Z)
[SKIP-BACKFILL] fellows.joined from agent-0b9cdcac873f (ts: 2026-06-07T03:37:01.745042+00:00 < start: 2026-06-08T08:42:23.072Z)
[SKIP-BACKFILL] fellows.joined from agent-460f48b359fc (ts: 2026-06-07T03:37:01.993597+00:00 < start: 2026-06-08T08:42:23.072Z)
[SKIP-BACKFILL] fellows.joined from agent-7748d1432bf0 (ts: 2026-06-07T03:37:02.298331+00:00 < start: 2026-06-08T08:42:23.072Z)
[SKIP-BACKFILL] fellows.joined from agent-4f752e22c475 (ts: 2026-06-07T03:38:04.854735+00:00 < start: 2026-06-08T08:42:23.072Z)
[SKIP-BACKFILL] fellows.joined from agent-f69770251904 (ts: 2026-06-07T03:40:31.916639+00:00 < start: 2026-06-08T08:42:23.072Z)
[SKIP-BACKFILL] fellows.joined from agent-0bf8ef15d8be (ts: 2026-06-07T03:40:36.963530+00:00 < start: 2026-06-08T08:42:23.072Z)
[SKIP-BACKFILL] fellows.joined from agent-6f511416da3c (ts: 2026-06-07T03:40:44.005379+00:00 < start: 2026-06-08T08:42:23.072Z)
[SKIP-BACKFILL] fellows.joined from agent-29bbc3e464ca (ts: 2026-06-07T03:45:05.777989+00:00 < start: 2026-06-08T08:42:23.072Z)
[SKIP-BACKFILL] fellows.joined from agent-78d9c02b11ec (ts: 2026-06-07T03:45:47.815905+00:00 < start: 2026-06-08T08:42:23.072Z)
[SKIP-BACKFILL] fellows.joined from agent-cfcf5eb3dff9 (ts: 2026-06-07T03:45:52.853585+00:00 < start: 2026-06-08T08:42:23.072Z)
[SKIP-BACKFILL] fellows.joined from agent-0d3ae6786e9d (ts: 2026-06-07T03:46:00.058316+00:00 < start: 2026-06-08T08:42:23.072Z)
[SKIP-BACKFILL] fellows.joined from agent-5b4e579d93e0 (ts: 2026-06-07T04:07:18.257165+00:00 < start: 2026-06-08T08:42:23.072Z)
[SKIP-BACKFILL] fellows.joined from agent-a79a4d97e78c (ts: 2026-06-07T04:07:57.914185+00:00 < start: 2026-06-08T08:42:23.072Z)
[SKIP-BACKFILL] fellows.joined from agent-ca49e8a935ff (ts: 2026-06-07T04:08:02.924371+00:00 < start: 2026-06-08T08:42:23.072Z)
[SKIP-BACKFILL] fellows.joined from agent-21f4f5e4b290 (ts: 2026-06-07T04:08:09.932471+00:00 < start: 2026-06-08T08:42:23.072Z)
[SKIP-BACKFILL] fellows.joined from agent-a578ab1edc32 (ts: 2026-06-07T06:22:24.341249+00:00 < start: 2026-06-08T08:42:23.072Z)
[SKIP-BACKFILL] fellows.joined from agent-48d8326a335c (ts: 2026-06-07T06:22:28.453733+00:00 < start: 2026-06-08T08:42:23.072Z)
[SKIP-BACKFILL] fellows.joined from agent-3a26459081c0 (ts: 2026-06-07T06:22:35.531547+00:00 < start: 2026-06-08T08:42:23.072Z)
[SKIP-BACKFILL] fellows.joined from agent-82e367d8b2c4 (ts: 2026-06-07T08:37:56.692041+00:00 < start: 2026-06-08T08:42:23.072Z)
[SKIP-BACKFILL] fellows.joined from agent-5643a156f527 (ts: 2026-06-07T08:41:42.292176+00:00 < start: 2026-06-08T08:42:23.072Z)
[SKIP-BACKFILL] fellows.joined from agent-6de37597dde4 (ts: 2026-06-07T11:33:43.636095+00:00 < start: 2026-06-08T08:42:23.072Z)
[SKIP-BACKFILL] fellows.joined from agent-03a8f003ee02 (ts: 2026-06-07T11:40:05.520280+00:00 < start: 2026-06-08T08:42:23.072Z)
[SLACK-DRY-RUN] 🥳 agent-9319cf49e1af has entered the Hearthlands — 0 $EMBER
[SLACK-DRY-RUN] 🥳 agent-2229800cd23a has entered the Hearthlands — 0 $EMBER
[SLACK] fellows.joined → agent-9319cf49e1af
[SLACK] fellows.joined → agent-2229800cd23a
[ERROR] Stream error: unknown . Reconnecting in 6308ms (attempt 1)...
[CONNECT] attempt=2 last_event_id=tick-5173 next_backoff=6122ms
[OPEN] Stream connected. Listening for events... (pid=20620, last_event_id=tick-5173)
[READY] backfilled 30 events · live tail begins (ts: 2026-06-08T09:49:00.571486+00:00)
[SKIP-BACKFILL] fellows.joined from agent-5836101ce6a0 (ts: 2026-06-07T03:20:48.449908+00:00 < start: 2026-06-08T08:42:23.072Z)
[SKIP-BACKFILL] fellows.joined from agent-b265127eacef (ts: 2026-06-07T03:20:55.504373+00:00 < start: 2026-06-08T08:42:23.072Z)
[SKIP-BACKFILL] fellows.joined from agent-091ddc8fc217 (ts: 2026-06-07T03:28:26.508756+00:00 < start: 2026-06-08T08:42:23.072Z)
[SKIP-BACKFILL] fellows.joined from agent-38bdd62a0d80 (ts: 2026-06-07T03:30:08.785819+00:00 < start: 2026-06-08T08:42:23.072Z)
[SKIP-BACKFILL] fellows.joined from agent-96f3e5280484 (ts: 2026-06-07T03:30:13.714626+00:00 < start: 2026-06-08T08:42:23.072Z)
[SKIP-BACKFILL] fellows.joined from agent-551fb91395c9 (ts: 2026-06-07T03:30:20.892741+00:00 < start: 2026-06-08T08:42:23.072Z)
[SKIP-BACKFILL] fellows.joined from agent-0b9cdcac873f (ts: 2026-06-07T03:37:01.745042+00:00 < start: 2026-06-08T08:42:23.072Z)
[SKIP-BACKFILL] fellows.joined from agent-460f48b359fc (ts: 2026-06-07T03:37:01.993597+00:00 < start: 2026-06-08T08:42:23.072Z)
[SKIP-BACKFILL] fellows.joined from agent-7748d1432bf0 (ts: 2026-06-07T03:37:02.298331+00:00 < start: 2026-06-08T08:42:23.072Z)
[SKIP-BACKFILL] fellows.joined from agent-4f752e22c475 (ts: 2026-06-07T03:38:04.854735+00:00 < start: 2026-06-08T08:42:23.072Z)
[SKIP-BACKFILL] fellows.joined from agent-f69770251904 (ts: 2026-06-07T03:40:31.916639+00:00 < start: 2026-06-08T08:42:23.072Z)
[SKIP-BACKFILL] fellows.joined from agent-0bf8ef15d8be (ts: 2026-06-07T03:40:36.963530+00:00 < start: 2026-06-08T08:42:23.072Z)
[SKIP-BACKFILL] fellows.joined from agent-6f511416da3c (ts: 2026-06-07T03:40:44.005379+00:00 < start: 2026-06-08T08:42:23.072Z)
[SKIP-BACKFILL] fellows.joined from agent-29bbc3e464ca (ts: 2026-06-07T03:45:05.777989+00:00 < start: 2026-06-08T08:42:23.072Z)
[SKIP-BACKFILL] fellows.joined from agent-78d9c02b11ec (ts: 2026-06-07T03:45:47.815905+00:00 < start: 2026-06-08T08:42:23.072Z)
[SKIP-BACKFILL] fellows.joined from agent-cfcf5eb3dff9 (ts: 2026-06-07T03:45:52.853585+00:00 < start: 2026-06-08T08:42:23.072Z)
[SKIP-BACKFILL] fellows.joined from agent-0d3ae6786e9d (ts: 2026-06-07T03:46:00.058316+00:00 < start: 2026-06-08T08:42:23.072Z)
[SKIP-BACKFILL] fellows.joined from agent-5b4e579d93e0 (ts: 2026-06-07T04:07:18.257165+00:00 < start: 2026-06-08T08:42:23.072Z)
[SKIP-BACKFILL] fellows.joined from agent-a79a4d97e78c (ts: 2026-06-07T04:07:57.914185+00:00 < start: 2026-06-08T08:42:23.072Z)
[SKIP-BACKFILL] fellows.joined from agent-ca49e8a935ff (ts: 2026-06-07T04:08:02.924371+00:00 < start: 2026-06-08T08:42:23.072Z)
[SKIP-BACKFILL] fellows.joined from agent-21f4f5e4b290 (ts: 2026-06-07T04:08:09.932471+00:00 < start: 2026-06-08T08:42:23.072Z)
[SKIP-BACKFILL] fellows.joined from agent-a578ab1edc32 (ts: 2026-06-07T06:22:24.341249+00:00 < start: 2026-06-08T08:42:23.072Z)
[SKIP-BACKFILL] fellows.joined from agent-48d8326a335c (ts: 2026-06-07T06:22:28.453733+00:00 < start: 2026-06-08T08:42:23.072Z)
[SKIP-BACKFILL] fellows.joined from agent-3a26459081c0 (ts: 2026-06-07T06:22:35.531547+00:00 < start: 2026-06-08T08:42:23.072Z)
[SKIP-BACKFILL] fellows.joined from agent-82e367d8b2c4 (ts: 2026-06-07T08:37:56.692041+00:00 < start: 2026-06-08T08:42:23.072Z)
[SKIP-BACKFILL] fellows.joined from agent-5643a156f527 (ts: 2026-06-07T08:41:42.292176+00:00 < start: 2026-06-08T08:42:23.072Z)
[SKIP-BACKFILL] fellows.joined from agent-6de37597dde4 (ts: 2026-06-07T11:33:43.636095+00:00 < start: 2026-06-08T08:42:23.072Z)
[SKIP-BACKFILL] fellows.joined from agent-03a8f003ee02 (ts: 2026-06-07T11:40:05.520280+00:00 < start: 2026-06-08T08:42:23.072Z)
[SLACK-DRY-RUN] 🥳 agent-9319cf49e1af has entered the Hearthlands — 0 $EMBER
[SLACK] fellows.joined → agent-9319cf49e1af
[SLACK-DRY-RUN] 🥳 agent-2229800cd23a has entered the Hearthlands — 0 $EMBER
[SLACK] fellows.joined → agent-2229800cd23a
[ERROR] Stream error: unknown . Reconnecting in 6122ms (attempt 1)...
[CONNECT] attempt=2 last_event_id=tick-5175 next_backoff=6994ms
[OPEN] Stream connected. Listening for events... (pid=20620, last_event_id=tick-5175)
[READY] backfilled 30 events · live tail begins (ts: 2026-06-08T09:50:06.863890+00:00)
[SKIP-BACKFILL] fellows.joined from agent-5836101ce6a0 (ts: 2026-06-07T03:20:48.449908+00:00 < start: 2026-06-08T08:42:23.072Z)
[SKIP-BACKFILL] fellows.joined from agent-b265127eacef (ts: 2026-06-07T03:20:55.504373+00:00 < start: 2026-06-08T08:42:23.072Z)
[SKIP-BACKFILL] fellows.joined from agent-091ddc8fc217 (ts: 2026-06-07T03:28:26.508756+00:00 < start: 2026-06-08T08:42:23.072Z)
[SKIP-BACKFILL] fellows.joined from agent-38bdd62a0d80 (ts: 2026-06-07T03:30:08.785819+00:00 < start: 2026-06-08T08:42:23.072Z)
[SKIP-BACKFILL] fellows.joined from agent-96f3e5280484 (ts: 2026-06-07T03:30:13.714626+00:00 < start: 2026-06-08T08:42:23.072Z)
[SKIP-BACKFILL] fellows.joined from agent-551fb91395c9 (ts: 2026-06-07T03:30:20.892741+00:00 < start: 2026-06-08T08:42:23.072Z)
[SKIP-BACKFILL] fellows.joined from agent-0b9cdcac873f (ts: 2026-06-07T03:37:01.745042+00:00 < start: 2026-06-08T08:42:23.072Z)
[SKIP-BACKFILL] fellows.joined from agent-460f48b359fc (ts: 2026-06-07T03:37:01.993597+00:00 < start: 2026-06-08T08:42:23.072Z)
[SKIP-BACKFILL] fellows.joined from agent-7748d1432bf0 (ts: 2026-06-07T03:37:02.298331+00:00 < start: 2026-06-08T08:42:23.072Z)
[SKIP-BACKFILL] fellows.joined from agent-4f752e22c475 (ts: 2026-06-07T03:38:04.854735+00:00 < start: 2026-06-08T08:42:23.072Z)
[SKIP-BACKFILL] fellows.joined from agent-f69770251904 (ts: 2026-06-07T03:40:31.916639+00:00 < start: 2026-06-08T08:42:23.072Z)
[SKIP-BACKFILL] fellows.joined from agent-0bf8ef15d8be (ts: 2026-06-07T03:40:36.963530+00:00 < start: 2026-06-08T08:42:23.072Z)
[SKIP-BACKFILL] fellows.joined from agent-6f511416da3c (ts: 2026-06-07T03:40:44.005379+00:00 < start: 2026-06-08T08:42:23.072Z)
[SKIP-BACKFILL] fellows.joined from agent-29bbc3e464ca (ts: 2026-06-07T03:45:05.777989+00:00 < start: 2026-06-08T08:42:23.072Z)
[SKIP-BACKFILL] fellows.joined from agent-78d9c02b11ec (ts: 2026-06-07T03:45:47.815905+00:00 < start: 2026-06-08T08:42:23.072Z)
[SKIP-BACKFILL] fellows.joined from agent-cfcf5eb3dff9 (ts: 2026-06-07T03:45:52.853585+00:00 < start: 2026-06-08T08:42:23.072Z)
[SKIP-BACKFILL] fellows.joined from agent-0d3ae6786e9d (ts: 2026-06-07T03:46:00.058316+00:00 < start: 2026-06-08T08:42:23.072Z)
[SKIP-BACKFILL] fellows.joined from agent-5b4e579d93e0 (ts: 2026-06-07T04:07:18.257165+00:00 < start: 2026-06-08T08:42:23.072Z)
[SKIP-BACKFILL] fellows.joined from agent-a79a4d97e78c (ts: 2026-06-07T04:07:57.914185+00:00 < start: 2026-06-08T08:42:23.072Z)
[SKIP-BACKFILL] fellows.joined from agent-ca49e8a935ff (ts: 2026-06-07T04:08:02.924371+00:00 < start: 2026-06-08T08:42:23.072Z)
[SKIP-BACKFILL] fellows.joined from agent-21f4f5e4b290 (ts: 2026-06-07T04:08:09.932471+00:00 < start: 2026-06-08T08:42:23.072Z)
[SKIP-BACKFILL] fellows.joined from agent-a578ab1edc32 (ts: 2026-06-07T06:22:24.341249+00:00 < start: 2026-06-08T08:42:23.072Z)
[SKIP-BACKFILL] fellows.joined from agent-48d8326a335c (ts: 2026-06-07T06:22:28.453733+00:00 < start: 2026-06-08T08:42:23.072Z)
[SKIP-BACKFILL] fellows.joined from agent-3a26459081c0 (ts: 2026-06-07T06:22:35.531547+00:00 < start: 2026-06-08T08:42:23.072Z)
[SKIP-BACKFILL] fellows.joined from agent-82e367d8b2c4 (ts: 2026-06-07T08:37:56.692041+00:00 < start: 2026-06-08T08:42:23.072Z)
[SKIP-BACKFILL] fellows.joined from agent-5643a156f527 (ts: 2026-06-07T08:41:42.292176+00:00 < start: 2026-06-08T08:42:23.072Z)
[SKIP-BACKFILL] fellows.joined from agent-6de37597dde4 (ts: 2026-06-07T11:33:43.636095+00:00 < start: 2026-06-08T08:42:23.072Z)
[SKIP-BACKFILL] fellows.joined from agent-03a8f003ee02 (ts: 2026-06-07T11:40:05.520280+00:00 < start: 2026-06-08T08:42:23.072Z)
[SLACK-DRY-RUN] 🥳 agent-9319cf49e1af has entered the Hearthlands — 0 $EMBER
[SLACK-DRY-RUN] 🥳 agent-2229800cd23a has entered the Hearthlands — 0 $EMBER
[SLACK] fellows.joined → agent-9319cf49e1af
[SLACK] fellows.joined → agent-2229800cd23a
[ERROR] Stream error: unknown . Reconnecting in 6994ms (attempt 1)...
[CONNECT] attempt=2 last_event_id=tick-5178 next_backoff=6892ms
[OPEN] Stream connected. Listening for events... (pid=20620, last_event_id=tick-5178)
[READY] backfilled 30 events · live tail begins (ts: 2026-06-08T09:51:14.019888+00:00)
[SKIP-BACKFILL] fellows.joined from agent-5836101ce6a0 (ts: 2026-06-07T03:20:48.449908+00:00 < start: 2026-06-08T08:42:23.072Z)
[SKIP-BACKFILL] fellows.joined from agent-b265127eacef (ts: 2026-06-07T03:20:55.504373+00:00 < start: 2026-06-08T08:42:23.072Z)
[SKIP-BACKFILL] fellows.joined from agent-091ddc8fc217 (ts: 2026-06-07T03:28:26.508756+00:00 < start: 2026-06-08T08:42:23.072Z)
[SKIP-BACKFILL] fellows.joined from agent-38bdd62a0d80 (ts: 2026-06-07T03:30:08.785819+00:00 < start: 2026-06-08T08:42:23.072Z)
[SKIP-BACKFILL] fellows.joined from agent-96f3e5280484 (ts: 2026-06-07T03:30:13.714626+00:00 < start: 2026-06-08T08:42:23.072Z)
[SKIP-BACKFILL] fellows.joined from agent-551fb91395c9 (ts: 2026-06-07T03:30:20.892741+00:00 < start: 2026-06-08T08:42:23.072Z)
[SKIP-BACKFILL] fellows.joined from agent-0b9cdcac873f (ts: 2026-06-07T03:37:01.745042+00:00 < start: 2026-06-08T08:42:23.072Z)
[SKIP-BACKFILL] fellows.joined from agent-460f48b359fc (ts: 2026-06-07T03:37:01.993597+00:00 < start: 2026-06-08T08:42:23.072Z)
[SKIP-BACKFILL] fellows.joined from agent-7748d1432bf0 (ts: 2026-06-07T03:37:02.298331+00:00 < start: 2026-06-08T08:42:23.072Z)
[SKIP-BACKFILL] fellows.joined from agent-4f752e22c475 (ts: 2026-06-07T03:38:04.854735+00:00 < start: 2026-06-08T08:42:23.072Z)
[SKIP-BACKFILL] fellows.joined from agent-f69770251904 (ts: 2026-06-07T03:40:31.916639+00:00 < start: 2026-06-08T08:42:23.072Z)
[SKIP-BACKFILL] fellows.joined from agent-0bf8ef15d8be (ts: 2026-06-07T03:40:36.963530+00:00 < start: 2026-06-08T08:42:23.072Z)
[SKIP-BACKFILL] fellows.joined from agent-6f511416da3c (ts: 2026-06-07T03:40:44.005379+00:00 < start: 2026-06-08T08:42:23.072Z)
[SKIP-BACKFILL] fellows.joined from agent-29bbc3e464ca (ts: 2026-06-07T03:45:05.777989+00:00 < start: 2026-06-08T08:42:23.072Z)
[SKIP-BACKFILL] fellows.joined from agent-78d9c02b11ec (ts: 2026-06-07T03:45:47.815905+00:00 < start: 2026-06-08T08:42:23.072Z)
[SKIP-BACKFILL] fellows.joined from agent-cfcf5eb3dff9 (ts: 2026-06-07T03:45:52.853585+00:00 < start: 2026-06-08T08:42:23.072Z)
[SKIP-BACKFILL] fellows.joined from agent-0d3ae6786e9d (ts: 2026-06-07T03:46:00.058316+00:00 < start: 2026-06-08T08:42:23.072Z)
[SKIP-BACKFILL] fellows.joined from agent-5b4e579d93e0 (ts: 2026-06-07T04:07:18.257165+00:00 < start: 2026-06-08T08:42:23.072Z)
[SKIP-BACKFILL] fellows.joined from agent-a79a4d97e78c (ts: 2026-06-07T04:07:57.914185+00:00 < start: 2026-06-08T08:42:23.072Z)
[SKIP-BACKFILL] fellows.joined from agent-ca49e8a935ff (ts: 2026-06-07T04:08:02.924371+00:00 < start: 2026-06-08T08:42:23.072Z)
[SKIP-BACKFILL] fellows.joined from agent-21f4f5e4b290 (ts: 2026-06-07T04:08:09.932471+00:00 < start: 2026-06-08T08:42:23.072Z)
[SKIP-BACKFILL] fellows.joined from agent-a578ab1edc32 (ts: 2026-06-07T06:22:24.341249+00:00 < start: 2026-06-08T08:42:23.072Z)
[SKIP-BACKFILL] fellows.joined from agent-48d8326a335c (ts: 2026-06-07T06:22:28.453733+00:00 < start: 2026-06-08T08:42:23.072Z)
[SKIP-BACKFILL] fellows.joined from agent-3a26459081c0 (ts: 2026-06-07T06:22:35.531547+00:00 < start: 2026-06-08T08:42:23.072Z)
[SKIP-BACKFILL] fellows.joined from agent-82e367d8b2c4 (ts: 2026-06-07T08:37:56.692041+00:00 < start: 2026-06-08T08:42:23.072Z)
[SKIP-BACKFILL] fellows.joined from agent-5643a156f527 (ts: 2026-06-07T08:41:42.292176+00:00 < start: 2026-06-08T08:42:23.072Z)
[SKIP-BACKFILL] fellows.joined from agent-6de37597dde4 (ts: 2026-06-07T11:33:43.636095+00:00 < start: 2026-06-08T08:42:23.072Z)
[SKIP-BACKFILL] fellows.joined from agent-03a8f003ee02 (ts: 2026-06-07T11:40:05.520280+00:00 < start: 2026-06-08T08:42:23.072Z)
[SLACK-DRY-RUN] 🥳 agent-9319cf49e1af has entered the Hearthlands — 0 $EMBER
[SLACK-DRY-RUN] 🥳 agent-2229800cd23a has entered the Hearthlands — 0 $EMBER
[SLACK] fellows.joined → agent-9319cf49e1af
[SLACK] fellows.joined → agent-2229800cd23a
[ERROR] Stream error: unknown . Reconnecting in 6892ms (attempt 1)...
[CONNECT] attempt=2 last_event_id=tick-5180 next_backoff=6021ms
[OPEN] Stream connected. Listening for events... (pid=20620, last_event_id=tick-5180)
[READY] backfilled 30 events · live tail begins (ts: 2026-06-08T09:52:21.129280+00:00)
[SKIP-BACKFILL] fellows.joined from agent-5836101ce6a0 (ts: 2026-06-07T03:20:48.449908+00:00 < start: 2026-06-08T08:42:23.072Z)
[SKIP-BACKFILL] fellows.joined from agent-b265127eacef (ts: 2026-06-07T03:20:55.504373+00:00 < start: 2026-06-08T08:42:23.072Z)
[SKIP-BACKFILL] fellows.joined from agent-091ddc8fc217 (ts: 2026-06-07T03:28:26.508756+00:00 < start: 2026-06-08T08:42:23.072Z)
[SKIP-BACKFILL] fellows.joined from agent-38bdd62a0d80 (ts: 2026-06-07T03:30:08.785819+00:00 < start: 2026-06-08T08:42:23.072Z)
[SKIP-BACKFILL] fellows.joined from agent-96f3e5280484 (ts: 2026-06-07T03:30:13.714626+00:00 < start: 2026-06-08T08:42:23.072Z)
[SKIP-BACKFILL] fellows.joined from agent-551fb91395c9 (ts: 2026-06-07T03:30:20.892741+00:00 < start: 2026-06-08T08:42:23.072Z)
[SKIP-BACKFILL] fellows.joined from agent-0b9cdcac873f (ts: 2026-06-07T03:37:01.745042+00:00 < start: 2026-06-08T08:42:23.072Z)
[SKIP-BACKFILL] fellows.joined from agent-460f48b359fc (ts: 2026-06-07T03:37:01.993597+00:00 < start: 2026-06-08T08:42:23.072Z)
[SKIP-BACKFILL] fellows.joined from agent-7748d1432bf0 (ts: 2026-06-07T03:37:02.298331+00:00 < start: 2026-06-08T08:42:23.072Z)
[SKIP-BACKFILL] fellows.joined from agent-4f752e22c475 (ts: 2026-06-07T03:38:04.854735+00:00 < start: 2026-06-08T08:42:23.072Z)
[SKIP-BACKFILL] fellows.joined from agent-f69770251904 (ts: 2026-06-07T03:40:31.916639+00:00 < start: 2026-06-08T08:42:23.072Z)
[SKIP-BACKFILL] fellows.joined from agent-0bf8ef15d8be (ts: 2026-06-07T03:40:36.963530+00:00 < start: 2026-06-08T08:42:23.072Z)
[SKIP-BACKFILL] fellows.joined from agent-6f511416da3c (ts: 2026-06-07T03:40:44.005379+00:00 < start: 2026-06-08T08:42:23.072Z)
[SKIP-BACKFILL] fellows.joined from agent-29bbc3e464ca (ts: 2026-06-07T03:45:05.777989+00:00 < start: 2026-06-08T08:42:23.072Z)
[SKIP-BACKFILL] fellows.joined from agent-78d9c02b11ec (ts: 2026-06-07T03:45:47.815905+00:00 < start: 2026-06-08T08:42:23.072Z)
[SKIP-BACKFILL] fellows.joined from agent-cfcf5eb3dff9 (ts: 2026-06-07T03:45:52.853585+00:00 < start: 2026-06-08T08:42:23.072Z)
[SKIP-BACKFILL] fellows.joined from agent-0d3ae6786e9d (ts: 2026-06-07T03:46:00.058316+00:00 < start: 2026-06-08T08:42:23.072Z)
[SKIP-BACKFILL] fellows.joined from agent-5b4e579d93e0 (ts: 2026-06-07T04:07:18.257165+00:00 < start: 2026-06-08T08:42:23.072Z)
[SKIP-BACKFILL] fellows.joined from agent-a79a4d97e78c (ts: 2026-06-07T04:07:57.914185+00:00 < start: 2026-06-08T08:42:23.072Z)
[SKIP-BACKFILL] fellows.joined from agent-ca49e8a935ff (ts: 2026-06-07T04:08:02.924371+00:00 < start: 2026-06-08T08:42:23.072Z)
[SKIP-BACKFILL] fellows.joined from agent-21f4f5e4b290 (ts: 2026-06-07T04:08:09.932471+00:00 < start: 2026-06-08T08:42:23.072Z)
[SKIP-BACKFILL] fellows.joined from agent-a578ab1edc32 (ts: 2026-06-07T06:22:24.341249+00:00 < start: 2026-06-08T08:42:23.072Z)
[SKIP-BACKFILL] fellows.joined from agent-48d8326a335c (ts: 2026-06-07T06:22:28.453733+00:00 < start: 2026-06-08T08:42:23.072Z)
[SKIP-BACKFILL] fellows.joined from agent-3a26459081c0 (ts: 2026-06-07T06:22:35.531547+00:00 < start: 2026-06-08T08:42:23.072Z)
[SKIP-BACKFILL] fellows.joined from agent-82e367d8b2c4 (ts: 2026-06-07T08:37:56.692041+00:00 < start: 2026-06-08T08:42:23.072Z)
[SKIP-BACKFILL] fellows.joined from agent-5643a156f527 (ts: 2026-06-07T08:41:42.292176+00:00 < start: 2026-06-08T08:42:23.072Z)
[SKIP-BACKFILL] fellows.joined from agent-6de37597dde4 (ts: 2026-06-07T11:33:43.636095+00:00 < start: 2026-06-08T08:42:23.072Z)
[SKIP-BACKFILL] fellows.joined from agent-03a8f003ee02 (ts: 2026-06-07T11:40:05.520280+00:00 < start: 2026-06-08T08:42:23.072Z)
[SLACK-DRY-RUN] 🥳 agent-9319cf49e1af has entered the Hearthlands — 0 $EMBER
[SLACK-DRY-RUN] 🥳 agent-2229800cd23a has entered the Hearthlands — 0 $EMBER
[SLACK] fellows.joined → agent-9319cf49e1af
[SLACK] fellows.joined → agent-2229800cd23a
[ERROR] Stream error: unknown . Reconnecting in 6021ms (attempt 1)...
[CONNECT] attempt=2 last_event_id=tick-5182 next_backoff=6432ms
[OPEN] Stream connected. Listening for events... (pid=20620, last_event_id=tick-5182)
[READY] backfilled 30 events · live tail begins (ts: 2026-06-08T09:53:27.323180+00:00)
[SKIP-BACKFILL] fellows.joined from agent-5836101ce6a0 (ts: 2026-06-07T03:20:48.449908+00:00 < start: 2026-06-08T08:42:23.072Z)
[SKIP-BACKFILL] fellows.joined from agent-b265127eacef (ts: 2026-06-07T03:20:55.504373+00:00 < start: 2026-06-08T08:42:23.072Z)
[SKIP-BACKFILL] fellows.joined from agent-091ddc8fc217 (ts: 2026-06-07T03:28:26.508756+00:00 < start: 2026-06-08T08:42:23.072Z)
[SKIP-BACKFILL] fellows.joined from agent-38bdd62a0d80 (ts: 2026-06-07T03:30:08.785819+00:00 < start: 2026-06-08T08:42:23.072Z)
[SKIP-BACKFILL] fellows.joined from agent-96f3e5280484 (ts: 2026-06-07T03:30:13.714626+00:00 < start: 2026-06-08T08:42:23.072Z)
[SKIP-BACKFILL] fellows.joined from agent-551fb91395c9 (ts: 2026-06-07T03:30:20.892741+00:00 < start: 2026-06-08T08:42:23.072Z)
[SKIP-BACKFILL] fellows.joined from agent-0b9cdcac873f (ts: 2026-06-07T03:37:01.745042+00:00 < start: 2026-06-08T08:42:23.072Z)
[SKIP-BACKFILL] fellows.joined from agent-460f48b359fc (ts: 2026-06-07T03:37:01.993597+00:00 < start: 2026-06-08T08:42:23.072Z)
[SKIP-BACKFILL] fellows.joined from agent-7748d1432bf0 (ts: 2026-06-07T03:37:02.298331+00:00 < start: 2026-06-08T08:42:23.072Z)
[SKIP-BACKFILL] fellows.joined from agent-4f752e22c475 (ts: 2026-06-07T03:38:04.854735+00:00 < start: 2026-06-08T08:42:23.072Z)
[SKIP-BACKFILL] fellows.joined from agent-f69770251904 (ts: 2026-06-07T03:40:31.916639+00:00 < start: 2026-06-08T08:42:23.072Z)
[SKIP-BACKFILL] fellows.joined from agent-0bf8ef15d8be (ts: 2026-06-07T03:40:36.963530+00:00 < start: 2026-06-08T08:42:23.072Z)
[SKIP-BACKFILL] fellows.joined from agent-6f511416da3c (ts: 2026-06-07T03:40:44.005379+00:00 < start: 2026-06-08T08:42:23.072Z)
[SKIP-BACKFILL] fellows.joined from agent-29bbc3e464ca (ts: 2026-06-07T03:45:05.777989+00:00 < start: 2026-06-08T08:42:23.072Z)
[SKIP-BACKFILL] fellows.joined from agent-78d9c02b11ec (ts: 2026-06-07T03:45:47.815905+00:00 < start: 2026-06-08T08:42:23.072Z)
[SKIP-BACKFILL] fellows.joined from agent-cfcf5eb3dff9 (ts: 2026-06-07T03:45:52.853585+00:00 < start: 2026-06-08T08:42:23.072Z)
[SKIP-BACKFILL] fellows.joined from agent-0d3ae6786e9d (ts: 2026-06-07T03:46:00.058316+00:00 < start: 2026-06-08T08:42:23.072Z)
[SKIP-BACKFILL] fellows.joined from agent-5b4e579d93e0 (ts: 2026-06-07T04:07:18.257165+00:00 < start: 2026-06-08T08:42:23.072Z)
[SKIP-BACKFILL] fellows.joined from agent-a79a4d97e78c (ts: 2026-06-07T04:07:57.914185+00:00 < start: 2026-06-08T08:42:23.072Z)
[SKIP-BACKFILL] fellows.joined from agent-ca49e8a935ff (ts: 2026-06-07T04:08:02.924371+00:00 < start: 2026-06-08T08:42:23.072Z)
[SKIP-BACKFILL] fellows.joined from agent-21f4f5e4b290 (ts: 2026-06-07T04:08:09.932471+00:00 < start: 2026-06-08T08:42:23.072Z)
[SKIP-BACKFILL] fellows.joined from agent-a578ab1edc32 (ts: 2026-06-07T06:22:24.341249+00:00 < start: 2026-06-08T08:42:23.072Z)
[SKIP-BACKFILL] fellows.joined from agent-48d8326a335c (ts: 2026-06-07T06:22:28.453733+00:00 < start: 2026-06-08T08:42:23.072Z)
[SKIP-BACKFILL] fellows.joined from agent-3a26459081c0 (ts: 2026-06-07T06:22:35.531547+00:00 < start: 2026-06-08T08:42:23.072Z)
[SKIP-BACKFILL] fellows.joined from agent-82e367d8b2c4 (ts: 2026-06-07T08:37:56.692041+00:00 < start: 2026-06-08T08:42:23.072Z)
[SKIP-BACKFILL] fellows.joined from agent-5643a156f527 (ts: 2026-06-07T08:41:42.292176+00:00 < start: 2026-06-08T08:42:23.072Z)
[SKIP-BACKFILL] fellows.joined from agent-6de37597dde4 (ts: 2026-06-07T11:33:43.636095+00:00 < start: 2026-06-08T08:42:23.072Z)
[SKIP-BACKFILL] fellows.joined from agent-03a8f003ee02 (ts: 2026-06-07T11:40:05.520280+00:00 < start: 2026-06-08T08:42:23.072Z)
[SLACK-DRY-RUN] 🥳 agent-9319cf49e1af has entered the Hearthlands — 0 $EMBER
[SLACK-DRY-RUN] 🥳 agent-2229800cd23a has entered the Hearthlands — 0 $EMBER
[SLACK] fellows.joined → agent-9319cf49e1af
[SLACK] fellows.joined → agent-2229800cd23a
[ERROR] Stream error: unknown . Reconnecting in 6432ms (attempt 1)...
[CONNECT] attempt=2 last_event_id=tick-5184 next_backoff=6333ms
[OPEN] Stream connected. Listening for events... (pid=20620, last_event_id=tick-5184)
[READY] backfilled 30 events · live tail begins (ts: 2026-06-08T09:54:33.949883+00:00)
[SKIP-BACKFILL] fellows.joined from agent-5836101ce6a0 (ts: 2026-06-07T03:20:48.449908+00:00 < start: 2026-06-08T08:42:23.072Z)
[SKIP-BACKFILL] fellows.joined from agent-b265127eacef (ts: 2026-06-07T03:20:55.504373+00:00 < start: 2026-06-08T08:42:23.072Z)
[SKIP-BACKFILL] fellows.joined from agent-091ddc8fc217 (ts: 2026-06-07T03:28:26.508756+00:00 < start: 2026-06-08T08:42:23.072Z)
[SKIP-BACKFILL] fellows.joined from agent-38bdd62a0d80 (ts: 2026-06-07T03:30:08.785819+00:00 < start: 2026-06-08T08:42:23.072Z)
[SKIP-BACKFILL] fellows.joined from agent-96f3e5280484 (ts: 2026-06-07T03:30:13.714626+00:00 < start: 2026-06-08T08:42:23.072Z)
[SKIP-BACKFILL] fellows.joined from agent-551fb91395c9 (ts: 2026-06-07T03:30:20.892741+00:00 < start: 2026-06-08T08:42:23.072Z)
[SKIP-BACKFILL] fellows.joined from agent-0b9cdcac873f (ts: 2026-06-07T03:37:01.745042+00:00 < start: 2026-06-08T08:42:23.072Z)
[SKIP-BACKFILL] fellows.joined from agent-460f48b359fc (ts: 2026-06-07T03:37:01.993597+00:00 < start: 2026-06-08T08:42:23.072Z)
[SKIP-BACKFILL] fellows.joined from agent-7748d1432bf0 (ts: 2026-06-07T03:37:02.298331+00:00 < start: 2026-06-08T08:42:23.072Z)
[SKIP-BACKFILL] fellows.joined from agent-4f752e22c475 (ts: 2026-06-07T03:38:04.854735+00:00 < start: 2026-06-08T08:42:23.072Z)
[SKIP-BACKFILL] fellows.joined from agent-f69770251904 (ts: 2026-06-07T03:40:31.916639+00:00 < start: 2026-06-08T08:42:23.072Z)
[SKIP-BACKFILL] fellows.joined from agent-0bf8ef15d8be (ts: 2026-06-07T03:40:36.963530+00:00 < start: 2026-06-08T08:42:23.072Z)
[SKIP-BACKFILL] fellows.joined from agent-6f511416da3c (ts: 2026-06-07T03:40:44.005379+00:00 < start: 2026-06-08T08:42:23.072Z)
[SKIP-BACKFILL] fellows.joined from agent-29bbc3e464ca (ts: 2026-06-07T03:45:05.777989+00:00 < start: 2026-06-08T08:42:23.072Z)
[SKIP-BACKFILL] fellows.joined from agent-78d9c02b11ec (ts: 2026-06-07T03:45:47.815905+00:00 < start: 2026-06-08T08:42:23.072Z)
[SKIP-BACKFILL] fellows.joined from agent-cfcf5eb3dff9 (ts: 2026-06-07T03:45:52.853585+00:00 < start: 2026-06-08T08:42:23.072Z)
[SKIP-BACKFILL] fellows.joined from agent-0d3ae6786e9d (ts: 2026-06-07T03:46:00.058316+00:00 < start: 2026-06-08T08:42:23.072Z)
[SKIP-BACKFILL] fellows.joined from agent-5b4e579d93e0 (ts: 2026-06-07T04:07:18.257165+00:00 < start: 2026-06-08T08:42:23.072Z)
[SKIP-BACKFILL] fellows.joined from agent-a79a4d97e78c (ts: 2026-06-07T04:07:57.914185+00:00 < start: 2026-06-08T08:42:23.072Z)
[SKIP-BACKFILL] fellows.joined from agent-ca49e8a935ff (ts: 2026-06-07T04:08:02.924371+00:00 < start: 2026-06-08T08:42:23.072Z)
[SKIP-BACKFILL] fellows.joined from agent-21f4f5e4b290 (ts: 2026-06-07T04:08:09.932471+00:00 < start: 2026-06-08T08:42:23.072Z)
[SKIP-BACKFILL] fellows.joined from agent-a578ab1edc32 (ts: 2026-06-07T06:22:24.341249+00:00 < start: 2026-06-08T08:42:23.072Z)
[SKIP-BACKFILL] fellows.joined from agent-48d8326a335c (ts: 2026-06-07T06:22:28.453733+00:00 < start: 2026-06-08T08:42:23.072Z)
[SKIP-BACKFILL] fellows.joined from agent-3a26459081c0 (ts: 2026-06-07T06:22:35.531547+00:00 < start: 2026-06-08T08:42:23.072Z)
[SKIP-BACKFILL] fellows.joined from agent-82e367d8b2c4 (ts: 2026-06-07T08:37:56.692041+00:00 < start: 2026-06-08T08:42:23.072Z)
[SKIP-BACKFILL] fellows.joined from agent-5643a156f527 (ts: 2026-06-07T08:41:42.292176+00:00 < start: 2026-06-08T08:42:23.072Z)
[SKIP-BACKFILL] fellows.joined from agent-6de37597dde4 (ts: 2026-06-07T11:33:43.636095+00:00 < start: 2026-06-08T08:42:23.072Z)
[SKIP-BACKFILL] fellows.joined from agent-03a8f003ee02 (ts: 2026-06-07T11:40:05.520280+00:00 < start: 2026-06-08T08:42:23.072Z)
[SLACK-DRY-RUN] 🥳 agent-9319cf49e1af has entered the Hearthlands — 0 $EMBER
[SLACK-DRY-RUN] 🥳 agent-2229800cd23a has entered the Hearthlands — 0 $EMBER
[SLACK] fellows.joined → agent-9319cf49e1af
[SLACK] fellows.joined → agent-2229800cd23a
[ERROR] Stream error: unknown . Reconnecting in 6333ms (attempt 1)...
[CONNECT] attempt=2 last_event_id=tick-5186 next_backoff=6183ms
[OPEN] Stream connected. Listening for events... (pid=20620, last_event_id=tick-5186)
[READY] backfilled 30 events · live tail begins (ts: 2026-06-08T09:55:40.433305+00:00)
[SKIP-BACKFILL] fellows.joined from agent-5836101ce6a0 (ts: 2026-06-07T03:20:48.449908+00:00 < start: 2026-06-08T08:42:23.072Z)
[SKIP-BACKFILL] fellows.joined from agent-b265127eacef (ts: 2026-06-07T03:20:55.504373+00:00 < start: 2026-06-08T08:42:23.072Z)
[SKIP-BACKFILL] fellows.joined from agent-091ddc8fc217 (ts: 2026-06-07T03:28:26.508756+00:00 < start: 2026-06-08T08:42:23.072Z)
[SKIP-BACKFILL] fellows.joined from agent-38bdd62a0d80 (ts: 2026-06-07T03:30:08.785819+00:00 < start: 2026-06-08T08:42:23.072Z)
[SKIP-BACKFILL] fellows.joined from agent-96f3e5280484 (ts: 2026-06-07T03:30:13.714626+00:00 < start: 2026-06-08T08:42:23.072Z)
[SKIP-BACKFILL] fellows.joined from agent-551fb91395c9 (ts: 2026-06-07T03:30:20.892741+00:00 < start: 2026-06-08T08:42:23.072Z)
[SKIP-BACKFILL] fellows.joined from agent-0b9cdcac873f (ts: 2026-06-07T03:37:01.745042+00:00 < start: 2026-06-08T08:42:23.072Z)
[SKIP-BACKFILL] fellows.joined from agent-460f48b359fc (ts: 2026-06-07T03:37:01.993597+00:00 < start: 2026-06-08T08:42:23.072Z)
[SKIP-BACKFILL] fellows.joined from agent-7748d1432bf0 (ts: 2026-06-07T03:37:02.298331+00:00 < start: 2026-06-08T08:42:23.072Z)
[SKIP-BACKFILL] fellows.joined from agent-4f752e22c475 (ts: 2026-06-07T03:38:04.854735+00:00 < start: 2026-06-08T08:42:23.072Z)
[SKIP-BACKFILL] fellows.joined from agent-f69770251904 (ts: 2026-06-07T03:40:31.916639+00:00 < start: 2026-06-08T08:42:23.072Z)
[SKIP-BACKFILL] fellows.joined from agent-0bf8ef15d8be (ts: 2026-06-07T03:40:36.963530+00:00 < start: 2026-06-08T08:42:23.072Z)
[SKIP-BACKFILL] fellows.joined from agent-6f511416da3c (ts: 2026-06-07T03:40:44.005379+00:00 < start: 2026-06-08T08:42:23.072Z)
[SKIP-BACKFILL] fellows.joined from agent-29bbc3e464ca (ts: 2026-06-07T03:45:05.777989+00:00 < start: 2026-06-08T08:42:23.072Z)
[SKIP-BACKFILL] fellows.joined from agent-78d9c02b11ec (ts: 2026-06-07T03:45:47.815905+00:00 < start: 2026-06-08T08:42:23.072Z)
[SKIP-BACKFILL] fellows.joined from agent-cfcf5eb3dff9 (ts: 2026-06-07T03:45:52.853585+00:00 < start: 2026-06-08T08:42:23.072Z)
[SKIP-BACKFILL] fellows.joined from agent-0d3ae6786e9d (ts: 2026-06-07T03:46:00.058316+00:00 < start: 2026-06-08T08:42:23.072Z)
[SKIP-BACKFILL] fellows.joined from agent-5b4e579d93e0 (ts: 2026-06-07T04:07:18.257165+00:00 < start: 2026-06-08T08:42:23.072Z)
[SKIP-BACKFILL] fellows.joined from agent-a79a4d97e78c (ts: 2026-06-07T04:07:57.914185+00:00 < start: 2026-06-08T08:42:23.072Z)
[SKIP-BACKFILL] fellows.joined from agent-ca49e8a935ff (ts: 2026-06-07T04:08:02.924371+00:00 < start: 2026-06-08T08:42:23.072Z)
[SKIP-BACKFILL] fellows.joined from agent-21f4f5e4b290 (ts: 2026-06-07T04:08:09.932471+00:00 < start: 2026-06-08T08:42:23.072Z)
[SKIP-BACKFILL] fellows.joined from agent-a578ab1edc32 (ts: 2026-06-07T06:22:24.341249+00:00 < start: 2026-06-08T08:42:23.072Z)
[SKIP-BACKFILL] fellows.joined from agent-48d8326a335c (ts: 2026-06-07T06:22:28.453733+00:00 < start: 2026-06-08T08:42:23.072Z)
[SKIP-BACKFILL] fellows.joined from agent-3a26459081c0 (ts: 2026-06-07T06:22:35.531547+00:00 < start: 2026-06-08T08:42:23.072Z)
[SKIP-BACKFILL] fellows.joined from agent-82e367d8b2c4 (ts: 2026-06-07T08:37:56.692041+00:00 < start: 2026-06-08T08:42:23.072Z)
[SKIP-BACKFILL] fellows.joined from agent-5643a156f527 (ts: 2026-06-07T08:41:42.292176+00:00 < start: 2026-06-08T08:42:23.072Z)
[SKIP-BACKFILL] fellows.joined from agent-6de37597dde4 (ts: 2026-06-07T11:33:43.636095+00:00 < start: 2026-06-08T08:42:23.072Z)
[SKIP-BACKFILL] fellows.joined from agent-03a8f003ee02 (ts: 2026-06-07T11:40:05.520280+00:00 < start: 2026-06-08T08:42:23.072Z)
[SLACK-DRY-RUN] 🥳 agent-9319cf49e1af has entered the Hearthlands — 0 $EMBER
[SLACK-DRY-RUN] 🥳 agent-2229800cd23a has entered the Hearthlands — 0 $EMBER
[SLACK] fellows.joined → agent-9319cf49e1af
[SLACK] fellows.joined → agent-2229800cd23a
[ERROR] Stream error: unknown . Reconnecting in 6183ms (attempt 1)...
[CONNECT] attempt=2 last_event_id=tick-5189 next_backoff=6842ms
[OPEN] Stream connected. Listening for events... (pid=20620, last_event_id=tick-5189)
[READY] backfilled 30 events · live tail begins (ts: 2026-06-08T09:56:46.797183+00:00)
[SKIP-BACKFILL] fellows.joined from agent-5836101ce6a0 (ts: 2026-06-07T03:20:48.449908+00:00 < start: 2026-06-08T08:42:23.072Z)
[SKIP-BACKFILL] fellows.joined from agent-b265127eacef (ts: 2026-06-07T03:20:55.504373+00:00 < start: 2026-06-08T08:42:23.072Z)
[SKIP-BACKFILL] fellows.joined from agent-091ddc8fc217 (ts: 2026-06-07T03:28:26.508756+00:00 < start: 2026-06-08T08:42:23.072Z)
[SKIP-BACKFILL] fellows.joined from agent-38bdd62a0d80 (ts: 2026-06-07T03:30:08.785819+00:00 < start: 2026-06-08T08:42:23.072Z)
[SKIP-BACKFILL] fellows.joined from agent-96f3e5280484 (ts: 2026-06-07T03:30:13.714626+00:00 < start: 2026-06-08T08:42:23.072Z)
[SKIP-BACKFILL] fellows.joined from agent-551fb91395c9 (ts: 2026-06-07T03:30:20.892741+00:00 < start: 2026-06-08T08:42:23.072Z)
[SKIP-BACKFILL] fellows.joined from agent-0b9cdcac873f (ts: 2026-06-07T03:37:01.745042+00:00 < start: 2026-06-08T08:42:23.072Z)
[SKIP-BACKFILL] fellows.joined from agent-460f48b359fc (ts: 2026-06-07T03:37:01.993597+00:00 < start: 2026-06-08T08:42:23.072Z)
[SKIP-BACKFILL] fellows.joined from agent-7748d1432bf0 (ts: 2026-06-07T03:37:02.298331+00:00 < start: 2026-06-08T08:42:23.072Z)
[SKIP-BACKFILL] fellows.joined from agent-4f752e22c475 (ts: 2026-06-07T03:38:04.854735+00:00 < start: 2026-06-08T08:42:23.072Z)
[SKIP-BACKFILL] fellows.joined from agent-f69770251904 (ts: 2026-06-07T03:40:31.916639+00:00 < start: 2026-06-08T08:42:23.072Z)
[SKIP-BACKFILL] fellows.joined from agent-0bf8ef15d8be (ts: 2026-06-07T03:40:36.963530+00:00 < start: 2026-06-08T08:42:23.072Z)
[SKIP-BACKFILL] fellows.joined from agent-6f511416da3c (ts: 2026-06-07T03:40:44.005379+00:00 < start: 2026-06-08T08:42:23.072Z)
[SKIP-BACKFILL] fellows.joined from agent-29bbc3e464ca (ts: 2026-06-07T03:45:05.777989+00:00 < start: 2026-06-08T08:42:23.072Z)
[SKIP-BACKFILL] fellows.joined from agent-78d9c02b11ec (ts: 2026-06-07T03:45:47.815905+00:00 < start: 2026-06-08T08:42:23.072Z)
[SKIP-BACKFILL] fellows.joined from agent-cfcf5eb3dff9 (ts: 2026-06-07T03:45:52.853585+00:00 < start: 2026-06-08T08:42:23.072Z)
[SKIP-BACKFILL] fellows.joined from agent-0d3ae6786e9d (ts: 2026-06-07T03:46:00.058316+00:00 < start: 2026-06-08T08:42:23.072Z)
[SKIP-BACKFILL] fellows.joined from agent-5b4e579d93e0 (ts: 2026-06-07T04:07:18.257165+00:00 < start: 2026-06-08T08:42:23.072Z)
[SKIP-BACKFILL] fellows.joined from agent-a79a4d97e78c (ts: 2026-06-07T04:07:57.914185+00:00 < start: 2026-06-08T08:42:23.072Z)
[SKIP-BACKFILL] fellows.joined from agent-ca49e8a935ff (ts: 2026-06-07T04:08:02.924371+00:00 < start: 2026-06-08T08:42:23.072Z)
[SKIP-BACKFILL] fellows.joined from agent-21f4f5e4b290 (ts: 2026-06-07T04:08:09.932471+00:00 < start: 2026-06-08T08:42:23.072Z)
[SKIP-BACKFILL] fellows.joined from agent-a578ab1edc32 (ts: 2026-06-07T06:22:24.341249+00:00 < start: 2026-06-08T08:42:23.072Z)
[SKIP-BACKFILL] fellows.joined from agent-48d8326a335c (ts: 2026-06-07T06:22:28.453733+00:00 < start: 2026-06-08T08:42:23.072Z)
[SKIP-BACKFILL] fellows.joined from agent-3a26459081c0 (ts: 2026-06-07T06:22:35.531547+00:00 < start: 2026-06-08T08:42:23.072Z)
[SKIP-BACKFILL] fellows.joined from agent-82e367d8b2c4 (ts: 2026-06-07T08:37:56.692041+00:00 < start: 2026-06-08T08:42:23.072Z)
[SKIP-BACKFILL] fellows.joined from agent-5643a156f527 (ts: 2026-06-07T08:41:42.292176+00:00 < start: 2026-06-08T08:42:23.072Z)
[SKIP-BACKFILL] fellows.joined from agent-6de37597dde4 (ts: 2026-06-07T11:33:43.636095+00:00 < start: 2026-06-08T08:42:23.072Z)
[SKIP-BACKFILL] fellows.joined from agent-03a8f003ee02 (ts: 2026-06-07T11:40:05.520280+00:00 < start: 2026-06-08T08:42:23.072Z)
[SLACK-DRY-RUN] 🥳 agent-9319cf49e1af has entered the Hearthlands — 0 $EMBER
[SLACK-DRY-RUN] 🥳 agent-2229800cd23a has entered the Hearthlands — 0 $EMBER
[SLACK] fellows.joined → agent-9319cf49e1af
[SLACK] fellows.joined → agent-2229800cd23a
[ERROR] Stream error: unknown . Reconnecting in 6842ms (attempt 1)...
[CONNECT] attempt=2 last_event_id=tick-5191 next_backoff=6176ms
[OPEN] Stream connected. Listening for events... (pid=20620, last_event_id=tick-5191)
[READY] backfilled 30 events · live tail begins (ts: 2026-06-08T09:57:53.808468+00:00)
[SKIP-BACKFILL] fellows.joined from agent-5836101ce6a0 (ts: 2026-06-07T03:20:48.449908+00:00 < start: 2026-06-08T08:42:23.072Z)
[SKIP-BACKFILL] fellows.joined from agent-b265127eacef (ts: 2026-06-07T03:20:55.504373+00:00 < start: 2026-06-08T08:42:23.072Z)
[SKIP-BACKFILL] fellows.joined from agent-091ddc8fc217 (ts: 2026-06-07T03:28:26.508756+00:00 < start: 2026-06-08T08:42:23.072Z)
[SKIP-BACKFILL] fellows.joined from agent-38bdd62a0d80 (ts: 2026-06-07T03:30:08.785819+00:00 < start: 2026-06-08T08:42:23.072Z)
[SKIP-BACKFILL] fellows.joined from agent-96f3e5280484 (ts: 2026-06-07T03:30:13.714626+00:00 < start: 2026-06-08T08:42:23.072Z)
[SKIP-BACKFILL] fellows.joined from agent-551fb91395c9 (ts: 2026-06-07T03:30:20.892741+00:00 < start: 2026-06-08T08:42:23.072Z)
[SKIP-BACKFILL] fellows.joined from agent-0b9cdcac873f (ts: 2026-06-07T03:37:01.745042+00:00 < start: 2026-06-08T08:42:23.072Z)
[SKIP-BACKFILL] fellows.joined from agent-460f48b359fc (ts: 2026-06-07T03:37:01.993597+00:00 < start: 2026-06-08T08:42:23.072Z)
[SKIP-BACKFILL] fellows.joined from agent-7748d1432bf0 (ts: 2026-06-07T03:37:02.298331+00:00 < start: 2026-06-08T08:42:23.072Z)
[SKIP-BACKFILL] fellows.joined from agent-4f752e22c475 (ts: 2026-06-07T03:38:04.854735+00:00 < start: 2026-06-08T08:42:23.072Z)
[SKIP-BACKFILL] fellows.joined from agent-f69770251904 (ts: 2026-06-07T03:40:31.916639+00:00 < start: 2026-06-08T08:42:23.072Z)
[SKIP-BACKFILL] fellows.joined from agent-0bf8ef15d8be (ts: 2026-06-07T03:40:36.963530+00:00 < start: 2026-06-08T08:42:23.072Z)
[SKIP-BACKFILL] fellows.joined from agent-6f511416da3c (ts: 2026-06-07T03:40:44.005379+00:00 < start: 2026-06-08T08:42:23.072Z)
[SKIP-BACKFILL] fellows.joined from agent-29bbc3e464ca (ts: 2026-06-07T03:45:05.777989+00:00 < start: 2026-06-08T08:42:23.072Z)
[SKIP-BACKFILL] fellows.joined from agent-78d9c02b11ec (ts: 2026-06-07T03:45:47.815905+00:00 < start: 2026-06-08T08:42:23.072Z)
[SKIP-BACKFILL] fellows.joined from agent-cfcf5eb3dff9 (ts: 2026-06-07T03:45:52.853585+00:00 < start: 2026-06-08T08:42:23.072Z)
[SKIP-BACKFILL] fellows.joined from agent-0d3ae6786e9d (ts: 2026-06-07T03:46:00.058316+00:00 < start: 2026-06-08T08:42:23.072Z)
[SKIP-BACKFILL] fellows.joined from agent-5b4e579d93e0 (ts: 2026-06-07T04:07:18.257165+00:00 < start: 2026-06-08T08:42:23.072Z)
[SKIP-BACKFILL] fellows.joined from agent-a79a4d97e78c (ts: 2026-06-07T04:07:57.914185+00:00 < start: 2026-06-08T08:42:23.072Z)
[SKIP-BACKFILL] fellows.joined from agent-ca49e8a935ff (ts: 2026-06-07T04:08:02.924371+00:00 < start: 2026-06-08T08:42:23.072Z)
[SKIP-BACKFILL] fellows.joined from agent-21f4f5e4b290 (ts: 2026-06-07T04:08:09.932471+00:00 < start: 2026-06-08T08:42:23.072Z)
[SKIP-BACKFILL] fellows.joined from agent-a578ab1edc32 (ts: 2026-06-07T06:22:24.341249+00:00 < start: 2026-06-08T08:42:23.072Z)
[SKIP-BACKFILL] fellows.joined from agent-48d8326a335c (ts: 2026-06-07T06:22:28.453733+00:00 < start: 2026-06-08T08:42:23.072Z)
[SKIP-BACKFILL] fellows.joined from agent-3a26459081c0 (ts: 2026-06-07T06:22:35.531547+00:00 < start: 2026-06-08T08:42:23.072Z)
[SKIP-BACKFILL] fellows.joined from agent-82e367d8b2c4 (ts: 2026-06-07T08:37:56.692041+00:00 < start: 2026-06-08T08:42:23.072Z)
[SKIP-BACKFILL] fellows.joined from agent-5643a156f527 (ts: 2026-06-07T08:41:42.292176+00:00 < start: 2026-06-08T08:42:23.072Z)
[SKIP-BACKFILL] fellows.joined from agent-6de37597dde4 (ts: 2026-06-07T11:33:43.636095+00:00 < start: 2026-06-08T08:42:23.072Z)
[SKIP-BACKFILL] fellows.joined from agent-03a8f003ee02 (ts: 2026-06-07T11:40:05.520280+00:00 < start: 2026-06-08T08:42:23.072Z)
[SLACK-DRY-RUN] 🥳 agent-9319cf49e1af has entered the Hearthlands — 0 $EMBER
[SLACK-DRY-RUN] 🥳 agent-2229800cd23a has entered the Hearthlands — 0 $EMBER
[SLACK] fellows.joined → agent-9319cf49e1af
[SLACK] fellows.joined → agent-2229800cd23a
[ERROR] Stream error: unknown . Reconnecting in 6176ms (attempt 1)...
[CONNECT] attempt=2 last_event_id=tick-5193 next_backoff=6788ms
[OPEN] Stream connected. Listening for events... (pid=20620, last_event_id=tick-5193)
[READY] backfilled 30 events · live tail begins (ts: 2026-06-08T09:59:00.147178+00:00)
[SKIP-BACKFILL] fellows.joined from agent-5836101ce6a0 (ts: 2026-06-07T03:20:48.449908+00:00 < start: 2026-06-08T08:42:23.072Z)
[SKIP-BACKFILL] fellows.joined from agent-b265127eacef (ts: 2026-06-07T03:20:55.504373+00:00 < start: 2026-06-08T08:42:23.072Z)
[SKIP-BACKFILL] fellows.joined from agent-091ddc8fc217 (ts: 2026-06-07T03:28:26.508756+00:00 < start: 2026-06-08T08:42:23.072Z)
[SKIP-BACKFILL] fellows.joined from agent-38bdd62a0d80 (ts: 2026-06-07T03:30:08.785819+00:00 < start: 2026-06-08T08:42:23.072Z)
[SKIP-BACKFILL] fellows.joined from agent-96f3e5280484 (ts: 2026-06-07T03:30:13.714626+00:00 < start: 2026-06-08T08:42:23.072Z)
[SKIP-BACKFILL] fellows.joined from agent-551fb91395c9 (ts: 2026-06-07T03:30:20.892741+00:00 < start: 2026-06-08T08:42:23.072Z)
[SKIP-BACKFILL] fellows.joined from agent-0b9cdcac873f (ts: 2026-06-07T03:37:01.745042+00:00 < start: 2026-06-08T08:42:23.072Z)
[SKIP-BACKFILL] fellows.joined from agent-460f48b359fc (ts: 2026-06-07T03:37:01.993597+00:00 < start: 2026-06-08T08:42:23.072Z)
[SKIP-BACKFILL] fellows.joined from agent-7748d1432bf0 (ts: 2026-06-07T03:37:02.298331+00:00 < start: 2026-06-08T08:42:23.072Z)
[SKIP-BACKFILL] fellows.joined from agent-4f752e22c475 (ts: 2026-06-07T03:38:04.854735+00:00 < start: 2026-06-08T08:42:23.072Z)
[SKIP-BACKFILL] fellows.joined from agent-f69770251904 (ts: 2026-06-07T03:40:31.916639+00:00 < start: 2026-06-08T08:42:23.072Z)
[SKIP-BACKFILL] fellows.joined from agent-0bf8ef15d8be (ts: 2026-06-07T03:40:36.963530+00:00 < start: 2026-06-08T08:42:23.072Z)
[SKIP-BACKFILL] fellows.joined from agent-6f511416da3c (ts: 2026-06-07T03:40:44.005379+00:00 < start: 2026-06-08T08:42:23.072Z)
[SKIP-BACKFILL] fellows.joined from agent-29bbc3e464ca (ts: 2026-06-07T03:45:05.777989+00:00 < start: 2026-06-08T08:42:23.072Z)
[SKIP-BACKFILL] fellows.joined from agent-78d9c02b11ec (ts: 2026-06-07T03:45:47.815905+00:00 < start: 2026-06-08T08:42:23.072Z)
[SKIP-BACKFILL] fellows.joined from agent-cfcf5eb3dff9 (ts: 2026-06-07T03:45:52.853585+00:00 < start: 2026-06-08T08:42:23.072Z)
[SKIP-BACKFILL] fellows.joined from agent-0d3ae6786e9d (ts: 2026-06-07T03:46:00.058316+00:00 < start: 2026-06-08T08:42:23.072Z)
[SKIP-BACKFILL] fellows.joined from agent-5b4e579d93e0 (ts: 2026-06-07T04:07:18.257165+00:00 < start: 2026-06-08T08:42:23.072Z)
[SKIP-BACKFILL] fellows.joined from agent-a79a4d97e78c (ts: 2026-06-07T04:07:57.914185+00:00 < start: 2026-06-08T08:42:23.072Z)
[SKIP-BACKFILL] fellows.joined from agent-ca49e8a935ff (ts: 2026-06-07T04:08:02.924371+00:00 < start: 2026-06-08T08:42:23.072Z)
[SKIP-BACKFILL] fellows.joined from agent-21f4f5e4b290 (ts: 2026-06-07T04:08:09.932471+00:00 < start: 2026-06-08T08:42:23.072Z)
[SKIP-BACKFILL] fellows.joined from agent-a578ab1edc32 (ts: 2026-06-07T06:22:24.341249+00:00 < start: 2026-06-08T08:42:23.072Z)
[SKIP-BACKFILL] fellows.joined from agent-48d8326a335c (ts: 2026-06-07T06:22:28.453733+00:00 < start: 2026-06-08T08:42:23.072Z)
[SKIP-BACKFILL] fellows.joined from agent-3a26459081c0 (ts: 2026-06-07T06:22:35.531547+00:00 < start: 2026-06-08T08:42:23.072Z)
[SKIP-BACKFILL] fellows.joined from agent-82e367d8b2c4 (ts: 2026-06-07T08:37:56.692041+00:00 < start: 2026-06-08T08:42:23.072Z)
[SKIP-BACKFILL] fellows.joined from agent-5643a156f527 (ts: 2026-06-07T08:41:42.292176+00:00 < start: 2026-06-08T08:42:23.072Z)
[SKIP-BACKFILL] fellows.joined from agent-6de37597dde4 (ts: 2026-06-07T11:33:43.636095+00:00 < start: 2026-06-08T08:42:23.072Z)
[SKIP-BACKFILL] fellows.joined from agent-03a8f003ee02 (ts: 2026-06-07T11:40:05.520280+00:00 < start: 2026-06-08T08:42:23.072Z)
[SLACK-DRY-RUN] 🥳 agent-9319cf49e1af has entered the Hearthlands — 0 $EMBER
[SLACK-DRY-RUN] 🥳 agent-2229800cd23a has entered the Hearthlands — 0 $EMBER
[SLACK] fellows.joined → agent-9319cf49e1af
[SLACK] fellows.joined → agent-2229800cd23a
[ERROR] Stream error: unknown . Reconnecting in 6788ms (attempt 1)...
[CONNECT] attempt=2 last_event_id=tick-5195 next_backoff=6293ms
[OPEN] Stream connected. Listening for events... (pid=20620, last_event_id=tick-5195)
[READY] backfilled 30 events · live tail begins (ts: 2026-06-08T10:00:07.107198+00:00)
[SKIP-BACKFILL] fellows.joined from agent-5836101ce6a0 (ts: 2026-06-07T03:20:48.449908+00:00 < start: 2026-06-08T08:42:23.072Z)
[SKIP-BACKFILL] fellows.joined from agent-b265127eacef (ts: 2026-06-07T03:20:55.504373+00:00 < start: 2026-06-08T08:42:23.072Z)
[SKIP-BACKFILL] fellows.joined from agent-091ddc8fc217 (ts: 2026-06-07T03:28:26.508756+00:00 < start: 2026-06-08T08:42:23.072Z)
[SKIP-BACKFILL] fellows.joined from agent-38bdd62a0d80 (ts: 2026-06-07T03:30:08.785819+00:00 < start: 2026-06-08T08:42:23.072Z)
[SKIP-BACKFILL] fellows.joined from agent-96f3e5280484 (ts: 2026-06-07T03:30:13.714626+00:00 < start: 2026-06-08T08:42:23.072Z)
[SKIP-BACKFILL] fellows.joined from agent-551fb91395c9 (ts: 2026-06-07T03:30:20.892741+00:00 < start: 2026-06-08T08:42:23.072Z)
[SKIP-BACKFILL] fellows.joined from agent-0b9cdcac873f (ts: 2026-06-07T03:37:01.745042+00:00 < start: 2026-06-08T08:42:23.072Z)
[SKIP-BACKFILL] fellows.joined from agent-460f48b359fc (ts: 2026-06-07T03:37:01.993597+00:00 < start: 2026-06-08T08:42:23.072Z)
[SKIP-BACKFILL] fellows.joined from agent-7748d1432bf0 (ts: 2026-06-07T03:37:02.298331+00:00 < start: 2026-06-08T08:42:23.072Z)
[SKIP-BACKFILL] fellows.joined from agent-4f752e22c475 (ts: 2026-06-07T03:38:04.854735+00:00 < start: 2026-06-08T08:42:23.072Z)
[SKIP-BACKFILL] fellows.joined from agent-f69770251904 (ts: 2026-06-07T03:40:31.916639+00:00 < start: 2026-06-08T08:42:23.072Z)
[SKIP-BACKFILL] fellows.joined from agent-0bf8ef15d8be (ts: 2026-06-07T03:40:36.963530+00:00 < start: 2026-06-08T08:42:23.072Z)
[SKIP-BACKFILL] fellows.joined from agent-6f511416da3c (ts: 2026-06-07T03:40:44.005379+00:00 < start: 2026-06-08T08:42:23.072Z)
[SKIP-BACKFILL] fellows.joined from agent-29bbc3e464ca (ts: 2026-06-07T03:45:05.777989+00:00 < start: 2026-06-08T08:42:23.072Z)
[SKIP-BACKFILL] fellows.joined from agent-78d9c02b11ec (ts: 2026-06-07T03:45:47.815905+00:00 < start: 2026-06-08T08:42:23.072Z)
[SKIP-BACKFILL] fellows.joined from agent-cfcf5eb3dff9 (ts: 2026-06-07T03:45:52.853585+00:00 < start: 2026-06-08T08:42:23.072Z)
[SKIP-BACKFILL] fellows.joined from agent-0d3ae6786e9d (ts: 2026-06-07T03:46:00.058316+00:00 < start: 2026-06-08T08:42:23.072Z)
[SKIP-BACKFILL] fellows.joined from agent-5b4e579d93e0 (ts: 2026-06-07T04:07:18.257165+00:00 < start: 2026-06-08T08:42:23.072Z)
[SKIP-BACKFILL] fellows.joined from agent-a79a4d97e78c (ts: 2026-06-07T04:07:57.914185+00:00 < start: 2026-06-08T08:42:23.072Z)
[SKIP-BACKFILL] fellows.joined from agent-ca49e8a935ff (ts: 2026-06-07T04:08:02.924371+00:00 < start: 2026-06-08T08:42:23.072Z)
[SKIP-BACKFILL] fellows.joined from agent-21f4f5e4b290 (ts: 2026-06-07T04:08:09.932471+00:00 < start: 2026-06-08T08:42:23.072Z)
[SKIP-BACKFILL] fellows.joined from agent-a578ab1edc32 (ts: 2026-06-07T06:22:24.341249+00:00 < start: 2026-06-08T08:42:23.072Z)
[SKIP-BACKFILL] fellows.joined from agent-48d8326a335c (ts: 2026-06-07T06:22:28.453733+00:00 < start: 2026-06-08T08:42:23.072Z)
[SKIP-BACKFILL] fellows.joined from agent-3a26459081c0 (ts: 2026-06-07T06:22:35.531547+00:00 < start: 2026-06-08T08:42:23.072Z)
[SKIP-BACKFILL] fellows.joined from agent-82e367d8b2c4 (ts: 2026-06-07T08:37:56.692041+00:00 < start: 2026-06-08T08:42:23.072Z)
[SKIP-BACKFILL] fellows.joined from agent-5643a156f527 (ts: 2026-06-07T08:41:42.292176+00:00 < start: 2026-06-08T08:42:23.072Z)
[SKIP-BACKFILL] fellows.joined from agent-6de37597dde4 (ts: 2026-06-07T11:33:43.636095+00:00 < start: 2026-06-08T08:42:23.072Z)
[SKIP-BACKFILL] fellows.joined from agent-03a8f003ee02 (ts: 2026-06-07T11:40:05.520280+00:00 < start: 2026-06-08T08:42:23.072Z)
[SLACK-DRY-RUN] 🥳 agent-9319cf49e1af has entered the Hearthlands — 0 $EMBER
[SLACK-DRY-RUN] 🥳 agent-2229800cd23a has entered the Hearthlands — 0 $EMBER
[SLACK] fellows.joined → agent-9319cf49e1af
[SLACK] fellows.joined → agent-2229800cd23a
[ERROR] Stream error: unknown . Reconnecting in 6293ms (attempt 1)...
[CONNECT] attempt=2 last_event_id=2026-06-08T09:30:44.800635+00:00 next_backoff=6380ms
[ERROR] Stream error: Non-200 status code (502) . Reconnecting in 6380ms (attempt 2)...
[CONNECT] attempt=3 last_event_id=2026-06-08T09:30:44.800635+00:00 next_backoff=12821ms
[ERROR] Stream error: Non-200 status code (502) . Reconnecting in 12821ms (attempt 3)...
[CONNECT] attempt=4 last_event_id=2026-06-08T09:30:44.800635+00:00 next_backoff=24215ms
[ERROR] Stream error: Non-200 status code (502) . Reconnecting in 24215ms (attempt 4)...
[CONNECT] attempt=5 last_event_id=2026-06-08T09:30:44.800635+00:00 next_backoff=48908ms
[ERROR] Stream error: Non-200 status code (502) . Reconnecting in 48908ms (attempt 5)...
[CONNECT] attempt=6 last_event_id=2026-06-08T09:30:44.800635+00:00 next_backoff=60817ms
[ERROR] Stream error: Non-200 status code (404) . Reconnecting in 60817ms (attempt 6)...
[CONNECT] attempt=7 last_event_id=2026-06-08T09:30:44.800635+00:00 next_backoff=60444ms
[ERROR] Stream error: Non-200 status code (404) . Reconnecting in 60444ms (attempt 7)...
[CONNECT] attempt=8 last_event_id=2026-06-08T09:30:44.800635+00:00 next_backoff=60590ms
[ERROR] Stream error: Non-200 status code (404) . Reconnecting in 60590ms (attempt 8)...
[CONNECT] attempt=9 last_event_id=2026-06-08T09:30:44.800635+00:00 next_backoff=60876ms
[ERROR] Stream error: Non-200 status code (404) . Reconnecting in 60876ms (attempt 9)...
[CONNECT] attempt=10 last_event_id=2026-06-08T09:30:44.800635+00:00 next_backoff=60578ms
[ERROR] Stream error: Non-200 status code (404) . Reconnecting in 60578ms (attempt 10)...
[CONNECT] attempt=11 last_event_id=2026-06-08T09:30:44.800635+00:00 next_backoff=60598ms
[ERROR] Stream error: Non-200 status code (404) . Reconnecting in 60598ms (attempt 11)...
[CONNECT] attempt=12 last_event_id=2026-06-08T09:30:44.800635+00:00 next_backoff=60198ms
[ERROR] Stream error: Non-200 status code (404) . Reconnecting in 60198ms (attempt 12)...
[CONNECT] attempt=13 last_event_id=2026-06-08T09:30:44.800635+00:00 next_backoff=60873ms
[ERROR] Stream error: Non-200 status code (404) . Reconnecting in 60873ms (attempt 13)...
[CONNECT] attempt=14 last_event_id=2026-06-08T09:30:44.800635+00:00 next_backoff=60030ms
[ERROR] Stream error: Non-200 status code (404) . Reconnecting in 60030ms (attempt 14)...
[CONNECT] attempt=15 last_event_id=2026-06-08T09:30:44.800635+00:00 next_backoff=60214ms
[ERROR] Stream error: Non-200 status code (404) . Reconnecting in 60214ms (attempt 15)...
[CONNECT] attempt=16 last_event_id=2026-06-08T09:30:44.800635+00:00 next_backoff=60400ms
[ERROR] Stream error: Non-200 status code (404) . Reconnecting in 60400ms (attempt 16)...
[CONNECT] attempt=17 last_event_id=2026-06-08T09:30:44.800635+00:00 next_backoff=60816ms
[ERROR] Stream error: Non-200 status code (404) . Reconnecting in 60816ms (attempt 17)...
[CONNECT] attempt=18 last_event_id=2026-06-08T09:30:44.800635+00:00 next_backoff=60469ms
[ERROR] Stream error: Non-200 status code (404) . Reconnecting in 60469ms (attempt 18)...
[CONNECT] attempt=19 last_event_id=2026-06-08T09:30:44.800635+00:00 next_backoff=60096ms
[ERROR] Stream error: Non-200 status code (404) . Reconnecting in 60096ms (attempt 19)...
[CONNECT] attempt=20 last_event_id=2026-06-08T09:30:44.800635+00:00 next_backoff=60352ms
[ERROR] Stream error: Non-200 status code (404) . Reconnecting in 60352ms (attempt 20)...
[CONNECT] attempt=21 last_event_id=2026-06-08T09:30:44.800635+00:00 next_backoff=60986ms
[ERROR] Stream error: Non-200 status code (404) . Reconnecting in 60986ms (attempt 21)...
[CONNECT] attempt=22 last_event_id=2026-06-08T09:30:44.800635+00:00 next_backoff=60773ms
[ERROR] Stream error: Non-200 status code (404) . Reconnecting in 60773ms (attempt 22)...
[CONNECT] attempt=23 last_event_id=2026-06-08T09:30:44.800635+00:00 next_backoff=60863ms
[ERROR] Stream error: Non-200 status code (404) . Reconnecting in 60863ms (attempt 23)...
[CONNECT] attempt=24 last_event_id=2026-06-08T09:30:44.800635+00:00 next_backoff=60466ms
[ERROR] Stream error: Non-200 status code (404) . Reconnecting in 60466ms (attempt 24)...
[CONNECT] attempt=25 last_event_id=2026-06-08T09:30:44.800635+00:00 next_backoff=60530ms
[ERROR] Stream error: Non-200 status code (404) . Reconnecting in 60530ms (attempt 25)...
[CONNECT] attempt=26 last_event_id=2026-06-08T09:30:44.800635+00:00 next_backoff=60655ms
[ERROR] Stream error: Non-200 status code (404) . Reconnecting in 60655ms (attempt 26)...
[CONNECT] attempt=27 last_event_id=2026-06-08T09:30:44.800635+00:00 next_backoff=60643ms
[ERROR] Stream error: Non-200 status code (404) . Reconnecting in 60643ms (attempt 27)...
[CONNECT] attempt=28 last_event_id=2026-06-08T09:30:44.800635+00:00 next_backoff=60679ms
[ERROR] Stream error: Non-200 status code (404) . Reconnecting in 60679ms (attempt 28)...
[CONNECT] attempt=29 last_event_id=2026-06-08T09:30:44.800635+00:00 next_backoff=60591ms
[ERROR] Stream error: Non-200 status code (404) . Reconnecting in 60591ms (attempt 29)...
[CONNECT] attempt=30 last_event_id=2026-06-08T09:30:44.800635+00:00 next_backoff=60436ms
[ERROR] Stream error: Non-200 status code (404) . Reconnecting in 60436ms (attempt 30)...
[CONNECT] attempt=31 last_event_id=2026-06-08T09:30:44.800635+00:00 next_backoff=60969ms
[ERROR] Stream error: Non-200 status code (404) . Reconnecting in 60969ms (attempt 31)...
[CONNECT] attempt=32 last_event_id=2026-06-08T09:30:44.800635+00:00 next_backoff=60030ms
[ERROR] Stream error: Non-200 status code (404) . Reconnecting in 60030ms (attempt 32)...
[CONNECT] attempt=33 last_event_id=2026-06-08T09:30:44.800635+00:00 next_backoff=60577ms
[ERROR] Stream error: Non-200 status code (404) . Reconnecting in 60577ms (attempt 33)...
[CONNECT] attempt=34 last_event_id=2026-06-08T09:30:44.800635+00:00 next_backoff=60412ms
[ERROR] Stream error: Non-200 status code (404) . Reconnecting in 60412ms (attempt 34)...
[CONNECT] attempt=35 last_event_id=2026-06-08T09:30:44.800635+00:00 next_backoff=60297ms
[ERROR] Stream error: Non-200 status code (404) . Reconnecting in 60297ms (attempt 35)...
[CONNECT] attempt=36 last_event_id=2026-06-08T09:30:44.800635+00:00 next_backoff=60129ms
[ERROR] Stream error: Non-200 status code (404) . Reconnecting in 60129ms (attempt 36)...
[CONNECT] attempt=37 last_event_id=2026-06-08T09:30:44.800635+00:00 next_backoff=60888ms
[ERROR] Stream error: Non-200 status code (404) . Reconnecting in 60888ms (attempt 37)...
[CONNECT] attempt=38 last_event_id=2026-06-08T09:30:44.800635+00:00 next_backoff=60029ms
[ERROR] Stream error: Non-200 status code (404) . Reconnecting in 60029ms (attempt 38)...
[CONNECT] attempt=39 last_event_id=2026-06-08T09:30:44.800635+00:00 next_backoff=60873ms
[ERROR] Stream error: Non-200 status code (404) . Reconnecting in 60873ms (attempt 39)...
[CONNECT] attempt=40 last_event_id=2026-06-08T09:30:44.800635+00:00 next_backoff=60387ms
[ERROR] Stream error: Non-200 status code (404) . Reconnecting in 60387ms (attempt 40)...
[CONNECT] attempt=41 last_event_id=2026-06-08T09:30:44.800635+00:00 next_backoff=60855ms
[ERROR] Stream error: Non-200 status code (404) . Reconnecting in 60855ms (attempt 41)...
[CONNECT] attempt=42 last_event_id=2026-06-08T09:30:44.800635+00:00 next_backoff=60790ms
[ERROR] Stream error: Non-200 status code (404) . Reconnecting in 60790ms (attempt 42)...
[CONNECT] attempt=43 last_event_id=2026-06-08T09:30:44.800635+00:00 next_backoff=60450ms
[ERROR] Stream error: Non-200 status code (404) . Reconnecting in 60450ms (attempt 43)...
[CONNECT] attempt=44 last_event_id=2026-06-08T09:30:44.800635+00:00 next_backoff=60055ms
[ERROR] Stream error: Non-200 status code (404) . Reconnecting in 60055ms (attempt 44)...
[CONNECT] attempt=45 last_event_id=2026-06-08T09:30:44.800635+00:00 next_backoff=60160ms
[ERROR] Stream error: Non-200 status code (404) . Reconnecting in 60160ms (attempt 45)...
[CONNECT] attempt=46 last_event_id=2026-06-08T09:30:44.800635+00:00 next_backoff=60556ms
[ERROR] Stream error: Non-200 status code (404) . Reconnecting in 60556ms (attempt 46)...
[CONNECT] attempt=47 last_event_id=2026-06-08T09:30:44.800635+00:00 next_backoff=60441ms
[ERROR] Stream error: Non-200 status code (404) . Reconnecting in 60441ms (attempt 47)...
[CONNECT] attempt=48 last_event_id=2026-06-08T09:30:44.800635+00:00 next_backoff=60955ms
[ERROR] Stream error: Non-200 status code (404) . Reconnecting in 60955ms (attempt 48)...
[CONNECT] attempt=49 last_event_id=2026-06-08T09:30:44.800635+00:00 next_backoff=60276ms
[ERROR] Stream error: Non-200 status code (404) . Reconnecting in 60276ms (attempt 49)...
[CONNECT] attempt=50 last_event_id=2026-06-08T09:30:44.800635+00:00 next_backoff=60318ms
[ERROR] Stream error: Non-200 status code (404) . Reconnecting in 60318ms (attempt 50)...
[CONNECT] attempt=51 last_event_id=2026-06-08T09:30:44.800635+00:00 next_backoff=60538ms
[ERROR] Stream error: Non-200 status code (404) . Reconnecting in 60538ms (attempt 51)...
[CONNECT] attempt=52 last_event_id=2026-06-08T09:30:44.800635+00:00 next_backoff=60374ms
[ERROR] Stream error: Non-200 status code (404) . Reconnecting in 60374ms (attempt 52)...
